model,src_lang,tgt_lang,direction,n,accuracy_at_1,recall_at_5,recall_at_10,mrr,mean_gold_cosine,std_gold_cosine,mean_random_cosine,std_random_cosine,cosine_gap,sensitivity_midpoint,specificity_midpoint,balanced_accuracy_midpoint,model_baseline,n_baseline,accuracy_at_1_baseline,recall_at_5_baseline,recall_at_10_baseline,mrr_baseline,mean_gold_cosine_baseline,std_gold_cosine_baseline,mean_random_cosine_baseline,std_random_cosine_baseline,cosine_gap_baseline,sensitivity_midpoint_baseline,specificity_midpoint_baseline,balanced_accuracy_midpoint_baseline,delta_accuracy_at_1,delta_recall_at_5,delta_recall_at_10,delta_mrr,delta_mean_gold_cosine,delta_mean_random_cosine,delta_cosine_gap,delta_sensitivity_midpoint,delta_specificity_midpoint,delta_balanced_accuracy_midpoint
all_462_final_model,asm,ben,asm->ben,1503,0.9075182967398536,0.9700598802395209,0.9753825681969395,0.9351136067264855,0.8768749833106995,0.08593381941318512,0.3731862008571625,0.14917558431625366,0.503688782453537,0.980705256154358,0.9507651363938789,0.9657351962741185,labse_baseline,1503,0.9301397205588823,0.9813705921490352,0.9893546240851631,0.9523474533422677,0.8066039085388184,0.11492498219013214,0.3058384656906128,0.12717889249324799,0.5007654428482056,0.9680638722554891,0.9673985362608117,0.9677312042581504,-0.022621423819028652,-0.01131071190951427,-0.013972055888223589,-0.0172338466157822,0.0702710747718811,0.06734773516654968,0.002923339605331421,0.01264138389886893,-0.016633399866932796,-0.001996007984031878
all_462_final_model,asm,brx,asm->brx,1503,0.3166999334664005,0.46773120425815035,0.552228875582169,0.39605448964957574,0.6728198528289795,0.12203021347522736,0.3406113088130951,0.16304725408554077,0.3322085440158844,0.9068529607451763,0.8396540252827678,0.873253493013972,labse_baseline,1503,0.1596806387225549,0.281437125748503,0.3393213572854291,0.2236504002564663,0.2670396566390991,0.16642242670059204,0.09377894550561905,0.10208752006292343,0.17326071113348007,0.6533599467731205,0.8243512974051896,0.7388556220891551,0.15701929474384563,0.18629407850964735,0.21290751829673993,0.17240408939310944,0.40578019618988037,0.24683236330747604,0.15894783288240433,0.2534930139720558,0.015302727877578137,0.13439787092481692
all_462_final_model,asm,doi,asm->doi,1503,0.7351962741184298,0.8689288090485695,0.9068529607451763,0.7981347039553097,0.7916811108589172,0.11045844107866287,0.36111560463905334,0.1549423485994339,0.4305655062198639,0.9507651363938789,0.9115103127079175,0.9311377245508983,labse_baseline,1503,0.6793080505655356,0.8270126413838988,0.872255489021956,0.746926277314932,0.5947585105895996,0.17456892132759094,0.19779863953590393,0.13028262555599213,0.3969598710536957,0.8569527611443779,0.9261477045908184,0.8915502328675982,0.055888223552894245,0.041916167664670656,0.03459747172322025,0.051208426640377724,0.19692260026931763,0.16331696510314941,0.03360563516616821,0.09381237524950103,-0.014637391882900919,0.03958749168330011
all_462_final_model,asm,guj,asm->guj,1503,0.9075182967398536,0.959414504324684,0.9780439121756487,0.9331122776226785,0.8700881004333496,0.08902993053197861,0.37344253063201904,0.1500672698020935,0.49664556980133057,0.9767132401862941,0.9454424484364604,0.9610778443113772,labse_baseline,1503,0.9354624085163007,0.9773785761809713,0.9853626081170991,0.9552273938366096,0.7863742113113403,0.11741742491722107,0.30947479605674744,0.1244373768568039,0.4768994152545929,0.957418496340652,0.9640718562874252,0.9607451763140387,-0.027944111776447067,-0.017964071856287345,-0.007318695941450404,-0.02211511621393114,0.08371388912200928,0.0639677345752716,0.01974615454673767,0.019294743845642115,-0.018629407850964785,0.0003326679973385538
all_462_final_model,asm,hin,asm->hin,1503,0.9188290086493679,0.9654025282767797,0.978709248170326,0.9420748904162305,0.8667749762535095,0.08674132078886032,0.3723765015602112,0.14879021048545837,0.49439847469329834,0.980705256154358,0.9427811044577512,0.9617431803060545,labse_baseline,1503,0.927478376580173,0.9773785761809713,0.9873586161011311,0.9513179936948887,0.771601140499115,0.12004456669092178,0.31528693437576294,0.12257623672485352,0.45631420612335205,0.9580838323353293,0.9600798403193613,0.9590818363273453,-0.008649367930805063,-0.0119760479041916,-0.008649367930805063,-0.009243103278658182,0.09517383575439453,0.05708956718444824,0.03808426856994629,0.022621423819028652,-0.017298735861610126,0.0026613439787092075
all_462_final_model,asm,kan,asm->kan,1503,0.810379241516966,0.9088489687292083,0.9341317365269461,0.8558961349406864,0.8204458355903625,0.10843566805124283,0.3689155578613281,0.15132175385951996,0.4515302777290344,0.9600798403193613,0.927478376580173,0.9437791084497671,labse_baseline,1503,0.8369926813040586,0.9281437125748503,0.9474384564204924,0.8780466190236489,0.717513382434845,0.1458239108324051,0.26694637537002563,0.13297289609909058,0.45056700706481934,0.9281437125748503,0.9347970725216235,0.9314703925482368,-0.02661343978709252,-0.019294743845642004,-0.01330671989354626,-0.022150484082962496,0.10293245315551758,0.10196918249130249,0.0009632706642150879,0.031936127744511045,-0.007318695941450515,0.012308715901530265
all_462_final_model,asm,kas,asm->kas,1503,0.4424484364604125,0.605455755156354,0.6686626746506986,0.5188547277806606,0.7055119872093201,0.1250280886888504,0.35037463903427124,0.16187691688537598,0.35513734817504883,0.9115103127079175,0.8562874251497006,0.883898868928809,labse_baseline,1503,0.36127744510978044,0.5249500998003992,0.58416500332668,0.4401006499815765,0.394939124584198,0.1926521360874176,0.11804089695215225,0.122803695499897,0.27689822763204575,0.7571523619427811,0.8609447771124418,0.8090485695276115,0.08117099135063205,0.08050565535595477,0.08449767132401864,0.07875407779908405,0.31057286262512207,0.232333742082119,0.07823912054300308,0.15435795076513636,-0.004657351962741196,0.07485029940119747
all_462_final_model,asm,gom,asm->gom,1503,0.7072521623419827,0.8436460412508316,0.8888888888888888,0.7699644981255476,0.7788488864898682,0.11246522516012192,0.35748937726020813,0.154100701212883,0.42135950922966003,0.9500998003992016,0.9008649367930806,0.9254823685961411,labse_baseline,1503,0.6606786427145709,0.7977378576180971,0.8383233532934131,0.7239943344497912,0.5854130983352661,0.17686030268669128,0.18552549183368683,0.13793718814849854,0.3998876065015793,0.8602794411177644,0.9108449767132402,0.8855622089155023,0.04657351962741185,0.04590818363273452,0.05056553559547572,0.04597016367575635,0.19343578815460205,0.1719638854265213,0.02147190272808075,0.08982035928143717,-0.009980039920159611,0.03992015968063878
all_462_final_model,asm,mai,asm->mai,1503,0.780439121756487,0.8875582168995343,0.9155023286759814,0.8308005646708813,0.8032298684120178,0.10751720517873764,0.367053747177124,0.1551147997379303,0.4361761212348938,0.959414504324684,0.906187624750499,0.9328010645375915,labse_baseline,1503,0.7744510978043913,0.8809048569527611,0.916833000665336,0.8266817420696215,0.6493164300918579,0.15363113582134247,0.23073138296604156,0.13317623734474182,0.41858504712581635,0.8995342648037259,0.9194943446440452,0.9095143047238856,0.0059880239520957446,0.006653359946773185,-0.0013306719893546592,0.004118822601259731,0.1539134383201599,0.13632236421108246,0.017591074109077454,0.05988023952095811,-0.01330671989354626,0.02328675981370587
all_462_final_model,asm,mal,asm->mal,1503,0.850964737192282,0.9374584165003327,0.9560878243512974,0.8901085328771704,0.8389449715614319,0.09463675320148468,0.3694615066051483,0.15078678727149963,0.46948346495628357,0.9720558882235529,0.936127744510978,0.9540918163672655,labse_baseline,1503,0.8795741849634066,0.9634065202927479,0.9747172322022621,0.9164886999694676,0.7580925226211548,0.12429803609848022,0.2850751578807831,0.12683308124542236,0.4730173647403717,0.9500998003992016,0.9587491683300067,0.9544244843646041,-0.028609447771124508,-0.02594810379241519,-0.018629407850964785,-0.02638016709229718,0.0808524489402771,0.08438634872436523,-0.0035338997840881348,0.021956087824351322,-0.022621423819028652,-0.0003326679973386648
all_462_final_model,asm,mni,asm->mni,1503,0.039254823685961414,0.14238190286094476,0.19494344644045242,0.11491430728998116,0.600725531578064,0.12221080809831619,0.352583646774292,0.1738826334476471,0.24814188480377197,0.850964737192282,0.7618097139055223,0.8063872255489022,labse_baseline,1503,0.00998003992015968,0.044577511643379905,0.06187624750499002,0.03619687899187262,0.10655361413955688,0.14065279066562653,0.034150052815675735,0.09069199115037918,0.07240356132388115,0.5069860279441117,0.7278775781769794,0.6174318030605456,0.029274783765801733,0.09780439121756486,0.1330671989354624,0.07871742829810854,0.4941719174385071,0.31843359395861626,0.17573832347989082,0.3439787092481703,0.03393213572854292,0.18895542248835662
all_462_final_model,asm,mar,asm->mar,1503,0.9108449767132402,0.9627411842980705,0.9747172322022621,0.9346754832311601,0.8661715984344482,0.089875228703022,0.3731177747249603,0.14849033951759338,0.4930538237094879,0.978709248170326,0.9447771124417831,0.9617431803060545,labse_baseline,1503,0.9221556886227545,0.9747172322022621,0.9833666001330672,0.9448569468903149,0.7880178093910217,0.1193912997841835,0.30534854531288147,0.1238555759191513,0.48266926407814026,0.9587491683300067,0.9667332002661344,0.9627411842980705,-0.011310711909514382,-0.0119760479041916,-0.008649367930805063,-0.010181463659154733,0.07815378904342651,0.06776922941207886,0.010384559631347656,0.019960079840319334,-0.021956087824351322,-0.0009980039920159944
all_462_final_model,asm,npi,asm->npi,1503,0.9194943446440452,0.9680638722554891,0.9827012641383899,0.9430538773021548,0.8761225938796997,0.08673859387636185,0.37300971150398254,0.1478591114282608,0.5031128823757172,0.9813705921490352,0.9527611443779108,0.967065868263473,labse_baseline,1503,0.9334664005322688,0.9820359281437125,0.9893546240851631,0.9548270255620829,0.8003742098808289,0.11729717999696732,0.30405616760253906,0.12455829977989197,0.4963180422782898,0.9620758483033932,0.9647371922821024,0.9634065202927478,-0.013972055888223589,-0.013972055888223478,-0.006653359946773185,-0.011773148259928035,0.07574838399887085,0.06895354390144348,0.006794840097427368,0.019294743845642004,-0.0119760479041916,0.003659347970725202
all_462_final_model,asm,ory,asm->ory,1503,0.9055222887558216,0.9667332002661344,0.978709248170326,0.9336434501412119,0.8701118230819702,0.08461928367614746,0.3685271739959717,0.14936137199401855,0.5015846490859985,0.9846972721224219,0.9520958083832335,0.9683965402528276,labse_baseline,1503,0.9281437125748503,0.9780439121756487,0.9860279441117764,0.9509136649357383,0.7933717370033264,0.1159256100654602,0.288103848695755,0.12566734850406647,0.5052678883075714,0.9680638722554891,0.9654025282767797,0.9667332002661344,-0.022621423819028652,-0.01131071190951427,-0.007318695941450404,-0.017270214794526395,0.0767400860786438,0.08042332530021667,-0.003683239221572876,0.016633399866932796,-0.01330671989354626,0.001663339986693213
all_462_final_model,asm,pan,asm->pan,1503,0.8948769128409847,0.959414504324684,0.9713905522288756,0.9253319966679703,0.8513854742050171,0.09574653953313828,0.3663136661052704,0.14791221916675568,0.4850718080997467,0.9733865602129075,0.9407850964737192,0.9570858283433133,labse_baseline,1503,0.9101796407185628,0.9707252162341983,0.9846972721224219,0.939197419897755,0.7678881883621216,0.1260221004486084,0.28604942560195923,0.12715938687324524,0.48183876276016235,0.9494344644045243,0.9620758483033932,0.9557551563539588,-0.015302727877578137,-0.01131071190951427,-0.01330671989354626,-0.013865423229784679,0.08349728584289551,0.08026424050331116,0.0032330453395843506,0.0239520958083832,-0.021290751829673993,0.0013306719893545482
all_462_final_model,asm,san,asm->san,1503,0.6846307385229541,0.8236859614105123,0.8775781769793746,0.7500402486968974,0.7663677930831909,0.1134953424334526,0.3613359332084656,0.15681596100330353,0.40503185987472534,0.9500998003992016,0.8942115768463074,0.9221556886227544,labse_baseline,1503,0.5881570192947438,0.7584830339321357,0.812375249500998,0.6679370251563456,0.5263926982879639,0.1773090660572052,0.1724202185869217,0.13150423765182495,0.3539724797010422,0.8363273453093812,0.9041916167664671,0.8702594810379242,0.09647371922821024,0.06520292747837664,0.06520292747837653,0.08210322354055188,0.23997509479522705,0.18891571462154388,0.051059380173683167,0.11377245508982037,-0.009980039920159722,0.05189620758483027
all_462_final_model,asm,sat,asm->sat,1503,0.03592814371257485,0.15701929474384566,0.20159680638722555,0.13861219596343372,0.6047406196594238,0.13154937326908112,0.3524363338947296,0.17553946375846863,0.2523042857646942,0.8310046573519627,0.7651363938789089,0.7980705256154358,labse_baseline,1503,0.011310711909514305,0.0332667997338656,0.0499001996007984,0.033359366611852424,0.10966094583272934,0.13802851736545563,0.039559029042720795,0.08596030622720718,0.07010191679000854,0.4856952761144378,0.7445109780439122,0.615103127079175,0.024617431803060544,0.12375249500998006,0.15169660678642716,0.10525282935158128,0.4950796738266945,0.3128773048520088,0.18220236897468567,0.3453093812375249,0.020625415834996663,0.18296739853626076
all_462_final_model,asm,snd,asm->snd,1503,0.6307385229540918,0.7784431137724551,0.8403193612774451,0.7027334128143344,0.7541024088859558,0.11750620603561401,0.35597100853919983,0.15471135079860687,0.398131400346756,0.9407850964737192,0.8962075848303394,0.9184963406520292,labse_baseline,1503,0.5362608117099135,0.6892880904856953,0.7544910179640718,0.6117976017426476,0.506300151348114,0.17927391827106476,0.1709812432527542,0.12539558112621307,0.3353189080953598,0.8043912175648703,0.8882235528942116,0.846307385229541,0.09447771124417836,0.08915502328675984,0.0858283433133733,0.0909358110716868,0.2478022575378418,0.18498976528644562,0.06281249225139618,0.1363938789088489,0.007984031936127733,0.07218895542248827
all_462_final_model,asm,tam,asm->tam,1503,0.7904191616766467,0.8875582168995343,0.9128409846972722,0.8360675979430624,0.803455114364624,0.11375822126865387,0.3705376386642456,0.14993368089199066,0.4329174757003784,0.9454424484364604,0.9201596806387226,0.9328010645375915,labse_baseline,1503,0.8283433133732535,0.9161676646706587,0.9387890884896873,0.869749337296656,0.7121208310127258,0.1396973729133606,0.2927141785621643,0.12369803339242935,0.4194066524505615,0.914836992681304,0.9407850964737192,0.9278110445775116,-0.03792415169660679,-0.028609447771124397,-0.02594810379241519,-0.03368173935359364,0.0913342833518982,0.0778234601020813,0.013510823249816895,0.030605455755156386,-0.020625415834996663,0.004990019960079861
all_462_final_model,asm,tel,asm->tel,1503,0.8755821689953427,0.9454424484364604,0.9614105123087159,0.9096119213889527,0.8493833541870117,0.09386075288057327,0.37534841895103455,0.15068663656711578,0.4740349352359772,0.9700598802395209,0.9347970725216235,0.9524284763805722,labse_baseline,1503,0.8962075848303394,0.9607451763140386,0.9733865602129075,0.9261160484912605,0.7610375881195068,0.12597092986106873,0.2975607216358185,0.12628160417079926,0.46347686648368835,0.9514304723885563,0.9527611443779108,0.9520958083832336,-0.020625415834996663,-0.015302727877578137,-0.0119760479041916,-0.016504127102307753,0.08834576606750488,0.07778769731521606,0.010558068752288818,0.018629407850964674,-0.017964071856287345,0.0003326679973385538
all_462_final_model,asm,urd,asm->urd,1503,0.9208250166333999,0.9700598802395209,0.9800399201596807,0.9453837241756553,0.8738489151000977,0.0840192511677742,0.3720758855342865,0.15001972019672394,0.5017730295658112,0.9840319361277445,0.9520958083832335,0.9680638722554891,labse_baseline,1503,0.9308050565535595,0.9813705921490352,0.9866932801064537,0.9528590609011793,0.7881056666374207,0.11617913842201233,0.3067918121814728,0.12267618626356125,0.4813138544559479,0.9673985362608117,0.9680638722554891,0.9677312042581504,-0.009980039920159611,-0.01131071190951427,-0.006653359946773074,-0.007475336725524029,0.085743248462677,0.06528407335281372,0.02045917510986328,0.016633399866932796,-0.015968063872255578,0.0003326679973386648
all_462_final_model,ben,asm,ben->asm,1503,0.9095143047238856,0.9713905522288756,0.980705256154358,0.9378974250967326,0.8768749833106995,0.08593381941318512,0.37528547644615173,0.14872026443481445,0.5015895068645477,0.980705256154358,0.948769128409847,0.9647371922821024,labse_baseline,1503,0.9141716566866267,0.9747172322022621,0.9833666001330672,0.9418949155058781,0.8066039085388184,0.11492498219013214,0.3030710518360138,0.12839235365390778,0.5035328567028046,0.9687292082501663,0.9640718562874252,0.9664005322687957,-0.004657351962741085,-0.003326679973386537,-0.0026613439787092075,-0.003997490409145543,0.0702710747718811,0.07221442461013794,-0.001943349838256836,0.011976047904191711,-0.015302727877578248,-0.001663339986693324
all_462_final_model,ben,brx,ben->brx,1503,0.31603459747172324,0.47305389221556887,0.5595475715236194,0.39847463300600544,0.6543555855751038,0.12250430881977081,0.33757898211479187,0.1571151316165924,0.3167766034603119,0.89354624085163,0.8270126413838988,0.8602794411177644,labse_baseline,1503,0.12907518296739853,0.21756487025948104,0.2741184298070526,0.1800032456047153,0.23640739917755127,0.16757065057754517,0.08868677914142609,0.10282936692237854,0.14772062003612518,0.6300731869594145,0.8050565535595475,0.717564870259481,0.1869594145043247,0.2554890219560878,0.28542914171656686,0.21847138740129013,0.4179481863975525,0.24889220297336578,0.1690559834241867,0.26347305389221554,0.021956087824351322,0.14271457085828343
all_462_final_model,ben,doi,ben->doi,1503,0.7817697937458417,0.9095143047238856,0.9347970725216235,0.8404423423226055,0.8005988597869873,0.10808944702148438,0.3635454475879669,0.1516699492931366,0.4370534121990204,0.9607451763140386,0.9228210246174318,0.9417831004657351,labse_baseline,1503,0.6620093147039254,0.7957418496340652,0.8456420492348636,0.7242761923744274,0.5975862145423889,0.18246422708034515,0.21887657046318054,0.13482844829559326,0.3787096440792084,0.8416500332667998,0.9128409846972722,0.8772455089820359,0.11976047904191622,0.11377245508982037,0.08915502328675984,0.11616614994817809,0.2030126452445984,0.14466887712478638,0.05834376811981201,0.11909514304723878,0.009980039920159611,0.0645375914836992
all_462_final_model,ben,guj,ben->guj,1503,0.9341317365269461,0.9773785761809713,0.9846972721224219,0.9536128741125283,0.8938277959823608,0.08212451636791229,0.3799467980861664,0.1491529941558838,0.5138809978961945,0.9833666001330672,0.9507651363938789,0.9670658682634731,labse_baseline,1503,0.9441117764471058,0.9840319361277445,0.9893546240851631,0.962368700792818,0.8655688166618347,0.09320464730262756,0.3864439129829407,0.11691012233495712,0.47912490367889404,0.9753825681969395,0.9707252162341983,0.9730538922155689,-0.009980039920159611,-0.006653359946773185,-0.004657351962741196,-0.008755826680289736,0.028258979320526123,-0.006497114896774292,0.034756094217300415,0.007984031936127733,-0.019960079840319334,-0.005988023952095856
all_462_final_model,ben,hin,ben->hin,1503,0.9454424484364604,0.9866932801064537,0.9926813040585496,0.9655548564031183,0.8958117365837097,0.07550299167633057,0.37880176305770874,0.14695629477500916,0.517009973526001,0.9880239520958084,0.959414504324684,0.9737192282102463,labse_baseline,1503,0.9514304723885563,0.9873586161011311,0.9940119760479041,0.9688992463736489,0.8613099455833435,0.090781569480896,0.3958098292350769,0.1151883602142334,0.4655001163482666,0.9707252162341983,0.9620758483033932,0.9664005322687957,-0.005988023952095856,-0.0006653359946773296,-0.0013306719893545482,-0.003344389970530548,0.03450179100036621,-0.017008066177368164,0.051509857177734375,0.017298735861610126,-0.0026613439787092075,0.007318695941450515
all_462_final_model,ben,kan,ben->kan,1503,0.852960745176314,0.93812375249501,0.9554224883566201,0.8923445426923678,0.8396990299224854,0.10118810832500458,0.3732750117778778,0.14912281930446625,0.46642401814460754,0.9680638722554891,0.9374584165003327,0.9527611443779109,labse_baseline,1503,0.8522954091816367,0.9354624085163007,0.9494344644045243,0.8899042936170136,0.7600024342536926,0.14216478168964386,0.3166112005710602,0.13482928276062012,0.44339123368263245,0.9188290086493679,0.9401197604790419,0.9294743845642048,0.0006653359946773296,0.0026613439787093185,0.005988023952095856,0.0024402490753542283,0.07969659566879272,0.05666381120681763,0.023032784461975098,0.04923486360612117,-0.0026613439787092075,0.023286759813706093
all_462_final_model,ben,kas,ben->kas,1503,0.4697272122421823,0.6274118429807053,0.697272122421823,0.5482282748019555,0.6949679851531982,0.12746821343898773,0.35175299644470215,0.1571333110332489,0.3432149887084961,0.8995342648037259,0.8569527611443779,0.8782435129740519,labse_baseline,1503,0.3333333333333333,0.4657351962741184,0.5209580838323353,0.40041157601960004,0.35616934299468994,0.20136676728725433,0.11026882380247116,0.12531104683876038,0.24590051919221878,0.716566866267465,0.8369926813040586,0.7767797737857618,0.13639387890884896,0.16167664670658688,0.1763140385894877,0.14781669878235543,0.3387986421585083,0.241484172642231,0.09731446951627731,0.18296739853626087,0.019960079840319334,0.1014637391882901
all_462_final_model,ben,gom,ben->gom,1503,0.739853626081171,0.8749168330006654,0.9075182967398536,0.7994350008133385,0.7820373177528381,0.11255604028701782,0.35846760869026184,0.15123829245567322,0.4235697090625763,0.9567531603459747,0.914836992681304,0.9357950765136394,labse_baseline,1503,0.6360612109115104,0.7764471057884231,0.8196939454424484,0.7010947872891924,0.5848070383071899,0.18597003817558289,0.20678037405014038,0.14381159842014313,0.37802666425704956,0.8389886892880905,0.8982035928143712,0.8685961410512308,0.10379241516966065,0.09846972721224223,0.08782435129740518,0.09834021352414613,0.1972302794456482,0.15168723464012146,0.04554304480552673,0.11776447105788423,0.016633399866932796,0.06719893546240852
all_462_final_model,ben,mai,ben->mai,1503,0.823020625415835,0.9161676646706587,0.9401197604790419,0.8667510761045711,0.8127934336662292,0.09988851845264435,0.3709961771965027,0.1530659794807434,0.44179725646972656,0.9660678642714571,0.9174983366600133,0.9417831004657352,labse_baseline,1503,0.7884231536926147,0.8908848968729208,0.9228210246174318,0.8364670892298942,0.6703078746795654,0.15084980428218842,0.2665567994117737,0.1324998438358307,0.40375107526779175,0.8948769128409847,0.9221556886227545,0.9085163007318696,0.03459747172322025,0.02528276779773786,0.017298735861610126,0.030283986874676927,0.14248555898666382,0.104439377784729,0.038046181201934814,0.07119095143047238,-0.004657351962741196,0.03326679973386559
all_462_final_model,ben,mal,ben->mal,1503,0.9001996007984032,0.9667332002661344,0.9767132401862941,0.9294417281102644,0.8601887822151184,0.08905834704637527,0.37487176060676575,0.14834609627723694,0.48531702160835266,0.978709248170326,0.9434464404524284,0.9610778443113772,labse_baseline,1503,0.916833000665336,0.9760479041916168,0.9846972721224219,0.9442781116617858,0.8163030743598938,0.10762840509414673,0.3459768295288086,0.12165722250938416,0.4703262448310852,0.9654025282767797,0.9587491683300067,0.9620758483033932,-0.016633399866932796,-0.009314703925482393,-0.007984031936127733,-0.014836383551521393,0.04388570785522461,0.028894931077957153,0.014990776777267456,0.01330671989354626,-0.015302727877578248,-0.0009980039920159944
all_462_final_model,ben,mni,ben->mni,1503,0.0332667997338656,0.15036593479707253,0.19294743845642048,0.11869689591379551,0.5812856554985046,0.12380724400281906,0.354675829410553,0.16798534989356995,0.22660982608795166,0.8310046573519627,0.7551563539587491,0.7930805056553559,labse_baseline,1503,0.007984031936127744,0.03592814371257485,0.047238855622089154,0.0296194546900612,0.06589818000793457,0.13301874697208405,0.01206769235432148,0.0876317173242569,0.05383048765361309,0.4737192282102462,0.6839654025282768,0.5788423153692615,0.025282767797737856,0.11443779108449767,0.14570858283433133,0.08907744122373432,0.5153874754905701,0.3426081370562315,0.17277933843433857,0.3572854291417165,0.07119095143047238,0.21423819028609448
all_462_final_model,ben,mar,ben->mar,1503,0.9308050565535595,0.980705256154358,0.9860279441117764,0.9531675735009006,0.8897574543952942,0.07902323454618454,0.37868306040763855,0.14814871549606323,0.5110743939876556,0.9860279441117764,0.9494344644045243,0.9677312042581503,labse_baseline,1503,0.948769128409847,0.9860279441117764,0.9926813040585496,0.9661520445438991,0.8614075779914856,0.09226880222558975,0.37717264890670776,0.11718549579381943,0.48423492908477783,0.9733865602129075,0.9673985362608117,0.9703925482368596,-0.017964071856287456,-0.005322687957418415,-0.006653359946773185,-0.012984471042998491,0.028349876403808594,0.0015104115009307861,0.026839464902877808,0.01264138389886893,-0.017964071856287456,-0.0026613439787093185
all_462_final_model,ben,npi,ben->npi,1503,0.9407850964737192,0.9827012641383899,0.9893546240851631,0.9602502739253855,0.8964590430259705,0.07658392190933228,0.37832847237586975,0.1466113030910492,0.5181305706501007,0.9860279441117764,0.9560878243512974,0.9710578842315369,labse_baseline,1503,0.9520958083832335,0.9880239520958084,0.9926813040585496,0.9692251243446075,0.8672890067100525,0.09046691656112671,0.37611857056617737,0.1180109977722168,0.4911704361438751,0.9800399201596807,0.9687292082501663,0.9743845642049235,-0.01131071190951427,-0.005322687957418526,-0.003326679973386537,-0.00897485041922197,0.02917003631591797,0.002209901809692383,0.026960134506225586,0.0059880239520957446,-0.01264138389886893,-0.003326679973386537
all_462_final_model,ben,ory,ben->ory,1503,0.9301397205588823,0.9820359281437125,0.9880239520958084,0.9532344843244924,0.8894534111022949,0.07933728396892548,0.3728998601436615,0.1481265276670456,0.5165535509586334,0.9880239520958084,0.957418496340652,0.9727212242182302,labse_baseline,1503,0.9394544244843646,0.9813705921490352,0.9893546240851631,0.9595674269050356,0.8491448163986206,0.10200892388820648,0.35095643997192383,0.12044472247362137,0.4981883764266968,0.9660678642714571,0.9693945442448436,0.9677312042581503,-0.009314703925482282,0.0006653359946773296,-0.0013306719893546592,-0.006332942580543177,0.040308594703674316,0.02194342017173767,0.018365174531936646,0.021956087824351322,-0.0119760479041916,0.004990019960079861
all_462_final_model,ben,pan,ben->pan,1503,0.927478376580173,0.9740518962075848,0.9846972721224219,0.951916174893258,0.8714847564697266,0.08740311861038208,0.37236565351486206,0.14694644510746002,0.4991191029548645,0.9813705921490352,0.9500998003992016,0.9657351962741184,labse_baseline,1503,0.9347970725216235,0.9840319361277445,0.9906852960745176,0.9582574369956509,0.8307426571846008,0.1056661456823349,0.3552786111831665,0.12076303362846375,0.4754640460014343,0.9667332002661344,0.9640718562874252,0.9654025282767797,-0.007318695941450515,-0.009980039920159722,-0.0059880239520957446,-0.006341262102392942,0.04074209928512573,0.017087042331695557,0.023655056953430176,0.014637391882900808,-0.013972055888223589,0.0003326679973386648
all_462_final_model,ben,san,ben->san,1503,0.699268130405855,0.8416500332667998,0.8942115768463074,0.766603108640671,0.7612645626068115,0.11712352931499481,0.3611529767513275,0.1546935737133026,0.400111585855484,0.9401197604790419,0.895542248835662,0.9178310046573519,labse_baseline,1503,0.5362608117099135,0.697272122421823,0.7658017298735862,0.6145132819336795,0.5129655003547668,0.18435487151145935,0.1872355192899704,0.1310749351978302,0.32572998106479645,0.8130405854956753,0.89354624085163,0.8532934131736527,0.16300731869594154,0.14437791084497675,0.12840984697272118,0.15208982670699156,0.24829906225204468,0.17391745746135712,0.07438160479068756,0.12707917498336663,0.001996007984031989,0.0645375914836992
all_462_final_model,ben,sat,ben->sat,1503,0.031936127744510975,0.1490352628077179,0.20159680638722555,0.1367859225400608,0.5883058309555054,0.13138209283351898,0.35441526770591736,0.17091448605060577,0.233890563249588,0.8130405854956753,0.7531603459747173,0.7831004657351963,labse_baseline,1503,0.005988023952095809,0.02262142381902861,0.031936127744510975,0.021952381953908643,0.06860402226448059,0.12756694853305817,0.01657971180975437,0.07997738569974899,0.05202431045472622,0.4424484364604125,0.6952761144377911,0.5688622754491018,0.02594810379241517,0.1264138389886893,0.16966067864271456,0.11483354058615217,0.5197018086910248,0.337835555896163,0.1818662527948618,0.3705921490352628,0.05788423153692612,0.21423819028609448
all_462_final_model,ben,snd,ben->snd,1503,0.6593479707252162,0.803725881570193,0.8589487691284099,0.7293699606710923,0.7549925446510315,0.11860080808401108,0.3576752841472626,0.1495617777109146,0.3973172605037689,0.936127744510978,0.8902195608782435,0.9131736526946108,labse_baseline,1503,0.4976713240186294,0.6447105788423154,0.6999334664005322,0.5704787178899938,0.49760180711746216,0.19231954216957092,0.1822524219751358,0.13117864727973938,0.31534938514232635,0.7930805056553559,0.8749168330006654,0.8339986693280106,0.16167664670658682,0.15901530272787756,0.15901530272787767,0.15889124278109845,0.25739073753356934,0.17542286217212677,0.08196787536144257,0.1430472388556221,0.015302727877578137,0.07917498336660023
all_462_final_model,ben,tam,ben->tam,1503,0.8409846972721224,0.9188290086493679,0.9347970725216235,0.8786670374175755,0.8286809921264648,0.11130008101463318,0.3751802146434784,0.14905165135860443,0.45350077748298645,0.9560878243512974,0.9241516966067864,0.9401197604790419,labse_baseline,1503,0.8769128409846972,0.9441117764471058,0.9587491683300067,0.9092757995597209,0.7831429243087769,0.12486056238412857,0.35980311036109924,0.11959598958492279,0.4233398139476776,0.9288090485695276,0.9447771124417831,0.9367930805056554,-0.0359281437125748,-0.02528276779773786,-0.0239520958083832,-0.030608762142145474,0.04553806781768799,0.01537710428237915,0.030160963535308838,0.027278775781769737,-0.020625415834996663,0.003326679973386537
all_462_final_model,ben,tel,ben->tel,1503,0.9208250166333999,0.9733865602129075,0.9827012641383899,0.9461020602843286,0.8741264343261719,0.08229734003543854,0.37969040870666504,0.14874884486198425,0.49443602561950684,0.9846972721224219,0.9461077844311377,0.9654025282767797,labse_baseline,1503,0.9367930805056554,0.9800399201596807,0.9886892880904857,0.9571444277075293,0.8327030539512634,0.10032966732978821,0.3647012710571289,0.12094400823116302,0.4680017828941345,0.9707252162341983,0.959414504324684,0.9650698602794412,-0.015968063872255467,-0.006653359946773185,-0.005988023952095856,-0.011042367423200639,0.04142338037490845,0.014989137649536133,0.026434242725372314,0.013972055888223589,-0.01330671989354626,0.0003326679973385538
all_462_final_model,ben,urd,ben->urd,1503,0.9461077844311377,0.9840319361277445,0.9906852960745176,0.9633207693536086,0.8959183692932129,0.07619186490774155,0.3779957890510559,0.14838477969169617,0.517922580242157,0.9900199600798403,0.9587491683300067,0.9743845642049235,labse_baseline,1503,0.9527611443779108,0.9886892880904857,0.9946773120425815,0.9692926867120591,0.8652986884117126,0.090615414083004,0.3823886215686798,0.11472100019454956,0.48291006684303284,0.9767132401862941,0.9740518962075848,0.9753825681969395,-0.006653359946773074,-0.004657351962741196,-0.003992015968063867,-0.005971917358450596,0.030619680881500244,-0.004392832517623901,0.035012513399124146,0.013306719893546148,-0.015302727877578137,-0.0009980039920159944
all_462_final_model,brx,asm,brx->asm,1503,0.3047238855622089,0.4697272122421823,0.5482368596141052,0.3889399816961628,0.6728198528289795,0.12203021347522736,0.3446500897407532,0.15955203771591187,0.3281697630882263,0.9041916167664671,0.8409846972721224,0.8725881570192948,labse_baseline,1503,0.1656686626746507,0.28409846972721225,0.3426480372588157,0.22704550616011446,0.2670396566390991,0.16642242670059204,0.09307589381933212,0.10210524499416351,0.173963762819767,0.6533599467731205,0.8170326014637392,0.7351962741184299,0.13905522288755823,0.18562874251497002,0.20558882235528947,0.16189447553604833,0.40578019618988037,0.25157419592142105,0.15420600026845932,0.2508316699933466,0.0239520958083832,0.1373918829008649
all_462_final_model,brx,ben,brx->ben,1503,0.3193612774451098,0.469061876247505,0.5422488356620093,0.39749036597862214,0.6543555855751038,0.12250430881977081,0.34183967113494873,0.15530399978160858,0.31251591444015503,0.8902195608782435,0.8283433133732535,0.8592814371257484,labse_baseline,1503,0.17764471057884232,0.28409846972721225,0.3419827012641384,0.23642268278558345,0.23640739917755127,0.16757065057754517,0.08874716609716415,0.1016785278916359,0.14766023308038712,0.6300731869594145,0.791084497671324,0.7105788423153693,0.14171656686626746,0.18496340652029275,0.20026613439787094,0.16106768319303869,0.4179481863975525,0.2530925050377846,0.1648556813597679,0.260146373918829,0.03725881570192946,0.14870259481037917
all_462_final_model,brx,doi,brx->doi,1503,0.2834331337325349,0.4278110445775116,0.49966733200266134,0.3607449794373891,0.6772170662879944,0.1304347962141037,0.3434600234031677,0.1654384732246399,0.33375704288482666,0.8902195608782435,0.8323353293413174,0.8612774451097804,labse_baseline,1503,0.18762475049900199,0.3100465735196274,0.36793080505655357,0.2523599599112621,0.32677939534187317,0.1805734932422638,0.11227394640445709,0.10917289555072784,0.21450544893741608,0.6793080505655356,0.8522954091816367,0.7658017298735862,0.09580838323353294,0.11776447105788423,0.13173652694610777,0.108385019526127,0.3504376709461212,0.23118607699871063,0.11925159394741058,0.21091151031270794,-0.019960079840319334,0.09547571523619425
all_462_final_model,brx,guj,brx->guj,1503,0.313373253493014,0.479707252162342,0.5489021956087824,0.3944510846478245,0.6615987420082092,0.11938533931970596,0.34393152594566345,0.157768115401268,0.3176672160625458,0.9008649367930806,0.8270126413838988,0.8639387890884898,labse_baseline,1503,0.18097139055222888,0.2761144377910845,0.33532934131736525,0.23435715242661326,0.22917982935905457,0.16878946125507355,0.0844835415482521,0.10298663377761841,0.14469628781080246,0.6187624750499002,0.7751164337990686,0.6969394544244845,0.1324018629407851,0.20359281437125748,0.21357285429141715,0.16009393222121127,0.43241891264915466,0.25944798439741135,0.17297092825174332,0.2821024617431803,0.05189620758483027,0.1669993346640053
all_462_final_model,brx,hin,brx->hin,1503,0.334664005322688,0.4856952761144378,0.5662009314703925,0.41179072988357146,0.661767303943634,0.1228494793176651,0.3426250219345093,0.154063880443573,0.31914228200912476,0.8995342648037259,0.8416500332667998,0.8705921490352628,labse_baseline,1503,0.20292747837658018,0.30805056553559546,0.36194278110445777,0.2598146005964059,0.23592306673526764,0.1727496236562729,0.08785629272460938,0.10295182466506958,0.14806677401065826,0.6227544910179641,0.7844311377245509,0.7035928143712575,0.1317365269461078,0.17764471057884235,0.20425815036593475,0.15197612928716558,0.4258442372083664,0.2547687292098999,0.1710755079984665,0.2767797737857618,0.057218895542248904,0.1669993346640053
all_462_final_model,brx,kan,brx->kan,1503,0.2774451097804391,0.41916167664670656,0.48436460412508314,0.34938806967566866,0.651201605796814,0.12808218598365784,0.3430126905441284,0.15976229310035706,0.30818891525268555,0.8795741849634066,0.8243512974051896,0.851962741184298,labse_baseline,1503,0.16101131071190952,0.26147704590818366,0.3226879574184963,0.21876478804145488,0.27091750502586365,0.16870224475860596,0.10413603484630585,0.1055150032043457,0.1667814701795578,0.6360612109115104,0.8170326014637392,0.7265469061876249,0.1164337990685296,0.1576846307385229,0.16167664670658682,0.13062328163421377,0.3802841007709503,0.23887665569782257,0.14140744507312775,0.2435129740518962,0.007318695941450404,0.1254158349966732
all_462_final_model,brx,kas,brx->kas,1503,0.20226214238190285,0.3206919494344644,0.37791084497671323,0.2663443586648602,0.6672611832618713,0.13719984889030457,0.3505883812904358,0.17855027318000793,0.31667280197143555,0.8662674650698603,0.8023952095808383,0.8343313373253494,labse_baseline,1503,0.13506320691949433,0.23020625415834997,0.2827677977378576,0.18818450103110626,0.3337462544441223,0.1727450042963028,0.12673352658748627,0.11865315586328506,0.20701272785663605,0.688622754491018,0.8210246174318031,0.7548236859614106,0.06719893546240852,0.09048569527611441,0.09514304723885564,0.07815985763375397,0.333514928817749,0.22385485470294952,0.1096600741147995,0.17764471057884235,-0.018629407850964785,0.07950765136393878
all_462_final_model,brx,gom,brx->gom,1503,0.25815036593479707,0.41184298070525616,0.479707252162342,0.33509707780537534,0.6722224354743958,0.12738706171512604,0.3425391912460327,0.1653042882680893,0.32968324422836304,0.8968729208250167,0.8270126413838988,0.8619427811044578,labse_baseline,1503,0.18030605455755155,0.2834331337325349,0.34597471723220224,0.23609464900545685,0.3145703077316284,0.1793232560157776,0.10379473119974136,0.10902770608663559,0.21077557653188705,0.6799733865602129,0.852960745176314,0.7664670658682635,0.07784431137724551,0.12840984697272123,0.13373253493013976,0.0990024287999185,0.35765212774276733,0.23874446004629135,0.11890766769647598,0.2168995342648038,-0.02594810379241519,0.09547571523619425
all_462_final_model,brx,mai,brx->mai,1503,0.27877578176979373,0.42115768463073855,0.48436460412508314,0.3547938007878488,0.6626250147819519,0.13174349069595337,0.34389838576316833,0.16175995767116547,0.31872662901878357,0.8782435129740519,0.8270126413838988,0.8526280771789754,labse_baseline,1503,0.16899534264803726,0.28077178975382566,0.3333333333333333,0.2267724418330357,0.2944752275943756,0.17380717396736145,0.10693225264549255,0.10297014564275742,0.18754297494888306,0.6500332667997338,0.8349966733200266,0.7425149700598802,0.10978043912175647,0.1403858948769129,0.15103127079174983,0.1280213589548131,0.3681497871875763,0.23696613311767578,0.1311836540699005,0.22821024617431807,-0.007984031936127733,0.11011310711909517
all_462_final_model,brx,mal,brx->mal,1503,0.26879574184963406,0.4504324683965403,0.5176314038589488,0.35615524384868796,0.6485479474067688,0.12768888473510742,0.3435119092464447,0.15824079513549805,0.3050360381603241,0.8802395209580839,0.8176979374584165,0.8489687292082502,labse_baseline,1503,0.1656686626746507,0.27012641383898867,0.3273453093812375,0.22311246344119504,0.24655063450336456,0.1752512902021408,0.09038186073303223,0.10160146653652191,0.15616877377033234,0.6180971390552229,0.7990685296074518,0.7085828343313374,0.10312707917498337,0.1803060545575516,0.19028609447771128,0.13304278040749293,0.40199731290340424,0.2531300485134125,0.14886726438999176,0.262142381902861,0.018629407850964674,0.14038589487691278
all_462_final_model,brx,mni,brx->mni,1503,0.031936127744510975,0.12042581503659348,0.1709913506320692,0.10269907424692169,0.6336915493011475,0.14945168793201447,0.36433500051498413,0.19804851710796356,0.26935654878616333,0.8223552894211577,0.7564870259481038,0.7894211576846307,labse_baseline,1503,0.01330671989354624,0.05123087159015303,0.07518296739853626,0.04378025364533984,0.1503509134054184,0.1576128602027893,0.054227471351623535,0.10965229570865631,0.09612344205379486,0.5335994677312043,0.7518296739853626,0.6427145708582834,0.018629407850964737,0.06919494344644045,0.09580838323353293,0.05891882060158185,0.48334063589572906,0.3101075291633606,0.17323310673236847,0.2887558216899534,0.004657351962741196,0.1467065868263473
all_462_final_model,brx,mar,brx->mar,1503,0.30805056553559546,0.4717232202262142,0.5422488356620093,0.38851448912042014,0.6544724106788635,0.12208034843206406,0.34242644906044006,0.15481474995613098,0.31204596161842346,0.8875582168995343,0.8323353293413174,0.8599467731204258,labse_baseline,1503,0.16966067864271456,0.2774451097804391,0.3359946773120426,0.22847939589384691,0.2308853566646576,0.16969002783298492,0.08864761888980865,0.1010846272110939,0.14223773777484894,0.6207584830339321,0.7884231536926147,0.7045908183632734,0.1383898868928809,0.1942781104457751,0.20625415834996674,0.16003509322657322,0.42358705401420593,0.2537788301706314,0.16980822384357452,0.2667997338656022,0.043912175648702645,0.15535595475715236
all_462_final_model,brx,npi,brx->npi,1503,0.3166999334664005,0.48170326014637393,0.5562208915502329,0.3985243097024428,0.6567044854164124,0.1221301406621933,0.34244078397750854,0.15238626301288605,0.3142637014389038,0.8982035928143712,0.8343313373253493,0.8662674650698603,labse_baseline,1503,0.18030605455755155,0.29607451763140386,0.3466400532268796,0.23991123404256334,0.23231256008148193,0.17216849327087402,0.08514893054962158,0.10132738202810287,0.14716362953186035,0.6227544910179641,0.7844311377245509,0.7035928143712575,0.13639387890884896,0.18562874251497008,0.20958083832335334,0.15861307565987945,0.4243919253349304,0.25729185342788696,0.16710007190704346,0.27544910179640714,0.04990019960079839,0.16267465069860276
all_462_final_model,brx,ory,brx->ory,1503,0.30073186959414505,0.4717232202262142,0.5588822355289421,0.3876827373028592,0.6604167222976685,0.12208715826272964,0.3383600115776062,0.1564987301826477,0.32205671072006226,0.8982035928143712,0.8330006653359947,0.865602129075183,labse_baseline,1503,0.16833000665335995,0.281437125748503,0.33998669328010644,0.23087439438356203,0.24186640977859497,0.17158080637454987,0.0815998911857605,0.10198049992322922,0.16026651859283447,0.6294078509647372,0.8023952095808383,0.7159015302727878,0.1324018629407851,0.19028609447771122,0.21889554224883567,0.15680834291929716,0.4185503125190735,0.2567601203918457,0.16179019212722778,0.26879574184963406,0.030605455755156386,0.14970059880239517
all_462_final_model,brx,pan,brx->pan,1503,0.3000665335994677,0.4597471723220226,0.5375914836992681,0.3823886613590355,0.6439210772514343,0.131679505109787,0.336061954498291,0.15148821473121643,0.3078591227531433,0.8669328010645376,0.8376580172987359,0.8522954091816368,labse_baseline,1503,0.18363273453093812,0.2827677977378576,0.3413173652694611,0.23741912002781662,0.22527800500392914,0.17805291712284088,0.0759672299027443,0.1033400297164917,0.14931077510118484,0.6200931470392548,0.782435129740519,0.7012641383898869,0.1164337990685296,0.17697937458416502,0.19627411842980702,0.14496954133121887,0.4186430722475052,0.2600947245955467,0.15854834765195847,0.24683965402528285,0.055222887558216915,0.15103127079174994
all_462_final_model,brx,san,brx->san,1503,0.2328675981370592,0.35994677312042583,0.4364604125083167,0.3028522803637328,0.6571326851844788,0.12845824658870697,0.3475196957588196,0.16744184494018555,0.3096129894256592,0.8775781769793746,0.8183632734530938,0.8479707252162342,labse_baseline,1503,0.1536926147704591,0.2541583499667332,0.3153692614770459,0.20962508356394904,0.30628612637519836,0.16686628758907318,0.11235906928777695,0.11058126389980316,0.19392705708742142,0.6766467065868264,0.8263473053892215,0.7514970059880239,0.07917498336660012,0.10578842315369263,0.12109115103127077,0.09322719679978375,0.3508465588092804,0.23516062647104263,0.11568593233823776,0.20093147039254822,-0.007984031936127733,0.09647371922821024
all_462_final_model,brx,sat,brx->sat,1503,0.029940119760479042,0.1383898868928809,0.18629407850964738,0.12049447468766464,0.6390470862388611,0.15856942534446716,0.36232027411460876,0.20406678318977356,0.2767268121242523,0.8203592814371258,0.7551563539587491,0.7877578176979374,labse_baseline,1503,0.011976047904191617,0.05189620758483034,0.06852960745176315,0.04321413320064625,0.1557995229959488,0.1576223224401474,0.06041937321424484,0.10929642617702484,0.09538014978170395,0.5342648037258816,0.7538256819693946,0.6440452428476381,0.017964071856287425,0.08649367930805056,0.11776447105788423,0.07728034148701839,0.4832475632429123,0.3019009009003639,0.18134666234254837,0.2860944777112442,0.0013306719893545482,0.1437125748502993
all_462_final_model,brx,snd,brx->snd,1503,0.25349301397205587,0.3985362608117099,0.4717232202262142,0.32991066942429076,0.6703433990478516,0.14059963822364807,0.34468963742256165,0.16806861758232117,0.3256537616252899,0.8749168330006654,0.8310046573519627,0.852960745176314,labse_baseline,1503,0.17498336660013306,0.2894211576846307,0.3373253493013972,0.2347945504455712,0.3399662673473358,0.18071843683719635,0.12732826173305511,0.11358613520860672,0.2126380056142807,0.677977378576181,0.8396540252827678,0.7588157019294743,0.07850964737192281,0.10911510312707917,0.13439787092481703,0.09511611897871955,0.33037713170051575,0.21736137568950653,0.11301575601100922,0.19693945442448435,-0.008649367930805063,0.0941450432468397
all_462_final_model,brx,tam,brx->tam,1503,0.27278775781769793,0.4018629407850965,0.47105788423153694,0.3412329482430483,0.6293138265609741,0.13632334768772125,0.3429540693759918,0.1571277678012848,0.2863597571849823,0.850964737192282,0.8190286094477711,0.8349966733200266,labse_baseline,1503,0.1703260146373919,0.27811044577511645,0.3260146373918829,0.22571282707482404,0.23680610954761505,0.16852083802223206,0.08973287045955658,0.10224799066781998,0.14707323908805847,0.612109115103127,0.7890884896872921,0.7005988023952096,0.10246174318030604,0.12375249500998003,0.14504324683965403,0.11552012116822424,0.39250771701335907,0.25322119891643524,0.13928651809692383,0.238855622089155,0.029940119760479056,0.13439787092481703
all_462_final_model,brx,tel,brx->tel,1503,0.30073186959414505,0.4444444444444444,0.5209580838323353,0.37580002065696894,0.6529582142829895,0.12730439007282257,0.3479675054550171,0.15622207522392273,0.3049907088279724,0.8855622089155023,0.8263473053892215,0.8559547571523619,labse_baseline,1503,0.17365269461077845,0.2860944777112442,0.3426480372588157,0.23337007868037005,0.24407830834388733,0.17467373609542847,0.09233902394771576,0.10415592044591904,0.15173928439617157,0.6174318030605456,0.7977378576180971,0.7075848303393213,0.1270791749833666,0.15834996673320023,0.17831004657351962,0.1424299419765989,0.4088799059391022,0.25562848150730133,0.15325142443180084,0.26813040585495673,0.028609447771124397,0.14836992681304062
all_462_final_model,brx,urd,brx->urd,1503,0.3206919494344644,0.4750499001996008,0.5469061876247505,0.39929439201680156,0.6592075228691101,0.11875269562005997,0.3437241017818451,0.15547524392604828,0.315483421087265,0.9028609447771124,0.83166999334664,0.8672654690618762,labse_baseline,1503,0.17964071856287425,0.29474384564204925,0.3499667332002661,0.23911921777569184,0.22804886102676392,0.16879934072494507,0.0842670202255249,0.10018043965101242,0.143781840801239,0.6161011310711909,0.7777777777777778,0.6969394544244844,0.14105123087159013,0.18030605455755155,0.1969394544244844,0.16017517424110972,0.4311586618423462,0.2594570815563202,0.171701580286026,0.2867598137059215,0.053892215568862256,0.17032601463739183
all_462_final_model,doi,asm,doi->asm,1503,0.7604790419161677,0.8735861610113107,0.908183632734531,0.81311785768681,0.7916811108589172,0.11045844107866287,0.36491063237190247,0.1506306529045105,0.42677047848701477,0.9507651363938789,0.9174983366600133,0.9341317365269461,labse_baseline,1503,0.7338656021290751,0.8629407850964738,0.8895542248835662,0.7945487884471081,0.5947585105895996,0.17456892132759094,0.19825054705142975,0.1281864196062088,0.39650796353816986,0.8569527611443779,0.9181636726546906,0.8875582168995342,0.02661343978709252,0.010645375914836941,0.018629407850964785,0.01856906923970192,0.19692260026931763,0.16666008532047272,0.03026251494884491,0.09381237524950103,-0.0006653359946772186,0.04657351962741196
all_462_final_model,doi,ben,doi->ben,1503,0.7850964737192282,0.906187624750499,0.9314703925482368,0.8422309580750462,0.8005988597869873,0.10808944702148438,0.3660244941711426,0.1489741951227188,0.4345743656158447,0.9607451763140386,0.9194943446440452,0.9401197604790419,labse_baseline,1503,0.7850964737192282,0.8962075848303394,0.9221556886227545,0.8363011352323875,0.5975862145423889,0.18246422708034515,0.22154609858989716,0.13319629430770874,0.37604011595249176,0.8403193612774451,0.9075182967398536,0.8739188290086494,0.0,0.009980039920159611,0.009314703925482282,0.00592982284265875,0.2030126452445984,0.14447839558124542,0.058534249663352966,0.12042581503659344,0.0119760479041916,0.06620093147039252
all_462_final_model,doi,brx,doi->brx,1503,0.313373253493014,0.46174318030605455,0.5329341317365269,0.3916378871950752,0.6772170662879944,0.1304347962141037,0.3421657383441925,0.16645433008670807,0.3350513279438019,0.8915502328675982,0.8416500332667998,0.866600133067199,labse_baseline,1503,0.21889554224883567,0.334664005322688,0.3992015968063872,0.2816479005062066,0.32677939534187317,0.1805734932422638,0.11284047365188599,0.11090890318155289,0.21393892168998718,0.677977378576181,0.852960745176314,0.7654690618762475,0.09447771124417831,0.12707917498336657,0.1337325349301397,0.10998998668886861,0.3504376709461212,0.22932526469230652,0.1211124062538147,0.21357285429141715,-0.01131071190951427,0.10113107119095144
all_462_final_model,doi,guj,doi->guj,1503,0.803725881570193,0.9028609447771124,0.9301397205588823,0.8495573342370561,0.8070301413536072,0.10985660552978516,0.3679715394973755,0.15056061744689941,0.4390586018562317,0.9467731204258151,0.9234863606121091,0.935129740518962,labse_baseline,1503,0.7924151696606786,0.8982035928143712,0.9181636726546906,0.840191763638829,0.5938915014266968,0.18464717268943787,0.22305206954479218,0.13055579364299774,0.3708394318819046,0.8330006653359947,0.916833000665336,0.8749168330006654,0.011310711909514382,0.004657351962741196,0.011976047904191711,0.00936557059822718,0.2131386399269104,0.1449194699525833,0.06821916997432709,0.11377245508982037,0.006653359946773074,0.060212907518296666
all_462_final_model,doi,hin,doi->hin,1503,0.8170326014637392,0.9248170326014638,0.9447771124417831,0.8639258173023262,0.8161742687225342,0.10803844779729843,0.3683644235134125,0.14950285851955414,0.4478098452091217,0.9647371922821024,0.9314703925482368,0.9481037924151696,labse_baseline,1503,0.801729873586161,0.9048569527611444,0.9354624085163007,0.8483035325230487,0.6022065281867981,0.18753144145011902,0.2282627522945404,0.13146565854549408,0.3739437758922577,0.83166999334664,0.9155023286759814,0.8735861610113107,0.015302727877578248,0.019960079840319334,0.009314703925482393,0.015622284779277518,0.21396774053573608,0.14010167121887207,0.07386606931686401,0.13306719893546237,0.015968063872255467,0.07451763140385892
all_462_final_model,doi,kan,doi->kan,1503,0.6946107784431138,0.8290086493679308,0.8689288090485695,0.7563450030185586,0.7772899866104126,0.1193327009677887,0.36526352167129517,0.15284363925457,0.41202646493911743,0.9367930805056554,0.9095143047238856,0.9231536926147705,labse_baseline,1503,0.6852960745176314,0.8276779773785762,0.872255489021956,0.7517180784271325,0.5851699709892273,0.18160484731197357,0.21213436126708984,0.13103769719600677,0.37303560972213745,0.8283433133732535,0.9055222887558216,0.8669328010645376,0.009314703925482393,0.0013306719893546592,-0.003326679973386537,0.004626924591426107,0.1921200156211853,0.15312916040420532,0.03899085521697998,0.10844976713240184,0.003992015968063978,0.05622089155023291
all_462_final_model,doi,kas,doi->kas,1503,0.4431137724550898,0.6001330671989354,0.6666666666666666,0.5195041698721639,0.7130666375160217,0.12874731421470642,0.3535379469394684,0.1657889187335968,0.35952869057655334,0.908183632734531,0.8516300731869594,0.8799068529607452,labse_baseline,1503,0.39454424484364603,0.5402528276779773,0.6094477711244178,0.4668537171896336,0.43851158022880554,0.19335681200027466,0.13577404618263245,0.12414655089378357,0.3027375340461731,0.7664670658682635,0.8775781769793746,0.8220226214238191,0.048569527611443786,0.05988023952095811,0.05721889554224879,0.05265045268253027,0.2745550572872162,0.21776390075683594,0.05679115653038025,0.14171656686626743,-0.02594810379241519,0.05788423153692612
all_462_final_model,doi,gom,doi->gom,1503,0.6200931470392548,0.7717897538256819,0.8216899534264803,0.6886897076029002,0.7585462331771851,0.12342831492424011,0.35591691732406616,0.15730096399784088,0.4026293158531189,0.9321357285429142,0.8995342648037259,0.91583499667332,labse_baseline,1503,0.5914836992681304,0.7391882900864937,0.791084497671324,0.661471932223307,0.5465707778930664,0.1914970725774765,0.17077405750751495,0.13638493418693542,0.37579672038555145,0.8163672654690619,0.8968729208250167,0.8566200931470394,0.028609447771124397,0.03260146373918826,0.030605455755156274,0.027217775379593134,0.21197545528411865,0.1851428598165512,0.026832595467567444,0.11576846307385225,0.0026613439787092075,0.05921490352628067
all_462_final_model,doi,mai,doi->mai,1503,0.7238855622089155,0.8609447771124418,0.8882235528942116,0.7860286094327913,0.7936477065086365,0.1144275814294815,0.36654967069625854,0.15824246406555176,0.42709803581237793,0.948769128409847,0.8968729208250167,0.9228210246174318,labse_baseline,1503,0.7119095143047239,0.8489687292082502,0.8835662009314704,0.7751873630323749,0.6035214066505432,0.1828830987215042,0.19477017223834991,0.13452178239822388,0.4087512344121933,0.850964737192282,0.914836992681304,0.8829008649367931,0.0119760479041916,0.0119760479041916,0.004657351962741196,0.010841246400416393,0.19012629985809326,0.17177949845790863,0.01834680140018463,0.0978043912175649,-0.017964071856287345,0.03992015968063867
all_462_final_model,doi,mal,doi->mal,1503,0.7232202262142382,0.8556220891550232,0.8942115768463074,0.7841968661934043,0.774283766746521,0.1155581995844841,0.3617682456970215,0.14829915761947632,0.4125155210494995,0.93812375249501,0.9135063206919495,0.9258150365934797,labse_baseline,1503,0.7278775781769794,0.8596141051230871,0.8982035928143712,0.7886289403052028,0.5799059271812439,0.17865993082523346,0.20865000784397125,0.12666131556034088,0.37125591933727264,0.844311377245509,0.9121756487025948,0.8782435129740519,-0.004657351962741196,-0.003992015968063867,-0.003992015968063867,-0.0044320741117984674,0.1943778395652771,0.15311823785305023,0.04125960171222687,0.09381237524950103,0.0013306719893546592,0.04757152361942785
all_462_final_model,doi,mni,doi->mni,1503,0.036593479707252165,0.1330671989354624,0.18496340652029275,0.11157809726885244,0.5960168838500977,0.13267679512500763,0.3521779775619507,0.17618772387504578,0.24383890628814697,0.8163672654690619,0.7538256819693946,0.7850964737192283,labse_baseline,1503,0.009314703925482368,0.041916167664670656,0.06254158349966733,0.03373985421950538,0.12825335562229156,0.14582954347133636,0.05228622630238533,0.09541969746351242,0.07596712931990623,0.5043246839654025,0.7358616101131071,0.6200931470392548,0.027278775781769796,0.09115103127079174,0.12242182302062542,0.07783824304934706,0.4677635282278061,0.29989175125956535,0.16787177696824074,0.3120425815036594,0.017964071856287456,0.16500332667997353
all_462_final_model,doi,mar,doi->mar,1503,0.8030605455755156,0.9041916167664671,0.9334664005322688,0.8498703625048636,0.8059635162353516,0.10818623751401901,0.36724045872688293,0.1500491499900818,0.43872305750846863,0.957418496340652,0.9234863606121091,0.9404524284763806,labse_baseline,1503,0.7884231536926147,0.8928809048569527,0.929474384564205,0.8378955127353955,0.6008635759353638,0.18470412492752075,0.2226162850856781,0.13095150887966156,0.37824729084968567,0.83166999334664,0.914836992681304,0.873253493013972,0.014637391882900919,0.011310711909514382,0.003992015968063867,0.011974849769468054,0.2050999402999878,0.14462417364120483,0.06047576665878296,0.12574850299401197,0.008649367930805063,0.06719893546240852
all_462_final_model,doi,npi,doi->npi,1503,0.812375249500998,0.9115103127079175,0.9314703925482368,0.8564136236626252,0.8098152875900269,0.10806228220462799,0.3671559989452362,0.1477476954460144,0.44265928864479065,0.959414504324684,0.927478376580173,0.9434464404524285,labse_baseline,1503,0.7957418496340652,0.9035262807717898,0.9321357285429142,0.8448507356258115,0.6062750816345215,0.18332166969776154,0.21938037872314453,0.12967334687709808,0.38689470291137695,0.8409846972721224,0.9188290086493679,0.8799068529607452,0.016633399866932796,0.007984031936127733,-0.0006653359946773296,0.011562888036813712,0.20354020595550537,0.14777562022209167,0.055764585733413696,0.11842980705256156,0.008649367930805063,0.06353958749168331
all_462_final_model,doi,ory,doi->ory,1503,0.7904191616766467,0.9088489687292083,0.93812375249501,0.8442088581971866,0.8007745742797852,0.10360906273126602,0.36295971274375916,0.15132933855056763,0.437814861536026,0.9634065202927479,0.9208250166333999,0.9421157684630739,labse_baseline,1503,0.7777777777777778,0.89354624085163,0.9174983366600133,0.831094043192507,0.5989484786987305,0.17535950243473053,0.21153879165649414,0.12947052717208862,0.38740968704223633,0.854956753160346,0.9181636726546906,0.8865602129075183,0.01264138389886893,0.015302727877578248,0.020625415834996663,0.013114815004679592,0.2018260955810547,0.15142092108726501,0.05040517449378967,0.10844976713240184,0.0026613439787093185,0.05555555555555558
all_462_final_model,doi,pan,doi->pan,1503,0.7904191616766467,0.9075182967398536,0.9314703925482368,0.8426460809559755,0.7981699109077454,0.11285600066184998,0.3628937602043152,0.14872893691062927,0.4352761507034302,0.9481037924151696,0.9254823685961411,0.9367930805056554,labse_baseline,1503,0.780439121756487,0.9048569527611444,0.9268130405854956,0.837771855182671,0.5995483994483948,0.18257296085357666,0.20972739160060883,0.13028384745121002,0.38982100784778595,0.8483033932135728,0.9241516966067864,0.8862275449101796,0.009980039920159722,0.0026613439787092075,0.004657351962741196,0.00487422577330443,0.19862151145935059,0.15316636860370636,0.045455142855644226,0.09980039920159678,0.0013306719893546592,0.05056553559547572
all_462_final_model,doi,san,doi->san,1503,0.562874251497006,0.729208250166334,0.7870924817032602,0.6401833878485107,0.7383933067321777,0.12749280035495758,0.3592161238193512,0.16025732457637787,0.37917718291282654,0.9241516966067864,0.8769128409846972,0.9005322687957418,labse_baseline,1503,0.5129740518962076,0.6719893546240852,0.7431803060545575,0.592079479934585,0.48398345708847046,0.1907861977815628,0.15507112443447113,0.13122640550136566,0.32891233265399933,0.801729873586161,0.8902195608782435,0.8459747172322023,0.04990019960079839,0.05721889554224879,0.043912175648702645,0.048103907913925714,0.2544098496437073,0.20414499938488007,0.05026485025882721,0.12242182302062543,-0.01330671989354626,0.054557551563539475
all_462_final_model,doi,sat,doi->sat,1503,0.0385894876912841,0.17298735861610112,0.23087159015302727,0.15199825858503946,0.6172769069671631,0.1284702718257904,0.3546659052371979,0.18063710629940033,0.2626110017299652,0.8409846972721224,0.7664670658682635,0.803725881570193,labse_baseline,1503,0.009314703925482368,0.04058549567531603,0.06054557551563539,0.033680618044860944,0.13396689295768738,0.14392831921577454,0.05751226097345352,0.0917973443865776,0.07645463198423386,0.5043246839654025,0.7478376580172987,0.6260811709913506,0.02927478376580173,0.1324018629407851,0.1703260146373919,0.11831764054017851,0.4833100140094757,0.29715364426374435,0.18615636974573135,0.3366600133067199,0.018629407850964785,0.17764471057884235
all_462_final_model,doi,snd,doi->snd,1503,0.6127744510978044,0.7538256819693946,0.810379241516966,0.679610937282328,0.7628325819969177,0.12935109436511993,0.35716134309768677,0.157795250415802,0.40567123889923096,0.9261477045908184,0.8882235528942116,0.9071856287425151,labse_baseline,1503,0.5801729873586161,0.729208250166334,0.7797737857618097,0.6504473650233049,0.5527132749557495,0.19385714828968048,0.1734919250011444,0.1328384280204773,0.3792213499546051,0.8216899534264803,0.8995342648037259,0.8606121091151031,0.03260146373918826,0.02461743180306064,0.030605455755156386,0.029163572259023107,0.2101193070411682,0.18366941809654236,0.026449888944625854,0.10445775116433809,-0.01131071190951427,0.04657351962741196
all_462_final_model,doi,tam,doi->tam,1503,0.6493679308050565,0.7864271457085829,0.8263473053892215,0.7129400710019806,0.7441274523735046,0.12969081103801727,0.3618614673614502,0.15053823590278625,0.38226598501205444,0.9101796407185628,0.8908848968729208,0.9005322687957418,labse_baseline,1503,0.6766467065868264,0.8163672654690619,0.8589487691284099,0.7400539095759828,0.5489510893821716,0.18281181156635284,0.21314573287963867,0.1260644793510437,0.33580535650253296,0.8143712574850299,0.8982035928143712,0.8562874251497006,-0.02727877578176985,-0.029940119760479056,-0.032601463739188374,-0.02711383857400218,0.195176362991333,0.14871573448181152,0.046460628509521484,0.09580838323353291,-0.007318695941450404,0.0442448436460412
all_462_final_model,doi,tel,doi->tel,1503,0.7438456420492349,0.874251497005988,0.9048569527611444,0.8010911748397876,0.7886725068092346,0.11647562682628632,0.3690429627895355,0.1503068208694458,0.4196295440196991,0.9447771124417831,0.9101796407185628,0.927478376580173,labse_baseline,1503,0.7584830339321357,0.8669328010645376,0.9015302727877578,0.810973311894319,0.5922307968139648,0.18325670063495636,0.2187006175518036,0.13146552443504333,0.37353017926216125,0.8310046573519627,0.9141716566866267,0.8725881570192947,-0.014637391882900808,0.007318695941450404,0.003326679973386648,-0.009882137054531337,0.19644170999526978,0.15034234523773193,0.04609936475753784,0.11377245508982037,-0.003992015968063867,0.05489021956087825
all_462_final_model,doi,urd,doi->urd,1503,0.8090485695276114,0.9141716566866267,0.9427811044577512,0.8570464060140673,0.8111899495124817,0.10484118014574051,0.36636802554130554,0.15021495521068573,0.44482192397117615,0.9627411842980705,0.9254823685961411,0.9441117764471059,labse_baseline,1503,0.8077178975382568,0.9088489687292083,0.9367930805056554,0.8541296142358132,0.6022721529006958,0.1808912456035614,0.22025273740291595,0.128630131483078,0.38201941549777985,0.8403193612774451,0.9208250166333999,0.8805721889554226,0.0013306719893545482,0.005322687957418415,0.005988023952095856,0.002916791778254102,0.2089177966117859,0.1461152881383896,0.0628025084733963,0.12242182302062543,0.004657351962741196,0.06353958749168331
all_462_final_model,guj,asm,guj->asm,1503,0.908183632734531,0.9654025282767797,0.9760479041916168,0.9361022774673328,0.8700881004333496,0.08902993053197861,0.3758690357208252,0.1479058712720871,0.4942190647125244,0.9760479041916168,0.9447771124417831,0.9604125083166999,labse_baseline,1503,0.9141716566866267,0.9713905522288756,0.9813705921490352,0.9400975995131593,0.7863742113113403,0.11741742491722107,0.30905064940452576,0.1259845793247223,0.4773235619068146,0.957418496340652,0.9647371922821024,0.9610778443113772,-0.0059880239520957446,-0.005988023952095856,-0.005322687957418415,-0.003995322045826533,0.08371388912200928,0.06681838631629944,0.01689550280570984,0.018629407850964785,-0.019960079840319334,-0.0006653359946773296
all_462_final_model,guj,ben,guj->ben,1503,0.9421157684630739,0.9793745841650033,0.9873586161011311,0.9588052947254622,0.8938277959823608,0.08212451636791229,0.37946030497550964,0.1481768935918808,0.5143674910068512,0.9833666001330672,0.9567531603459747,0.9700598802395209,labse_baseline,1503,0.9514304723885563,0.9853626081170991,0.9920159680638723,0.9672529860428474,0.8655688166618347,0.09320464730262756,0.38687852025032043,0.11946458369493484,0.4786902964115143,0.9753825681969395,0.9634065202927479,0.9693945442448437,-0.009314703925482393,-0.0059880239520957446,-0.004657351962741196,-0.008447691317385209,0.028258979320526123,-0.007418215274810791,0.035677194595336914,0.007984031936127733,-0.006653359946773185,0.0006653359946772186
all_462_final_model,guj,brx,guj->brx,1503,0.3306719893546241,0.48502994011976047,0.562874251497006,0.40865797328046416,0.6615987420082092,0.11938533931970596,0.3400048017501831,0.15863792598247528,0.3215939402580261,0.9008649367930806,0.8416500332667998,0.8712574850299402,labse_baseline,1503,0.1330671989354624,0.22488356620093147,0.2661343978709248,0.18182079552227456,0.22917982935905457,0.16878946125507355,0.08313071727752686,0.1024070531129837,0.1460491120815277,0.6200931470392548,0.7964071856287425,0.7082501663339986,0.1976047904191617,0.260146373918829,0.2967398536260812,0.2268371777581896,0.43241891264915466,0.25687408447265625,0.1755448281764984,0.2807717897538258,0.045242847638057304,0.16300731869594154
all_462_final_model,guj,doi,guj->doi,1503,0.7964071856287425,0.9015302727877578,0.9301397205588823,0.8474631651465621,0.8070301413536072,0.10985660552978516,0.36505788564682007,0.15339680016040802,0.4419722557067871,0.9467731204258151,0.9234863606121091,0.935129740518962,labse_baseline,1503,0.6560212907518297,0.7890884896872921,0.8256819693945442,0.7190915850211917,0.5938915014266968,0.18464717268943787,0.21978513896465302,0.13477008044719696,0.37410636246204376,0.8343313373253493,0.9155023286759814,0.8749168330006654,0.14038589487691278,0.11244178310046571,0.10445775116433809,0.1283715801253703,0.2131386399269104,0.14527274668216705,0.06786589324474335,0.11244178310046582,0.007984031936127733,0.060212907518296666
all_462_final_model,guj,hin,guj->hin,1503,0.9441117764471058,0.9780439121756487,0.9833666001330672,0.9600778517558908,0.9000672101974487,0.08190285414457321,0.38184499740600586,0.14822666347026825,0.5182222127914429,0.9827012641383899,0.9580838323353293,0.9703925482368596,labse_baseline,1503,0.9534264803725881,0.9880239520958084,0.9920159680638723,0.9696577787292994,0.8742985129356384,0.09431955963373184,0.41306233406066895,0.11434771865606308,0.4612361788749695,0.9693945442448436,0.9673985362608117,0.9683965402528276,-0.009314703925482393,-0.009980039920159722,-0.008649367930805063,-0.009579926973408592,0.025768697261810303,-0.031217336654663086,0.05698603391647339,0.01330671989354626,-0.009314703925482393,0.001996007984031989
all_462_final_model,guj,kan,guj->kan,1503,0.8476380572188955,0.9268130405854956,0.9454424484364604,0.8862618456946249,0.8371191620826721,0.10792060941457748,0.375114381313324,0.14894786477088928,0.46200478076934814,0.9607451763140386,0.9328010645375915,0.946773120425815,labse_baseline,1503,0.8396540252827678,0.9214903526280772,0.9387890884896873,0.879316814864544,0.7505074739456177,0.1490815281867981,0.3235859274864197,0.13370375335216522,0.426921546459198,0.9161676646706587,0.9394544244843646,0.9278110445775116,0.007984031936127733,0.005322687957418415,0.006653359946773074,0.006945030830080801,0.08661168813705444,0.0515284538269043,0.035083234310150146,0.044577511643379863,-0.006653359946773074,0.01896207584830334
all_462_final_model,guj,kas,guj->kas,1503,0.4856952761144378,0.6347305389221557,0.7019294743845642,0.5617841781741459,0.70499587059021,0.12378338724374771,0.3541313409805298,0.1587643027305603,0.3508645296096802,0.9181636726546906,0.8589487691284099,0.8885562208915503,labse_baseline,1503,0.3286759813705922,0.46773120425815035,0.5176314038589488,0.39596809747093115,0.34537652134895325,0.20756663382053375,0.1024438664317131,0.1263982355594635,0.24293265491724014,0.6959414504324684,0.8290086493679308,0.7624750499001995,0.15701929474384563,0.16699933466400535,0.18429807052561542,0.1658160807032148,0.3596193492412567,0.2516874745488167,0.10793187469244003,0.2222222222222222,0.029940119760479056,0.12608117099135074
all_462_final_model,guj,gom,guj->gom,1503,0.7677977378576181,0.8815701929474384,0.914836992681304,0.8195550673036907,0.7892670035362244,0.11193310469388962,0.3603958189487457,0.15099816024303436,0.42887118458747864,0.9520958083832335,0.9214903526280772,0.9367930805056554,labse_baseline,1503,0.6506986027944112,0.7711244178310046,0.8110445775116434,0.7091831275307814,0.5827683210372925,0.18946625292301178,0.20633913576602936,0.1443977653980255,0.3764291852712631,0.8356620093147039,0.8982035928143712,0.8669328010645376,0.1170991350632069,0.11044577511643383,0.10379241516966065,0.11037193977290927,0.20649868249893188,0.15405668318271637,0.052441999316215515,0.11643379906852958,0.02328675981370598,0.06986027944111772
all_462_final_model,guj,mai,guj->mai,1503,0.8429807052561543,0.9301397205588823,0.9500998003992016,0.8829663792763243,0.8224105834960938,0.09968230873346329,0.3715337812900543,0.1537528783082962,0.45087680220603943,0.9680638722554891,0.9281437125748503,0.9481037924151696,labse_baseline,1503,0.7950765136393879,0.8995342648037259,0.9288090485695276,0.8433660253147863,0.6721198558807373,0.1520700454711914,0.27000051736831665,0.13238267600536346,0.40211933851242065,0.8908848968729208,0.9228210246174318,0.9068529607451763,0.0479041916167664,0.030605455755156386,0.021290751829673993,0.03960035396153794,0.15029072761535645,0.10153326392173767,0.048757463693618774,0.07717897538256824,0.005322687957418526,0.041250831669993326
all_462_final_model,guj,mal,guj->mal,1503,0.89354624085163,0.9567531603459747,0.9727212242182302,0.9231581638694016,0.8593516945838928,0.0945335328578949,0.37604475021362305,0.14853599667549133,0.4833069443702698,0.9687292082501663,0.9441117764471058,0.956420492348636,labse_baseline,1503,0.9141716566866267,0.9700598802395209,0.9773785761809713,0.939122316849919,0.8135159015655518,0.11319395154714584,0.3553301990032196,0.1212894544005394,0.45818570256233215,0.9520958083832335,0.957418496340652,0.9547571523619427,-0.020625415834996663,-0.01330671989354626,-0.004657351962741196,-0.015964152980517343,0.045835793018341064,0.020714551210403442,0.025121241807937622,0.016633399866932796,-0.01330671989354626,0.001663339986693324
all_462_final_model,guj,mni,guj->mni,1503,0.034597471723220224,0.12907518296739853,0.17831004657351962,0.10819759274348136,0.5827997326850891,0.1217908263206482,0.35551491379737854,0.17164185643196106,0.22728481888771057,0.8256819693945442,0.7498336660013307,0.7877578176979374,labse_baseline,1503,0.0053226879574184965,0.02927478376580173,0.04524284763805722,0.0256943061502172,0.056770846247673035,0.1301606297492981,0.003484027925878763,0.08766162395477295,0.05328681832179427,0.47305389221556887,0.6613439787092482,0.5671989354624085,0.029274783765801726,0.0998003992015968,0.1330671989354624,0.08250328659326416,0.5260288864374161,0.3520308858714998,0.1739980005659163,0.3526280771789753,0.08848968729208251,0.22055888223552889
all_462_final_model,guj,mar,guj->mar,1503,0.9414504324683965,0.980705256154358,0.9880239520958084,0.9577756330940572,0.9013330936431885,0.07919315993785858,0.38133174180984497,0.14828263223171234,0.5200013518333435,0.9840319361277445,0.9534264803725881,0.9687292082501664,labse_baseline,1503,0.9527611443779108,0.9906852960745176,0.9933466400532269,0.9686454256188657,0.8756943345069885,0.08959347754716873,0.3917098939418793,0.11712601035833359,0.48398444056510925,0.9780439121756487,0.9700598802395209,0.9740518962075848,-0.01131071190951427,-0.009980039920159611,-0.005322687957418526,-0.010869792524808464,0.02563875913619995,-0.010378152132034302,0.03601691126823425,0.005988023952095856,-0.016633399866932796,-0.005322687957418415
all_462_final_model,guj,npi,guj->npi,1503,0.948769128409847,0.9833666001330672,0.9900199600798403,0.9667899239187198,0.9051111936569214,0.07678604125976562,0.38135725259780884,0.14635425806045532,0.5237539410591125,0.9840319361277445,0.9600798403193613,0.9720558882235529,labse_baseline,1503,0.9567531603459747,0.9880239520958084,0.9933466400532269,0.9720454687648635,0.8799601197242737,0.08813828229904175,0.3914477825164795,0.11798221617937088,0.4885123372077942,0.9800399201596807,0.9720558882235529,0.9760479041916168,-0.007984031936127733,-0.004657351962741196,-0.003326679973386648,-0.005255544846143767,0.025151073932647705,-0.010090529918670654,0.03524160385131836,0.003992015968063867,-0.0119760479041916,-0.003992015968063867
all_462_final_model,guj,ory,guj->ory,1503,0.9301397205588823,0.9720558882235529,0.9780439121756487,0.9499734037756744,0.8871095776557922,0.08558645844459534,0.3756280839443207,0.14893709123134613,0.5114814937114716,0.9780439121756487,0.9547571523619428,0.9664005322687957,labse_baseline,1503,0.9334664005322688,0.9760479041916168,0.9846972721224219,0.9548177129632978,0.8462585210800171,0.10456036776304245,0.3650234043598175,0.11982670426368713,0.4812351167201996,0.9580838323353293,0.9673985362608117,0.9627411842980705,-0.003326679973386537,-0.003992015968063867,-0.006653359946773185,-0.004844309187623352,0.040851056575775146,0.010604679584503174,0.030246376991271973,0.019960079840319334,-0.01264138389886893,0.003659347970725202
all_462_final_model,guj,pan,guj->pan,1503,0.9268130405854956,0.9720558882235529,0.9813705921490352,0.949743440785969,0.8818180561065674,0.09034840017557144,0.3752187192440033,0.14747552573680878,0.5065993368625641,0.9727212242182302,0.9527611443779108,0.9627411842980704,labse_baseline,1503,0.9467731204258151,0.9773785761809713,0.9860279441117764,0.9631580016383909,0.8472660779953003,0.10814494639635086,0.37076056003570557,0.12103808671236038,0.4765055179595947,0.9627411842980705,0.9654025282767797,0.9640718562874251,-0.019960079840319445,-0.005322687957418415,-0.004657351962741196,-0.013414560852421986,0.03455197811126709,0.0044581592082977295,0.03009381890296936,0.009980039920159611,-0.01264138389886893,-0.0013306719893546592
all_462_final_model,guj,san,guj->san,1503,0.7272122421823021,0.863606121091151,0.9041916167664671,0.7891219484284148,0.7715246677398682,0.11053452640771866,0.36425846815109253,0.1543150097131729,0.40726619958877563,0.9514304723885563,0.9041916167664671,0.9278110445775116,labse_baseline,1503,0.5322687957418496,0.6939454424484365,0.7531603459747173,0.6098219578645737,0.509768009185791,0.1808355748653412,0.18838021159172058,0.13075633347034454,0.32138779759407043,0.8083832335329342,0.89354624085163,0.8509647371922822,0.19494344644045247,0.1696606786427145,0.15103127079174983,0.17929999056384105,0.26175665855407715,0.17587825655937195,0.0858784019947052,0.1430472388556221,0.010645375914837052,0.07684630738522946
all_462_final_model,guj,sat,guj->sat,1503,0.030605455755156354,0.15568862275449102,0.20958083832335328,0.14026414301921117,0.5948441028594971,0.12550796568393707,0.3549583852291107,0.17394451797008514,0.23988571763038635,0.8403193612774451,0.7524950099800399,0.7964071856287425,labse_baseline,1503,0.007318695941450432,0.024617431803060547,0.03792415169660679,0.02367739436787134,0.058222509920597076,0.12506546080112457,0.0072557940147817135,0.07901645451784134,0.05096671590581536,0.4517631403858949,0.677977378576181,0.564870259481038,0.023286759813705923,0.13107119095143047,0.1716566866267465,0.11658674865133983,0.5366215929389,0.347702591214329,0.188919001724571,0.38855622089155023,0.07451763140385892,0.2315369261477045
all_462_final_model,guj,snd,guj->snd,1503,0.6946107784431138,0.83166999334664,0.8782435129740519,0.7588333860650438,0.7641716599464417,0.11728895455598831,0.3606695830821991,0.15132014453411102,0.40350207686424255,0.9387890884896873,0.9041916167664671,0.9214903526280772,labse_baseline,1503,0.4916833000665336,0.6400532268795742,0.6906187624750499,0.5642338773426508,0.4938579201698303,0.19377540051937103,0.18130119144916534,0.13325025141239166,0.312556728720665,0.7791084497671324,0.8815701929474384,0.8303393213572854,0.2029274783765802,0.19161676646706582,0.18762475049900196,0.19459950872239296,0.27031373977661133,0.17936839163303375,0.09094534814357758,0.1596806387225549,0.022621423819028652,0.09115103127079183
all_462_final_model,guj,tam,guj->tam,1503,0.8270126413838988,0.9095143047238856,0.9228210246174318,0.8653498495196048,0.8241441249847412,0.11321619898080826,0.3767395615577698,0.14863218367099762,0.44740456342697144,0.9481037924151696,0.9288090485695276,0.9384564204923487,labse_baseline,1503,0.8695941450432468,0.9334664005322688,0.9474384564204924,0.9001489346882876,0.7816457152366638,0.12624754011631012,0.37192827463150024,0.11823557317256927,0.4097174406051636,0.9308050565535595,0.9500998003992016,0.9404524284763806,-0.042581503659347986,-0.0239520958083832,-0.02461743180306064,-0.0347990851686828,0.04249840974807739,0.004811286926269531,0.03768712282180786,0.017298735861610126,-0.021290751829673993,-0.001996007984031878
all_462_final_model,guj,tel,guj->tel,1503,0.906187624750499,0.9634065202927479,0.9727212242182302,0.9329078780087123,0.8708005547523499,0.09154630452394485,0.3821411430835724,0.14978459477424622,0.48865941166877747,0.9727212242182302,0.9467731204258151,0.9597471723220226,labse_baseline,1503,0.9241516966067864,0.9747172322022621,0.9846972721224219,0.9475116123754326,0.8326460719108582,0.1065584048628807,0.37711966037750244,0.12157908082008362,0.4555264115333557,0.9667332002661344,0.9587491683300067,0.9627411842980705,-0.017964071856287456,-0.01131071190951427,-0.011976047904191711,-0.014603734366720245,0.0381544828414917,0.005021482706069946,0.03313300013542175,0.0059880239520957446,-0.0119760479041916,-0.0029940119760479833
all_462_final_model,guj,urd,guj->urd,1503,0.9527611443779108,0.978709248170326,0.9846972721224219,0.9650560934456509,0.9059460759162903,0.07737283408641815,0.38098153471946716,0.1493101269006729,0.5249645411968231,0.9827012641383899,0.9580838323353293,0.9703925482368596,labse_baseline,1503,0.9587491683300067,0.9886892880904857,0.9920159680638723,0.9727260199898741,0.8825376629829407,0.08907174319028854,0.39933469891548157,0.11571018397808075,0.4832029640674591,0.9793745841650033,0.9733865602129075,0.9763805721889554,-0.005988023952095856,-0.009980039920159722,-0.007318695941450404,-0.00766992654422316,0.02340841293334961,-0.018353164196014404,0.041761577129364014,0.003326679973386537,-0.015302727877578137,-0.0059880239520957446
all_462_final_model,hin,asm,hin->asm,1503,0.9188290086493679,0.9707252162341983,0.9780439121756487,0.9431504693854591,0.8667749762535095,0.08674132078886032,0.3757924437522888,0.14685127139091492,0.4909825325012207,0.980705256154358,0.9421157684630739,0.961410512308716,labse_baseline,1503,0.9135063206919495,0.9700598802395209,0.9767132401862941,0.9381042797696001,0.771601140499115,0.12004456669092178,0.3131653666496277,0.1259557008743286,0.4584357738494873,0.9580838323353293,0.957418496340652,0.9577511643379907,0.005322687957418415,0.0006653359946773296,0.0013306719893545482,0.005046189615859009,0.09517383575439453,0.06262707710266113,0.0325467586517334,0.022621423819028652,-0.015302727877578137,0.003659347970725313
all_462_final_model,hin,ben,hin->ben,1503,0.948769128409847,0.9853626081170991,0.9893546240851631,0.9673169736193382,0.8958117365837097,0.07550299167633057,0.37929415702819824,0.14710189402103424,0.5165175795555115,0.9880239520958084,0.9614105123087159,0.9747172322022621,labse_baseline,1503,0.9587491683300067,0.9886892880904857,0.9913506320691949,0.9740007413315139,0.8613099455833435,0.090781569480896,0.39558494091033936,0.117368184030056,0.46572500467300415,0.9707252162341983,0.9614105123087159,0.9660678642714571,-0.009980039920159722,-0.003326679973386648,-0.001996007984031878,-0.006683767712175714,0.03450179100036621,-0.016290783882141113,0.050792574882507324,0.017298735861610126,0.0,0.008649367930805063
all_462_final_model,hin,brx,hin->brx,1503,0.35395874916833003,0.5116433799068529,0.5914836992681304,0.43423071242305833,0.661767303943634,0.1228494793176651,0.3403882682323456,0.156341090798378,0.32137903571128845,0.9001996007984032,0.8456420492348636,0.8729208250166334,labse_baseline,1503,0.1370592149035263,0.2268795741849634,0.2721224218230206,0.18582116034665602,0.23592306673526764,0.1727496236562729,0.08668464422225952,0.10392185300588608,0.14923842251300812,0.6240851630073186,0.7937458416500333,0.708915502328676,0.21689953426480374,0.28476380572188953,0.3193612774451098,0.2484095520764023,0.4258442372083664,0.25370362401008606,0.17214061319828033,0.2761144377910846,0.05189620758483038,0.16400532268795742
all_462_final_model,hin,doi,hin->doi,1503,0.8163672654690619,0.927478376580173,0.9500998003992016,0.8667404658610965,0.8161742687225342,0.10803844779729843,0.36780479550361633,0.15125663578510284,0.44836947321891785,0.9647371922821024,0.9241516966067864,0.9444444444444444,labse_baseline,1503,0.6620093147039254,0.7864271457085829,0.8256819693945442,0.7199229328716729,0.6022065281867981,0.18753144145011902,0.22611315548419952,0.13451817631721497,0.37609337270259857,0.8330006653359947,0.9041916167664671,0.8685961410512308,0.15435795076513648,0.1410512308715901,0.12441783100465742,0.14681753298942368,0.21396774053573608,0.1416916400194168,0.07227610051631927,0.1317365269461077,0.019960079840319334,0.07584830339321358
all_462_final_model,hin,guj,hin->guj,1503,0.936127744510978,0.9767132401862941,0.9846972721224219,0.9557380725357504,0.9000672101974487,0.08190285414457321,0.3821071982383728,0.14803364872932434,0.5179600119590759,0.9827012641383899,0.9567531603459747,0.9697272122421823,labse_baseline,1503,0.9500998003992016,0.9833666001330672,0.9893546240851631,0.965500170060996,0.8742985129356384,0.09431955963373184,0.4121950566768646,0.11515936255455017,0.4621034562587738,0.9693945442448436,0.9687292082501663,0.969061876247505,-0.013972055888223589,-0.006653359946773074,-0.004657351962741196,-0.009762097525245594,0.025768697261810303,-0.03008785843849182,0.055856555700302124,0.01330671989354626,-0.0119760479041916,0.0006653359946773296
all_462_final_model,hin,kan,hin->kan,1503,0.8702594810379242,0.9421157684630739,0.9554224883566201,0.9043549790177172,0.8444352149963379,0.1033778116106987,0.3756055235862732,0.14871016144752502,0.4688296914100647,0.9627411842980705,0.9321357285429142,0.9474384564204923,labse_baseline,1503,0.8469727212242182,0.9288090485695276,0.9407850964737192,0.8847532576388686,0.7536546587944031,0.14559398591518402,0.32991138100624084,0.13496780395507812,0.42374327778816223,0.9181636726546906,0.9354624085163007,0.9268130405854956,0.02328675981370598,0.01330671989354626,0.014637391882900919,0.019601721378848636,0.09078055620193481,0.04569414258003235,0.045086413621902466,0.044577511643379975,-0.003326679973386537,0.020625415834996663
all_462_final_model,hin,kas,hin->kas,1503,0.5116433799068529,0.6493679308050565,0.7132401862940785,0.5815345322030149,0.701744794845581,0.12712347507476807,0.3543207347393036,0.1564321666955948,0.34742406010627747,0.8988689288090486,0.8542914171656687,0.8765801729873586,labse_baseline,1503,0.3147039254823686,0.4457751164337991,0.49700598802395207,0.3791685582486601,0.33941054344177246,0.20726796984672546,0.10157039761543274,0.12543341517448425,0.23784014582633972,0.7039254823685961,0.8263473053892215,0.7651363938789089,0.19693945442448435,0.20359281437125742,0.2162341982701264,0.2023659739543548,0.3623342514038086,0.25275033712387085,0.10958391427993774,0.19494344644045247,0.027944111776447178,0.11144377910844971
all_462_final_model,hin,gom,hin->gom,1503,0.759148369926813,0.8882235528942116,0.9194943446440452,0.8161634011341393,0.7870473861694336,0.11216510087251663,0.3604188859462738,0.14924298226833344,0.4266285002231598,0.9554224883566201,0.9161676646706587,0.9357950765136394,labse_baseline,1503,0.6274118429807053,0.7598137059214903,0.7964071856287425,0.6899964353059134,0.5775608420372009,0.19009889662265778,0.20964926481246948,0.14309872686862946,0.36791157722473145,0.8376580172987359,0.8968729208250167,0.8672654690618763,0.1317365269461077,0.1284098469727213,0.12308715901530276,0.12616696582822595,0.20948654413223267,0.15076962113380432,0.058716922998428345,0.11776447105788423,0.019294743845642004,0.06852960745176306
all_462_final_model,hin,mai,hin->mai,1503,0.8323353293413174,0.9254823685961411,0.9494344644045243,0.8749549121983012,0.8211787939071655,0.10460612177848816,0.37353190779685974,0.1525227427482605,0.4476468861103058,0.9647371922821024,0.9241516966067864,0.9444444444444444,labse_baseline,1503,0.7791084497671324,0.8775781769793746,0.9128409846972722,0.8270159337044946,0.6691989302635193,0.15574221312999725,0.27510344982147217,0.13242539763450623,0.3940954804420471,0.8822355289421158,0.9234863606121091,0.9028609447771124,0.05322687957418493,0.04790419161676651,0.03659347970725213,0.04793897849380668,0.15197986364364624,0.09842845797538757,0.05355140566825867,0.08250166333998665,0.0006653359946773296,0.04158349966733199
all_462_final_model,hin,mal,hin->mal,1503,0.8982035928143712,0.9580838323353293,0.9713905522288756,0.9260683149418528,0.8593651056289673,0.0937218964099884,0.3756270110607147,0.1474093794822693,0.48373809456825256,0.9747172322022621,0.9421157684630739,0.958416500332668,labse_baseline,1503,0.908183632734531,0.9654025282767797,0.9767132401862941,0.9345993078482572,0.8093212842941284,0.11320112645626068,0.36227190494537354,0.12107940018177032,0.4470493793487549,0.9481037924151696,0.9580838323353293,0.9530938123752495,-0.009980039920159722,-0.007318695941450404,-0.005322687957418526,-0.008530992906404355,0.05004382133483887,0.013355106115341187,0.03668871521949768,0.02661343978709252,-0.015968063872255467,0.005322687957418526
all_462_final_model,hin,mni,hin->mni,1503,0.04258150365934797,0.15036593479707253,0.19294743845642048,0.12576518576898313,0.5825924873352051,0.11714155226945877,0.3560293912887573,0.166190043091774,0.22656309604644775,0.8376580172987359,0.7571523619427811,0.7974051896207586,labse_baseline,1503,0.005988023952095809,0.033932135728542916,0.046573519627411845,0.025606641193821993,0.04929802566766739,0.1287359744310379,-0.00010185025894315913,0.08850661665201187,0.04939987592661055,0.48369926813040587,0.6726546906187625,0.5781769793745841,0.036593479707252165,0.1164337990685296,0.14637391882900863,0.10015854457516113,0.5332944616675377,0.3561312415477005,0.1771632201198372,0.35395874916833003,0.08449767132401864,0.21922821024617445
all_462_final_model,hin,mar,hin->mar,1503,0.9427811044577512,0.9800399201596807,0.9893546240851631,0.9599429867481982,0.8987707495689392,0.07701413333415985,0.38103461265563965,0.1472434252500534,0.5177361369132996,0.9893546240851631,0.9534264803725881,0.9713905522288756,labse_baseline,1503,0.9494344644045243,0.9846972721224219,0.9906852960745176,0.9644476219555811,0.8687591552734375,0.09176280349493027,0.40051788091659546,0.1159965991973877,0.46824127435684204,0.9767132401862941,0.9667332002661344,0.9717232202262143,-0.006653359946773074,-0.004657351962741196,-0.0013306719893545482,-0.004504635207382868,0.03001159429550171,-0.01948326826095581,0.04949486255645752,0.01264138389886893,-0.01330671989354626,-0.0003326679973386648
all_462_final_model,hin,npi,hin->npi,1503,0.9474384564204924,0.9846972721224219,0.9913506320691949,0.9658357723558201,0.9029995203018188,0.07768451422452927,0.381640762090683,0.14646555483341217,0.5213587582111359,0.9860279441117764,0.959414504324684,0.9727212242182302,labse_baseline,1503,0.9474384564204924,0.9873586161011311,0.9940119760479041,0.9664054936425713,0.8732040524482727,0.09326768666505814,0.4005280137062073,0.11647310107946396,0.47267603874206543,0.9760479041916168,0.9680638722554891,0.9720558882235529,0.0,-0.0026613439787092075,-0.0026613439787092075,-0.0005697212867512569,0.029795467853546143,-0.018887251615524292,0.048682719469070435,0.009980039920159611,-0.008649367930805063,0.0006653359946772186
all_462_final_model,hin,ory,hin->ory,1503,0.936127744510978,0.9793745841650033,0.9866932801064537,0.9561376472910162,0.8888749480247498,0.0799277275800705,0.37567058205604553,0.14777342975139618,0.5132043659687042,0.9840319361277445,0.9607451763140386,0.9723885562208916,labse_baseline,1503,0.9341317365269461,0.9773785761809713,0.9833666001330672,0.9541925459957088,0.8409289717674255,0.104215607047081,0.37266239523887634,0.1193641722202301,0.4682665765285492,0.9647371922821024,0.9687292082501663,0.9667332002661344,0.001996007984031878,0.001996007984031989,0.003326679973386537,0.0019451012953074498,0.04794597625732422,0.0030081868171691895,0.04493778944015503,0.019294743845642115,-0.007984031936127733,0.005655355954757191
all_462_final_model,hin,pan,hin->pan,1503,0.9308050565535595,0.9753825681969395,0.9840319361277445,0.9527097477251034,0.8868753910064697,0.08510668575763702,0.3763746917247772,0.1467376947402954,0.5105006992816925,0.9860279441117764,0.9540918163672655,0.9700598802395209,labse_baseline,1503,0.9347970725216235,0.9820359281437125,0.9893546240851631,0.9561222923558088,0.8482791185379028,0.10260464996099472,0.3797656297683716,0.11915498971939087,0.46851348876953125,0.9700598802395209,0.9627411842980705,0.9664005322687957,-0.003992015968063978,-0.006653359946773074,-0.005322687957418526,-0.003412544630705394,0.038596272468566895,-0.0033909380435943604,0.041987210512161255,0.015968063872255467,-0.008649367930805063,0.003659347970725202
all_462_final_model,hin,san,hin->san,1503,0.7139055222887558,0.8556220891550232,0.89354624085163,0.7793228515613235,0.7615954875946045,0.1187971904873848,0.36287906765937805,0.15424437820911407,0.39871641993522644,0.9367930805056554,0.8968729208250167,0.916833000665336,labse_baseline,1503,0.5096473719228211,0.6540252827677977,0.7139055222887558,0.5811163359962469,0.4952113628387451,0.18547217547893524,0.18866141140460968,0.13167670369148254,0.30654995143413544,0.7930805056553559,0.8729208250166334,0.8330006653359947,0.20425815036593475,0.20159680638722555,0.17964071856287422,0.19820651556507662,0.2663841247558594,0.17421765625476837,0.092166468501091,0.14371257485029942,0.02395209580838331,0.08383233532934131
all_462_final_model,hin,sat,hin->sat,1503,0.039254823685961414,0.1490352628077179,0.19627411842980705,0.13544248451090526,0.5918582677841187,0.12136603146791458,0.3582606911659241,0.17183388769626617,0.23359757661819458,0.8283433133732535,0.7524950099800399,0.7904191616766467,labse_baseline,1503,0.005988023952095809,0.017298735861610112,0.028609447771124417,0.018449759003781093,0.05060728266835213,0.12380921840667725,0.0037259182427078485,0.08027871698141098,0.04688136442564428,0.44510978043912175,0.6753160345974717,0.5602129075182967,0.03326679973386561,0.13173652694610777,0.16766467065868262,0.11699272550712417,0.5412509851157665,0.3545347729232162,0.1867162121925503,0.38323353293413176,0.07717897538256824,0.23020625415835005
all_462_final_model,hin,snd,hin->snd,1503,0.7065868263473054,0.8376580172987359,0.8782435129740519,0.7675050021851122,0.7682698369026184,0.1220066100358963,0.3595410883426666,0.1491433084011078,0.4087287485599518,0.9341317365269461,0.9075182967398536,0.9208250166333999,labse_baseline,1503,0.490352628077179,0.6327345309381237,0.6892880904856953,0.5602097366735468,0.5000100135803223,0.20152431726455688,0.18358160555362701,0.13329459726810455,0.31642840802669525,0.7744510978043913,0.8775781769793746,0.8260146373918829,0.2162341982701264,0.2049234863606122,0.18895542248835662,0.2072952655115654,0.26825982332229614,0.1759594827890396,0.09230034053325653,0.1596806387225549,0.029940119760479056,0.09481037924151703
all_462_final_model,hin,tam,hin->tam,1503,0.846307385229541,0.9208250166333999,0.9414504324683965,0.8817633466654471,0.8320305943489075,0.11023437231779099,0.37578076124191284,0.1479388326406479,0.45624983310699463,0.9534264803725881,0.9347970725216235,0.9441117764471059,labse_baseline,1503,0.8682634730538922,0.9394544244843646,0.9560878243512974,0.9009516439270113,0.7887157201766968,0.12460912764072418,0.3806554675102234,0.11774741858243942,0.4080602526664734,0.9301397205588823,0.9427811044577512,0.9364604125083167,-0.02195608782435121,-0.018629407850964674,-0.014637391882900808,-0.019188297261564236,0.04331487417221069,-0.004874706268310547,0.04818958044052124,0.02328675981370587,-0.007984031936127733,0.00765136393878918
all_462_final_model,hin,tel,hin->tel,1503,0.9248170326014638,0.978709248170326,0.9833666001330672,0.9488174378191832,0.8765808343887329,0.08404728025197983,0.3820326328277588,0.14846143126487732,0.4945482015609741,0.9866932801064537,0.9481037924151696,0.9673985362608117,labse_baseline,1503,0.9261477045908184,0.9753825681969395,0.9846972721224219,0.9480827835501388,0.8340977430343628,0.10554661601781845,0.38643041253089905,0.12022410333156586,0.44766733050346375,0.9600798403193613,0.9567531603459747,0.958416500332668,-0.0013306719893546592,0.003326679973386537,-0.0013306719893546592,0.0007346542690443991,0.04248309135437012,-0.004397779703140259,0.046880871057510376,0.026613439787092408,-0.008649367930805063,0.008982035928143728
all_462_final_model,hin,urd,hin->urd,1503,0.9500998003992016,0.9846972721224219,0.9920159680638723,0.9652991415957117,0.9112235903739929,0.07485372573137283,0.38069605827331543,0.14876419305801392,0.5305275321006775,0.9873586161011311,0.9627411842980705,0.9750499001996008,labse_baseline,1503,0.9520958083832335,0.9860279441117764,0.9926813040585496,0.9677238525063017,0.8874449729919434,0.08860577642917633,0.40865859389305115,0.11439765244722366,0.4787863790988922,0.980705256154358,0.9740518962075848,0.9773785761809715,-0.001996007984031878,-0.0013306719893545482,-0.0006653359946773296,-0.0024247109105899334,0.02377861738204956,-0.027962535619735718,0.05174115300178528,0.006653359946773074,-0.01131071190951427,-0.0023286759813706537
all_462_final_model,kan,asm,kan->asm,1503,0.823020625415835,0.9161676646706587,0.9387890884896873,0.8664617834673677,0.8204458355903625,0.10843566805124283,0.37053585052490234,0.15129853785037994,0.4499099850654602,0.9600798403193613,0.9254823685961411,0.9427811044577512,labse_baseline,1503,0.8469727212242182,0.936127744510978,0.9507651363938789,0.8863817067327247,0.717513382434845,0.1458239108324051,0.26424849033355713,0.13355682790279388,0.45326489210128784,0.9281437125748503,0.9454424484364604,0.9367930805056554,-0.0239520958083832,-0.019960079840319334,-0.0119760479041916,-0.019919923265356965,0.10293245315551758,0.10628736019134521,-0.0033549070358276367,0.031936127744511045,-0.019960079840319334,0.005988023952095856
all_462_final_model,kan,ben,kan->ben,1503,0.8622754491017964,0.9427811044577512,0.9567531603459747,0.8993201521950929,0.8396990299224854,0.10118810832500458,0.3725290298461914,0.14976809918880463,0.46717000007629395,0.9687292082501663,0.936127744510978,0.9524284763805722,labse_baseline,1503,0.8948769128409847,0.9614105123087159,0.9720558882235529,0.9248655180866382,0.7600024342536926,0.14216478168964386,0.3158631920814514,0.13541950285434723,0.4441392421722412,0.9194943446440452,0.9387890884896873,0.9291417165668663,-0.03260146373918826,-0.018629407850964674,-0.015302727877578248,-0.025545365891545324,0.07969659566879272,0.05666583776473999,0.023030757904052734,0.04923486360612106,-0.0026613439787093185,0.02328675981370587
all_462_final_model,kan,brx,kan->brx,1503,0.2940785096473719,0.4304723885562209,0.49567531603459747,0.36608422404335184,0.651201605796814,0.12808218598365784,0.34118807315826416,0.1637803167104721,0.3100135326385498,0.8822355289421158,0.8163672654690619,0.8493013972055888,labse_baseline,1503,0.15568862275449102,0.2767797737857618,0.3206919494344644,0.21719207340399466,0.27091750502586365,0.16870224475860596,0.10270271450281143,0.10604545474052429,0.16821479052305222,0.6380572188955422,0.8143712574850299,0.7262142381902861,0.1383898868928809,0.1536926147704591,0.17498336660013308,0.14889215063935718,0.3802841007709503,0.23848535865545273,0.1417987421154976,0.24417831004657353,0.001996007984031989,0.12308715901530276
all_462_final_model,kan,doi,kan->doi,1503,0.6892880904856953,0.8363273453093812,0.8815701929474384,0.7579091787940022,0.7772899866104126,0.1193327009677887,0.3627500832080841,0.15429696440696716,0.4145399034023285,0.9387890884896873,0.8928809048569527,0.91583499667332,labse_baseline,1503,0.6400532268795742,0.7791084497671324,0.8223552894211577,0.7042216327298974,0.5851699709892273,0.18160484731197357,0.21010267734527588,0.13365469872951508,0.3750672936439514,0.8323353293413174,0.9028609447771124,0.867598137059215,0.04923486360612106,0.05721889554224879,0.05921490352628078,0.05368754606410486,0.1921200156211853,0.15264740586280823,0.039472609758377075,0.10645375914836996,-0.009980039920159722,0.048236859614105065
all_462_final_model,kan,guj,kan->guj,1503,0.8562874251497006,0.9308050565535595,0.948769128409847,0.8902795524702244,0.8371191620826721,0.10792060941457748,0.37420034408569336,0.14979290962219238,0.46291881799697876,0.9620758483033932,0.9367930805056554,0.9494344644045243,labse_baseline,1503,0.8755821689953427,0.9540918163672655,0.9647371922821024,0.909642523937784,0.7505074739456177,0.1490815281867981,0.3218013346195221,0.13352307677268982,0.4287061393260956,0.9161676646706587,0.9341317365269461,0.9251497005988024,-0.019294743845642115,-0.02328675981370598,-0.015968063872255467,-0.01936297146755961,0.08661168813705444,0.052399009466171265,0.03421267867088318,0.04590818363273452,0.0026613439787092075,0.024284763805721865
all_462_final_model,kan,hin,kan->hin,1503,0.8695941450432468,0.9427811044577512,0.9587491683300067,0.9050154679692662,0.8444352149963379,0.1033778116106987,0.37436750531196594,0.14772126078605652,0.47006770968437195,0.9627411842980705,0.9394544244843646,0.9510978043912175,labse_baseline,1503,0.8902195608782435,0.9560878243512974,0.9693945442448436,0.92106191385834,0.7536546587944031,0.14559398591518402,0.3303316533565521,0.13112501800060272,0.42332300543785095,0.9181636726546906,0.9328010645375915,0.9254823685961411,-0.020625415834996663,-0.013306719893546148,-0.010645375914836941,-0.01604644588907378,0.09078055620193481,0.04403585195541382,0.046744704246520996,0.044577511643379975,0.006653359946773074,0.025615435795076413
all_462_final_model,kan,kas,kan->kas,1503,0.41184298070525616,0.564870259481038,0.6300731869594145,0.4860319759697375,0.6856603622436523,0.1308610439300537,0.353919118642807,0.16130958497524261,0.33174124360084534,0.8908848968729208,0.83166999334664,0.8612774451097804,labse_baseline,1503,0.34530938123752497,0.4803725881570193,0.5442448436460412,0.41228306057160446,0.3796079754829407,0.19470994174480438,0.12463326007127762,0.12532059848308563,0.25497471541166306,0.729208250166334,0.8429807052561543,0.7860944777112442,0.06653359946773119,0.0844976713240187,0.0858283433133733,0.07374891539813305,0.30605238676071167,0.2292858585715294,0.07676652818918228,0.16167664670658688,-0.01131071190951427,0.07518296739853625
all_462_final_model,kan,gom,kan->gom,1503,0.6713240186294078,0.8077178975382568,0.8476380572188955,0.735545598204451,0.7627172470092773,0.12315075844526291,0.3578571081161499,0.15278823673725128,0.40486013889312744,0.9321357285429142,0.8975382568196939,0.914836992681304,labse_baseline,1503,0.6307385229540918,0.7857618097139055,0.8283433133732535,0.7013747635482728,0.5790345668792725,0.1823415458202362,0.19642938673496246,0.1400735229253769,0.38260518014431,0.854956753160346,0.8922155688622755,0.8735861610113107,0.040585495675316,0.021956087824351322,0.019294743845642004,0.034170834656178206,0.18368268013000488,0.16142772138118744,0.022254958748817444,0.07717897538256813,0.005322687957418415,0.041250831669993326
all_462_final_model,kan,mai,kan->mai,1503,0.7272122421823021,0.8522954091816367,0.8902195608782435,0.7849306044564159,0.785268247127533,0.11839313060045242,0.36830660700798035,0.15542829036712646,0.4169616401195526,0.9387890884896873,0.906187624750499,0.9224883566200932,labse_baseline,1503,0.7312042581503659,0.8562874251497006,0.8968729208250167,0.7903939469679332,0.6393172144889832,0.16580986976623535,0.24381737411022186,0.13757531344890594,0.3954998403787613,0.8669328010645376,0.9115103127079175,0.8892215568862276,-0.003992015968063867,-0.003992015968063867,-0.006653359946773185,-0.005463342511517255,0.1459510326385498,0.12448923289775848,0.02146179974079132,0.07185628742514971,-0.005322687957418526,0.03326679973386559
all_462_final_model,kan,mal,kan->mal,1503,0.8330006653359947,0.9108449767132402,0.9347970725216235,0.8708920495933781,0.8266648054122925,0.11317871510982513,0.36972320079803467,0.149075448513031,0.4569416046142578,0.9540918163672655,0.9314703925482368,0.9427811044577512,labse_baseline,1503,0.8556220891550232,0.9367930805056554,0.9534264803725881,0.89433128244333,0.7458057403564453,0.14697803556919098,0.2943630516529083,0.13213682174682617,0.451442688703537,0.9228210246174318,0.9454424484364604,0.9341317365269461,-0.02262142381902854,-0.02594810379241519,-0.018629407850964674,-0.023439232849951974,0.08085906505584717,0.07536014914512634,0.005498915910720825,0.031270791749833715,-0.013972055888223589,0.008649367930805063
all_462_final_model,kan,mni,kan->mni,1503,0.033932135728542916,0.1270791749833666,0.1703260146373919,0.10707258353323551,0.5805809497833252,0.13117897510528564,0.35176119208335876,0.17281387746334076,0.22881975769996643,0.8203592814371258,0.7491683300066534,0.7847638057218895,labse_baseline,1503,0.004657351962741184,0.0332667997338656,0.049234863606121095,0.02580100515856002,0.08262462913990021,0.13758189976215363,0.021017024293541908,0.08979804068803787,0.0616076048463583,0.4810379241516966,0.7019294743845642,0.5914836992681304,0.029274783765801733,0.093812375249501,0.1210911510312708,0.0812715783746755,0.497956320643425,0.33074416778981686,0.16721215285360813,0.33932135728542917,0.04723885562208918,0.19328010645375915
all_462_final_model,kan,mar,kan->mar,1503,0.8622754491017964,0.9374584165003327,0.9534264803725881,0.8961510124147776,0.8402454257011414,0.10623005032539368,0.37359583377838135,0.14938396215438843,0.46664959192276,0.9627411842980705,0.9314703925482368,0.9471057884231537,labse_baseline,1503,0.8902195608782435,0.957418496340652,0.9700598802395209,0.9204948159830401,0.7611919641494751,0.14518378674983978,0.3178870379924774,0.13357731699943542,0.4433049261569977,0.9254823685961411,0.9354624085163007,0.9304723885562209,-0.027944111776447067,-0.019960079840319334,-0.016633399866932796,-0.02434380356826249,0.07905346155166626,0.05570879578590393,0.02334466576576233,0.03725881570192946,-0.003992015968063867,0.016633399866932796
all_462_final_model,kan,npi,kan->npi,1503,0.8649367930805056,0.93812375249501,0.9534264803725881,0.8989600358311982,0.8401792645454407,0.10573131591081619,0.3726459741592407,0.14775711297988892,0.46753329038619995,0.9614105123087159,0.9407850964737192,0.9510978043912175,labse_baseline,1503,0.8862275449101796,0.9554224883566201,0.9693945442448436,0.9187279408453949,0.7576466798782349,0.1465384066104889,0.3141367733478546,0.13291674852371216,0.44350990653038025,0.927478376580173,0.936127744510978,0.9318030605455755,-0.021290751829673993,-0.017298735861610126,-0.015968063872255467,-0.019767905014196674,0.08253258466720581,0.05850920081138611,0.024023383855819702,0.03393213572854292,0.004657351962741196,0.019294743845642004
all_462_final_model,kan,ory,kan->ory,1503,0.8536260811709914,0.9328010645375915,0.9494344644045243,0.89049421244375,0.8352640271186829,0.10334344953298569,0.36976131796836853,0.15043409168720245,0.46550270915031433,0.9620758483033932,0.936127744510978,0.9491017964071856,labse_baseline,1503,0.8709248170326015,0.9467731204258151,0.9640718562874252,0.905481102850861,0.7454275488853455,0.1438351571559906,0.2973938286304474,0.13120834529399872,0.44803372025489807,0.9221556886227545,0.9401197604790419,0.9311377245508983,-0.017298735861610126,-0.013972055888223589,-0.014637391882900919,-0.014986890407110987,0.0898364782333374,0.07236748933792114,0.01746898889541626,0.03992015968063867,-0.003992015968063867,0.017964071856287345
all_462_final_model,kan,pan,kan->pan,1503,0.8376580172987359,0.9241516966067864,0.9427811044577512,0.8754165832818456,0.8144672513008118,0.11538960039615631,0.36699700355529785,0.14732785522937775,0.4474702477455139,0.9560878243512974,0.9328010645375915,0.9444444444444444,labse_baseline,1503,0.8589487691284099,0.9374584165003327,0.9540918163672655,0.8973124263648553,0.7249096632003784,0.15231755375862122,0.296247273683548,0.13278526067733765,0.42866238951683044,0.9055222887558216,0.9334664005322688,0.9194943446440452,-0.021290751829673993,-0.01330671989354626,-0.01131071190951427,-0.021895843083009736,0.08955758810043335,0.07074972987174988,0.01880785822868347,0.05056553559547572,-0.0006653359946773296,0.024950099800399195
all_462_final_model,kan,san,kan->san,1503,0.6320691949434465,0.7844311377245509,0.8296739853626082,0.7046639926860703,0.7434688210487366,0.12865014374256134,0.36124730110168457,0.15834353864192963,0.382221519947052,0.914836992681304,0.874251497005988,0.894544244843646,labse_baseline,1503,0.5535595475715236,0.7285429141716567,0.7791084497671324,0.6339480630101562,0.5104222297668457,0.18207165598869324,0.18076640367507935,0.13534414768218994,0.32965582609176636,0.8157019294743846,0.8782435129740519,0.8469727212242182,0.0785096473719229,0.055888223552894134,0.05056553559547572,0.07071592967591411,0.23304659128189087,0.18048089742660522,0.052565693855285645,0.09913506320691945,-0.003992015968063867,0.04757152361942785
all_462_final_model,kan,sat,kan->sat,1503,0.02661343978709248,0.13439787092481703,0.17764471057884232,0.11883199401967742,0.5849551558494568,0.13685859739780426,0.3535621166229248,0.1771523505449295,0.23139303922653198,0.8057218895542249,0.7478376580172987,0.7767797737857618,labse_baseline,1503,0.005988023952095809,0.023952095808383235,0.03792415169660679,0.024187503187188753,0.08613888174295425,0.13412976264953613,0.025895828381180763,0.08475898206233978,0.06024305336177349,0.4577511643379907,0.7312042581503659,0.5944777112441784,0.02062541583499667,0.1104457751164338,0.13972055888223553,0.09464449083248867,0.49881627410650253,0.32766628824174404,0.1711499858647585,0.3479707252162342,0.016633399866932796,0.18230206254158343
all_462_final_model,kan,snd,kan->snd,1503,0.5954757152361942,0.7405189620758483,0.7924151696606786,0.6655241450884481,0.7389993071556091,0.12844501435756683,0.3579074442386627,0.1540902704000473,0.3810918629169464,0.9188290086493679,0.8735861610113107,0.8962075848303392,labse_baseline,1503,0.5262807717897539,0.6666666666666666,0.7232202262142382,0.5960517823668656,0.506149411201477,0.19019046425819397,0.18125852942466736,0.13087919354438782,0.3248908817768097,0.7984031936127745,0.8715901530272788,0.8349966733200267,0.0691949434464404,0.0738522954091817,0.0691949434464404,0.06947236272158253,0.23284989595413208,0.17664891481399536,0.05620098114013672,0.12042581503659344,0.001996007984031878,0.06121091151031255
all_462_final_model,kan,tam,kan->tam,1503,0.7970725216234198,0.8948769128409847,0.9135063206919495,0.842825600266619,0.8102333545684814,0.12129033356904984,0.36974814534187317,0.1509811282157898,0.4404852092266083,0.9414504324683965,0.9208250166333999,0.9311377245508983,labse_baseline,1503,0.833666001330672,0.914836992681304,0.9401197604790419,0.8733842235928222,0.7288905382156372,0.15442122519016266,0.3054225742816925,0.1328413337469101,0.4234679639339447,0.8968729208250167,0.9281437125748503,0.9125083166999335,-0.03659347970725224,-0.019960079840319334,-0.026613439787092408,-0.030558623326203183,0.08134281635284424,0.06432557106018066,0.017017245292663574,0.044577511643379863,-0.007318695941450404,0.018629407850964785
all_462_final_model,kan,tel,kan->tel,1503,0.8762475049900199,0.9494344644045243,0.9654025282767797,0.9090787981244455,0.849004864692688,0.10066400468349457,0.3767421245574951,0.14888896048069,0.47226274013519287,0.9700598802395209,0.9434464404524284,0.9567531603459747,labse_baseline,1503,0.8975382568196939,0.9627411842980705,0.9767132401862941,0.9263330915624436,0.773101806640625,0.1356576830148697,0.31184884905815125,0.13414762914180756,0.46125295758247375,0.9328010645375915,0.9467731204258151,0.9397870924817033,-0.021290751829673993,-0.01330671989354626,-0.011310711909514382,-0.017254293437998114,0.07590305805206299,0.06489327549934387,0.011009782552719116,0.03725881570192946,-0.003326679973386648,0.01696606786427135
all_462_final_model,kan,urd,kan->urd,1503,0.8556220891550232,0.9334664005322688,0.9527611443779108,0.8914854842328359,0.8345471620559692,0.10537517070770264,0.3726678192615509,0.14953553676605225,0.46187934279441833,0.9607451763140386,0.9328010645375915,0.946773120425815,labse_baseline,1503,0.8835662009314704,0.9560878243512974,0.9667332002661344,0.9145852679202318,0.7480340600013733,0.1462600976228714,0.31875696778297424,0.13123053312301636,0.42927709221839905,0.9188290086493679,0.9394544244843646,0.9291417165668663,-0.027944111776447178,-0.02262142381902854,-0.013972055888223589,-0.023099783687395847,0.08651310205459595,0.05391085147857666,0.03260225057601929,0.041916167664670656,-0.006653359946773074,0.01763140385894868
all_462_final_model,kas,asm,kas->asm,1503,0.4417831004657352,0.6014637391882901,0.6713240186294078,0.5224961025451221,0.7055119872093201,0.1250280886888504,0.3585968017578125,0.15617884695529938,0.34691518545150757,0.908183632734531,0.8642714570858283,0.8862275449101796,labse_baseline,1503,0.3805721889554225,0.5515635395874917,0.614105123087159,0.4622909289840226,0.394939124584198,0.1926521360874176,0.12098968029022217,0.12551206350326538,0.27394944429397583,0.7538256819693946,0.854956753160346,0.8043912175648703,0.061210911510312715,0.04990019960079839,0.05721889554224879,0.060205173561099556,0.31057286262512207,0.23760712146759033,0.07296574115753174,0.15435795076513636,0.009314703925482282,0.08183632734530932
all_462_final_model,kas,ben,kas->ben,1503,0.47105788423153694,0.6220891550232868,0.6833000665335994,0.5444485219197386,0.6949679851531982,0.12746821343898773,0.3540652394294739,0.15245506167411804,0.34090274572372437,0.8995342648037259,0.8556220891550232,0.8775781769793746,labse_baseline,1503,0.4038589487691284,0.5781769793745841,0.6467065868263473,0.4880162013802082,0.35616934299468994,0.20136676728725433,0.11068563163280487,0.12845399975776672,0.24548371136188507,0.7159015302727878,0.8290086493679308,0.7724550898203593,0.06719893546240852,0.043912175648702645,0.03659347970725213,0.0564323205395304,0.3387986421585083,0.243379607796669,0.0954190343618393,0.1836327345309381,0.026613439787092408,0.1051230871590153
all_462_final_model,kas,brx,kas->brx,1503,0.2055888223552894,0.33399866932801064,0.42381902860944776,0.2782222655765512,0.6672611832618713,0.13719984889030457,0.35016685724258423,0.17812542617321014,0.3170943260192871,0.867598137059215,0.8150365934797072,0.8413173652694611,labse_baseline,1503,0.1536926147704591,0.2648037258815702,0.3200266134397871,0.21500253194865687,0.3337462544441223,0.1727450042963028,0.12538456916809082,0.12068718671798706,0.2083616852760315,0.6892880904856953,0.8223552894211577,0.7558216899534265,0.05189620758483032,0.06919494344644045,0.10379241516966065,0.06321973362789435,0.333514928817749,0.2247822880744934,0.10873264074325562,0.17831004657351968,-0.007318695941450404,0.08549567531603464
all_462_final_model,kas,doi,kas->doi,1503,0.41184298070525616,0.5701929474384564,0.6520292747837658,0.4909768386635264,0.7130666375160217,0.12874731421470642,0.35642802715301514,0.16430915892124176,0.3566386103630066,0.9055222887558216,0.8556220891550232,0.8805721889554224,labse_baseline,1503,0.38323353293413176,0.5269461077844312,0.6087824351297405,0.45725069846753935,0.43851158022880554,0.19335681200027466,0.13952291011810303,0.1280876100063324,0.2989886701107025,0.7651363938789089,0.8729208250166334,0.8190286094477711,0.028609447771124397,0.043246839654025204,0.043246839654025315,0.033726140195987075,0.2745550572872162,0.2169051170349121,0.05764994025230408,0.14038589487691278,-0.017298735861610126,0.061543579507651325
all_462_final_model,kas,guj,kas->guj,1503,0.4750499001996008,0.6433799068529608,0.7045908183632734,0.5565088874401573,0.70499587059021,0.12378338724374771,0.35689449310302734,0.15427301824092865,0.3481013774871826,0.9174983366600133,0.865602129075183,0.8915502328675982,labse_baseline,1503,0.41783100465735196,0.5668662674650699,0.6407185628742516,0.4917040020188426,0.34537652134895325,0.20756663382053375,0.10310447216033936,0.1305081993341446,0.2422720491886139,0.6952761144377911,0.8196939454424484,0.7574850299401198,0.05721889554224885,0.07651363938789091,0.06387225548902187,0.06480488542131463,0.3596193492412567,0.253790020942688,0.10582932829856873,0.2222222222222222,0.04590818363273452,0.13406520292747837
all_462_final_model,kas,hin,kas->hin,1503,0.5056553559547572,0.6500332667997338,0.7125748502994012,0.5765559398057633,0.701744794845581,0.12712347507476807,0.3557775318622589,0.1522992104291916,0.34596726298332214,0.8975382568196939,0.863606121091151,0.8805721889554224,labse_baseline,1503,0.42847638057218895,0.5848303393213573,0.6453759148369926,0.5032073803528282,0.33941054344177246,0.20726796984672546,0.10136467218399048,0.12818630039691925,0.23804587125778198,0.7039254823685961,0.8223552894211577,0.7631403858948769,0.07717897538256824,0.06520292747837653,0.06719893546240852,0.07334855945293506,0.3623342514038086,0.25441285967826843,0.10792139172554016,0.1936127744510978,0.041250831669993326,0.11743180306054557
all_462_final_model,kas,kan,kas->kan,1503,0.3978709248170326,0.552228875582169,0.6220891550232868,0.47807083934044287,0.6856603622436523,0.1308610439300537,0.35497528314590454,0.1579749435186386,0.3306850790977478,0.8895542248835662,0.8449767132401863,0.8672654690618762,labse_baseline,1503,0.3666001330671989,0.5329341317365269,0.5954757152361942,0.4488415281280289,0.3796079754829407,0.19470994174480438,0.12346780300140381,0.1249600350856781,0.25614017248153687,0.7305389221556886,0.8542914171656687,0.7924151696606787,0.031270791749833715,0.019294743845642115,0.02661343978709252,0.029229311212413955,0.30605238676071167,0.23150748014450073,0.07454490661621094,0.15901530272787756,-0.009314703925482393,0.07485029940119747
all_462_final_model,kas,gom,kas->gom,1503,0.36260811709913504,0.5109780439121756,0.5815036593479708,0.43708666025725296,0.6877082586288452,0.13570477068424225,0.3512531518936157,0.1621856540441513,0.3364551067352295,0.8829008649367931,0.8376580172987359,0.8602794411177646,labse_baseline,1503,0.3366600133067199,0.4856952761144378,0.5482368596141052,0.4121369332809006,0.40401893854141235,0.19875572621822357,0.12409704178571701,0.12764418125152588,0.27992189675569534,0.7371922821024618,0.863606121091151,0.8003992015968064,0.025948103792415134,0.025282767797737804,0.03326679973386559,0.024949726976352338,0.28368932008743286,0.2271561101078987,0.05653320997953415,0.1457085828343313,-0.025948103792415078,0.05988023952095811
all_462_final_model,kas,mai,kas->mai,1503,0.41184298070525616,0.5775116433799069,0.6327345309381237,0.49298105017872623,0.6985711455345154,0.13235874474048615,0.35535264015197754,0.16280816495418549,0.34321850538253784,0.8975382568196939,0.8423153692614771,0.8699268130405855,labse_baseline,1503,0.39654025282767796,0.5409181636726547,0.6094477711244178,0.467894343396211,0.399848610162735,0.2057981938123703,0.12246241420507431,0.1249343603849411,0.2773861959576607,0.7332002661343978,0.8715901530272788,0.8023952095808383,0.015302727877578193,0.03659347970725224,0.02328675981370587,0.025086706782515233,0.2987225353717804,0.23289022594690323,0.06583230942487717,0.1643379906852961,-0.029274783765801726,0.06753160345974718
all_462_final_model,kas,mal,kas->mal,1503,0.41051230871590155,0.5848303393213573,0.6533599467731205,0.4912004984594568,0.6811511516571045,0.1320951282978058,0.35348865389823914,0.15395094454288483,0.32766249775886536,0.8895542248835662,0.8582834331337326,0.8739188290086494,labse_baseline,1503,0.37192282102461743,0.5515635395874917,0.6194278110445776,0.455470031422157,0.36241474747657776,0.20158453285694122,0.11188183724880219,0.12607067823410034,0.2505329102277756,0.709913506320692,0.8436460412508316,0.7767797737857618,0.03858948769128412,0.03326679973386559,0.03393213572854292,0.03573046703729982,0.31873640418052673,0.24160681664943695,0.07712958753108978,0.17964071856287422,0.014637391882900919,0.09713905522288757
all_462_final_model,kas,mni,kas->mni,1503,0.03526280771789754,0.1270791749833666,0.17498336660013306,0.10388256235160367,0.6177278161048889,0.147886261343956,0.3642789423465729,0.19142280519008636,0.25344887375831604,0.8137059214903526,0.7571523619427811,0.7854291417165669,labse_baseline,1503,0.010645375914836993,0.05189620758483034,0.07318695941450433,0.04280828608343031,0.19781112670898438,0.15866823494434357,0.10442552715539932,0.11725399643182755,0.09338559955358505,0.5728542914171657,0.7065868263473054,0.6397205588822356,0.024617431803060547,0.07518296739853626,0.10179640718562873,0.06107427626817336,0.41991668939590454,0.25985341519117355,0.160063274204731,0.24085163007318688,0.05056553559547572,0.1457085828343313
all_462_final_model,kas,mar,kas->mar,1503,0.4577511643379907,0.6194278110445776,0.6766467065868264,0.535133395657336,0.6955555081367493,0.1252586543560028,0.35475537180900574,0.15266965329647064,0.34080013632774353,0.9088489687292083,0.8609447771124418,0.8848968729208251,labse_baseline,1503,0.4151696606786427,0.5681969394544245,0.6387225548902196,0.4898026650599698,0.3495389521121979,0.20264720916748047,0.10773912072181702,0.12777309119701385,0.24179983139038086,0.7119095143047239,0.83166999334664,0.7717897538256819,0.042581503659347986,0.05123087159015305,0.03792415169660679,0.0453307305973662,0.3460165560245514,0.24701625108718872,0.09900030493736267,0.19693945442448435,0.029274783765801726,0.11310711909514315
all_462_final_model,kas,npi,kas->npi,1503,0.4870259481037924,0.6400532268795742,0.6966067864271457,0.5611373431498086,0.6979067325592041,0.12624242901802063,0.35499516129493713,0.15252260863780975,0.34291157126426697,0.9041916167664671,0.8616101131071191,0.8829008649367931,labse_baseline,1503,0.42980705256154356,0.5848303393213573,0.64604125083167,0.5042444295875018,0.351900190114975,0.2051483541727066,0.10428288578987122,0.12620414793491364,0.24761730432510376,0.718562874251497,0.8349966733200266,0.7767797737857618,0.05721889554224885,0.055222887558216915,0.05056553559547572,0.056892913562306746,0.3460065424442291,0.2507122755050659,0.09529426693916321,0.18562874251497008,0.02661343978709252,0.1061210911510313
all_462_final_model,kas,ory,kas->ory,1503,0.4717232202262142,0.626746506986028,0.6866267465069861,0.5466993445292846,0.6987180709838867,0.1249818429350853,0.35226547718048096,0.15446001291275024,0.34645259380340576,0.9035262807717898,0.8622754491017964,0.8829008649367931,labse_baseline,1503,0.39454424484364603,0.5562208915502329,0.626746506986028,0.4728377528326377,0.3598918318748474,0.20358365774154663,0.10333027690649033,0.12736180424690247,0.2565615549683571,0.7178975382568197,0.8423153692614771,0.7801064537591484,0.07717897538256818,0.07052561543579505,0.05988023952095811,0.07386159169664691,0.3388262391090393,0.24893520027399063,0.08989103883504868,0.18562874251497008,0.019960079840319334,0.10279441117764465
all_462_final_model,kas,pan,kas->pan,1503,0.47571523619427813,0.6360612109115104,0.697272122421823,0.5544009170107127,0.6928495168685913,0.13554459810256958,0.3504703938961029,0.1518288254737854,0.3423791229724884,0.884896872920825,0.8662674650698603,0.8755821689953427,labse_baseline,1503,0.4138389886892881,0.5701929474384564,0.6407185628742516,0.4922867485217435,0.35279443860054016,0.21320289373397827,0.09663739055395126,0.12931545078754425,0.2561570480465889,0.7092481703260146,0.8356620093147039,0.7724550898203593,0.061876247504990045,0.06586826347305397,0.056553559547571464,0.062114168488969224,0.34005507826805115,0.25383300334215164,0.0862220749258995,0.17564870259481036,0.030605455755156386,0.10312707917498343
all_462_final_model,kas,san,kas->san,1503,0.3486360612109115,0.5023286759813705,0.5728542914171657,0.4276516197451232,0.6870888471603394,0.1312820017337799,0.3563205599784851,0.1640670746564865,0.33076828718185425,0.8962075848303394,0.8403193612774451,0.8682634730538923,labse_baseline,1503,0.32667997338656024,0.4856952761144378,0.5442448436460412,0.4056640869800994,0.41403985023498535,0.17802992463111877,0.13721615076065063,0.12401363998651505,0.2768236994743347,0.7658017298735862,0.8669328010645376,0.8163672654690619,0.021956087824351267,0.01663339986693274,0.028609447771124508,0.0219875327650238,0.273048996925354,0.21910440921783447,0.05394458770751953,0.13040585495675316,-0.02661343978709252,0.05189620758483038
all_462_final_model,kas,sat,kas->sat,1503,0.027278775781769793,0.1497005988023952,0.2055888223552894,0.12717115591353573,0.6315130591392517,0.15241393446922302,0.3637417256832123,0.19585464894771576,0.26777133345603943,0.8130405854956753,0.7618097139055223,0.7874251497005988,labse_baseline,1503,0.008649367930805056,0.047238855622089154,0.06786427145708583,0.04507045844793309,0.20793354511260986,0.15799027681350708,0.1150391474366188,0.11615904420614243,0.09289439767599106,0.5528942115768463,0.7192282102461743,0.6360612109115102,0.018629407850964737,0.10246174318030604,0.13772455089820357,0.08210069746560264,0.42357951402664185,0.24870257824659348,0.17487693578004837,0.260146373918829,0.042581503659347986,0.1513639387890886
all_462_final_model,kas,snd,kas->snd,1503,0.36327345309381237,0.5089820359281437,0.5914836992681304,0.440284958578388,0.6990439891815186,0.13693921267986298,0.35515403747558594,0.16608178615570068,0.3438899517059326,0.8942115768463074,0.844311377245509,0.8692614770459082,labse_baseline,1503,0.34331337325349304,0.5063206919494344,0.5688622754491018,0.4217817001126163,0.4460168182849884,0.19347955286502838,0.15116803348064423,0.1298111081123352,0.2948487848043442,0.7531603459747173,0.8735861610113107,0.813373253493014,0.019960079840319334,0.0026613439787093185,0.02262142381902854,0.01850325846577172,0.25302717089653015,0.2039860039949417,0.04904116690158844,0.1410512308715901,-0.029274783765801726,0.055888223552894134
all_462_final_model,kas,tam,kas->tam,1503,0.36593479707252163,0.5289421157684631,0.5901530272787758,0.4455240014965895,0.6561275720596313,0.14020219445228577,0.3537984788417816,0.15339995920658112,0.30232909321784973,0.8629407850964738,0.823020625415835,0.8429807052561544,labse_baseline,1503,0.3313373253493014,0.5076513639387891,0.571523619427811,0.4148745038537254,0.33338072896003723,0.19876603782176971,0.10802769660949707,0.12681423127651215,0.22535303235054016,0.6932801064537591,0.8143712574850299,0.7538256819693945,0.03459747172322025,0.021290751829673993,0.018629407850964785,0.03064949764286412,0.3227468430995941,0.24577078223228455,0.07697606086730957,0.1696606786427146,0.008649367930805063,0.08915502328675995
all_462_final_model,kas,tel,kas->tel,1503,0.4491017964071856,0.5981370592149036,0.6600133067198936,0.5235099537263893,0.6911082863807678,0.13029737770557404,0.35892096161842346,0.1533934473991394,0.33218732476234436,0.8902195608782435,0.8569527611443779,0.8735861610113107,labse_baseline,1503,0.3978709248170326,0.5695276114437791,0.6413838988689288,0.4781382847969528,0.36012083292007446,0.2027420550584793,0.1108839139342308,0.12949398159980774,0.24923691898584366,0.7192282102461743,0.8389886892880905,0.7791084497671323,0.05123087159015299,0.028609447771124508,0.018629407850964785,0.045371668929436504,0.33098745346069336,0.24803704768419266,0.0829504057765007,0.17099135063206916,0.017964071856287456,0.09447771124417836
all_462_final_model,kas,urd,kas->urd,1503,0.5196274118429807,0.6540252827677977,0.7025948103792415,0.5864145675895241,0.7116448283195496,0.12708702683448792,0.3559117019176483,0.15361550450325012,0.35573312640190125,0.9008649367930806,0.8715901530272788,0.8862275449101797,labse_baseline,1503,0.447771124417831,0.6047904191616766,0.6553559547571524,0.5213471851541238,0.35831257700920105,0.21306413412094116,0.10165651887655258,0.12935876846313477,0.25665605813264847,0.7085828343313373,0.8369926813040586,0.7727877578176979,0.07185628742514966,0.04923486360612106,0.04723885562208918,0.06506738243540033,0.3533322513103485,0.25425518304109573,0.09907706826925278,0.19228210246174327,0.03459747172322025,0.11343978709248181
all_462_final_model,gom,asm,gom->asm,1503,0.7232202262142382,0.8489687292082502,0.8842315369261478,0.7817254635204987,0.7788488864898682,0.11246522516012192,0.35980406403541565,0.1494196504354477,0.4190448224544525,0.9494344644045243,0.9135063206919495,0.9314703925482368,labse_baseline,1503,0.7072521623419827,0.8283433133732535,0.8749168330006654,0.7679457109866653,0.5854130983352661,0.17686030268669128,0.18795274198055267,0.1329415887594223,0.39746035635471344,0.8602794411177644,0.9135063206919495,0.886892880904857,0.015968063872255467,0.020625415834996663,0.009314703925482393,0.013779752533833345,0.19343578815460205,0.17185132205486298,0.021584466099739075,0.08915502328675984,0.0,0.044577511643379863
all_462_final_model,gom,ben,gom->ben,1503,0.7491683300066534,0.8709248170326015,0.9101796407185628,0.8046666609729456,0.7820373177528381,0.11255604028701782,0.35810330510139465,0.1478211134672165,0.4239340126514435,0.957418496340652,0.9135063206919495,0.9354624085163008,labse_baseline,1503,0.7544910179640718,0.8829008649367931,0.9128409846972722,0.8124876604665052,0.5848070383071899,0.18597003817558289,0.20992259681224823,0.1399519294500351,0.3748844414949417,0.8369926813040586,0.8968729208250167,0.8669328010645376,-0.005322687957418415,-0.0119760479041916,-0.0026613439787093185,-0.007820999493559633,0.1972302794456482,0.14818070828914642,0.04904957115650177,0.12042581503659344,0.016633399866932796,0.06852960745176317
all_462_final_model,gom,brx,gom->brx,1503,0.2754491017964072,0.4231536926147705,0.499001996007984,0.35374974833877765,0.6722224354743958,0.12738706171512604,0.3371409773826599,0.16586147248744965,0.33508145809173584,0.9001996007984032,0.8363273453093812,0.8682634730538923,labse_baseline,1503,0.18695941450432468,0.3107119095143047,0.37325349301397204,0.25244886359447904,0.3145703077316284,0.1793232560157776,0.10543492436408997,0.1121324971318245,0.20913538336753845,0.6793080505655356,0.8376580172987359,0.7584830339321358,0.08848968729208251,0.11244178310046576,0.12574850299401197,0.1013008847442986,0.35765212774276733,0.23170605301856995,0.1259460747241974,0.22089155023286766,-0.0013306719893546592,0.1097804391217565
all_462_final_model,gom,doi,gom->doi,1503,0.6101131071190952,0.7638057218895542,0.8170326014637392,0.6827805743960743,0.7585462331771851,0.12342831492424011,0.354735791683197,0.1582643687725067,0.40381044149398804,0.9328010645375915,0.8922155688622755,0.9125083166999335,labse_baseline,1503,0.605455755156354,0.7458416500332667,0.8030605455755156,0.6732052339487439,0.5465707778930664,0.1914970725774765,0.1714010387659073,0.13402709364891052,0.3751697391271591,0.8163672654690619,0.9055222887558216,0.8609447771124418,0.004657351962741196,0.017964071856287456,0.013972055888223589,0.009575340447330438,0.21197545528411865,0.18333475291728973,0.02864070236682892,0.11643379906852958,-0.013306719893546148,0.051563539587491714
all_462_final_model,gom,guj,gom->guj,1503,0.7691284098469727,0.8769128409846972,0.9101796407185628,0.8196478102392858,0.7892670035362244,0.11193310469388962,0.36084869503974915,0.1487434208393097,0.4284183084964752,0.9520958083832335,0.9214903526280772,0.9367930805056554,labse_baseline,1503,0.7644710578842315,0.8815701929474384,0.9121756487025948,0.8189425408180524,0.5827683210372925,0.18946625292301178,0.20995427668094635,0.14065894484519958,0.37281404435634613,0.8343313373253493,0.8968729208250167,0.865602129075183,0.004657351962741196,-0.004657351962741196,-0.001996007984031989,0.0007052694212333899,0.20649868249893188,0.1508944183588028,0.05560426414012909,0.11776447105788423,0.02461743180306053,0.07119095143047238
all_462_final_model,gom,hin,gom->hin,1503,0.7631403858948769,0.874251497005988,0.9075182967398536,0.8152184584555776,0.7870473861694336,0.11216510087251663,0.3615686595439911,0.14941765367984772,0.4254787266254425,0.9554224883566201,0.916833000665336,0.9361277445109781,labse_baseline,1503,0.7664670658682635,0.8769128409846972,0.9155023286759814,0.8186347391018152,0.5775608420372009,0.19009889662265778,0.21497999131679535,0.14085066318511963,0.3625808507204056,0.8369926813040586,0.8942115768463074,0.865602129075183,-0.003326679973386648,-0.0026613439787092075,-0.007984031936127733,-0.0034162806462375572,0.20948654413223267,0.14658866822719574,0.06289787590503693,0.11842980705256156,0.022621423819028652,0.07052561543579516
all_462_final_model,gom,kan,gom->kan,1503,0.6520292747837658,0.8003992015968064,0.8436460412508316,0.7215807644890039,0.7627172470092773,0.12315075844526291,0.35982516407966614,0.15319615602493286,0.4028920829296112,0.9308050565535595,0.89354624085163,0.9121756487025947,labse_baseline,1503,0.6872920825016633,0.825016633399867,0.8682634730538922,0.7511386539426985,0.5790345668792725,0.1823415458202362,0.20057447254657745,0.1380184441804886,0.378460094332695,0.8516300731869594,0.9008649367930806,0.87624750499002,-0.03526280771789747,-0.02461743180306053,-0.02461743180306053,-0.02955788945369464,0.18368268013000488,0.15925069153308868,0.0244319885969162,0.07917498336660012,-0.007318695941450515,0.03592814371257469
all_462_final_model,gom,kas,gom->kas,1503,0.36194278110445777,0.5176314038589488,0.5721889554224884,0.4399930697060573,0.6877082586288452,0.13570477068424225,0.34979748725891113,0.16530482470989227,0.3379107713699341,0.8842315369261478,0.8423153692614771,0.8632734530938124,labse_baseline,1503,0.3479707252162342,0.47771124417831007,0.5402528276779773,0.4161633053839267,0.40401893854141235,0.19875572621822357,0.12340071052312851,0.12658089399337769,0.28061822801828384,0.7371922821024618,0.8649367930805056,0.8010645375914838,0.013972055888223589,0.03992015968063872,0.031936127744511045,0.023829764322130575,0.28368932008743286,0.22639677673578262,0.05729254335165024,0.14703925482368596,-0.02262142381902854,0.062208915502328654
all_462_final_model,gom,mai,gom->mai,1503,0.6347305389221557,0.7691284098469727,0.8223552894211577,0.6995187956446451,0.7598630785942078,0.12278485298156738,0.3573891520500183,0.1569899320602417,0.40247392654418945,0.9288090485695276,0.886892880904857,0.9078509647371923,labse_baseline,1503,0.6553559547571524,0.7877578176979375,0.8389886892880905,0.7164068972092661,0.5650157332420349,0.18917475640773773,0.18109266459941864,0.13944679498672485,0.38392306864261627,0.8276779773785762,0.8995342648037259,0.863606121091151,-0.020625415834996663,-0.018629407850964785,-0.016633399866932796,-0.01688810156462095,0.19484734535217285,0.17629648745059967,0.01855085790157318,0.10113107119095144,-0.01264138389886893,0.04424484364604131
all_462_final_model,gom,mal,gom->mal,1503,0.697272122421823,0.8263473053892215,0.8669328010645376,0.7581726322392477,0.7631632089614868,0.11777091026306152,0.357708603143692,0.14973092079162598,0.4054546058177948,0.9354624085163007,0.9041916167664671,0.9198270126413839,labse_baseline,1503,0.7085828343313373,0.8429807052561543,0.8842315369261478,0.769713831375934,0.5741848945617676,0.18627360463142395,0.19978633522987366,0.13611000776290894,0.3743985593318939,0.8396540252827678,0.8942115768463074,0.8669328010645376,-0.01131071190951427,-0.016633399866932796,-0.017298735861610126,-0.011541199136686275,0.18897831439971924,0.15792226791381836,0.03105604648590088,0.09580838323353291,0.009980039920159722,0.05289421157684626
all_462_final_model,gom,mni,gom->mni,1503,0.0385894876912841,0.14637391882900866,0.19627411842980705,0.12221407272877431,0.6021870374679565,0.1325616091489792,0.3510105311870575,0.1774328649044037,0.25117650628089905,0.8349966733200266,0.7584830339321357,0.7967398536260811,labse_baseline,1503,0.00665335994677312,0.04324683965402528,0.06520292747837658,0.03490449542210758,0.11249280720949173,0.1531076431274414,0.03198699280619621,0.09516159445047379,0.08050581440329552,0.4863606121091151,0.7544910179640718,0.6204258150365934,0.031936127744510975,0.10312707917498337,0.13107119095143047,0.08730957730666673,0.4896942302584648,0.3190235383808613,0.17067069187760353,0.3486360612109115,0.003992015968063867,0.1763140385894877
all_462_final_model,gom,mar,gom->mar,1503,0.7777777777777778,0.8842315369261478,0.9135063206919495,0.8271863791376807,0.7963936924934387,0.11312568932771683,0.3615654408931732,0.1483524739742279,0.4348282516002655,0.9560878243512974,0.9194943446440452,0.9377910844976713,labse_baseline,1503,0.7744510978043913,0.8915502328675982,0.9201596806387226,0.8278073290950454,0.6036739349365234,0.189125657081604,0.21277612447738647,0.14189493656158447,0.39089781045913696,0.8403193612774451,0.9055222887558216,0.8729208250166334,0.003326679973386537,-0.007318695941450404,-0.006653359946773074,-0.0006209499573647248,0.19271975755691528,0.14878931641578674,0.04393044114112854,0.11576846307385225,0.013972055888223589,0.06487025948103797
all_462_final_model,gom,npi,gom->npi,1503,0.7757817697937458,0.8795741849634066,0.9174983366600133,0.8249023178849663,0.7869332432746887,0.11316436529159546,0.36031574010849,0.1472734659910202,0.42661750316619873,0.9500998003992016,0.9181636726546906,0.9341317365269461,labse_baseline,1503,0.7598137059214903,0.8875582168995343,0.9201596806387226,0.8159387750300742,0.586826741695404,0.18993379175662994,0.20747606456279755,0.1405995637178421,0.3793506771326065,0.833666001330672,0.8975382568196939,0.865602129075183,0.015968063872255467,-0.007984031936127733,-0.0026613439787092075,0.008963542854892093,0.20010650157928467,0.15283967554569244,0.047266826033592224,0.11643379906852958,0.020625415834996663,0.06852960745176317
all_462_final_model,gom,ory,gom->ory,1503,0.7504990019960079,0.8689288090485695,0.906187624750499,0.8047521265365771,0.7802540063858032,0.11049643903970718,0.35647138953208923,0.1501258909702301,0.423782616853714,0.9514304723885563,0.9128409846972722,0.9321357285429142,labse_baseline,1503,0.7471723220226214,0.8729208250166334,0.9035262807717898,0.804148033410927,0.5836530923843384,0.18198145925998688,0.1994713991880417,0.1363496482372284,0.3841816931962967,0.8516300731869594,0.9075182967398536,0.8795741849634064,0.003326679973386537,-0.003992015968063867,0.0026613439787092075,0.0006040931256501292,0.19660091400146484,0.15699999034404755,0.0396009236574173,0.09980039920159689,0.005322687957418526,0.05256154357950771
all_462_final_model,gom,pan,gom->pan,1503,0.737857618097139,0.8629407850964738,0.8995342648037259,0.7959433333754479,0.7658070921897888,0.1217397078871727,0.35309991240501404,0.14713697135448456,0.4127071797847748,0.9334664005322688,0.9095143047238856,0.9214903526280772,labse_baseline,1503,0.7411842980705257,0.8609447771124418,0.9048569527611444,0.7981282712147085,0.5692827105522156,0.19458892941474915,0.19342663884162903,0.1410539597272873,0.37585607171058655,0.8369926813040586,0.8968729208250167,0.8669328010645376,-0.003326679973386648,0.001996007984031989,-0.005322687957418526,-0.002184937839260659,0.19652438163757324,0.159673273563385,0.03685110807418823,0.09647371922821024,0.01264138389886893,0.054557551563539586
all_462_final_model,gom,san,gom->san,1503,0.5196274118429807,0.6939454424484365,0.759148369926813,0.6007297272844947,0.7268196940422058,0.12776310741901398,0.3546290397644043,0.15873226523399353,0.3721906542778015,0.9141716566866267,0.872255489021956,0.8932135728542914,labse_baseline,1503,0.5129740518962076,0.6699933466400533,0.7245508982035929,0.5870220175655335,0.4808387756347656,0.19090458750724792,0.1521778404712677,0.13343040645122528,0.3286609351634979,0.791084497671324,0.8829008649367931,0.8369926813040586,0.006653359946773074,0.0239520958083832,0.03459747172322014,0.01370770971896118,0.24598091840744019,0.2024511992931366,0.04352971911430359,0.12308715901530265,-0.010645375914837052,0.0562208915502328
all_462_final_model,gom,sat,gom->sat,1503,0.03260146373918829,0.1590153027278776,0.20891550232867598,0.14438728033903236,0.6072132587432861,0.13774898648262024,0.34863248467445374,0.18249458074569702,0.2585807740688324,0.8303393213572854,0.7631403858948769,0.7967398536260811,labse_baseline,1503,0.007984031936127744,0.03592814371257485,0.05123087159015303,0.03332503759424687,0.11565344035625458,0.15134203433990479,0.036720626056194305,0.09179744869470596,0.07893281430006027,0.4743845642049235,0.7538256819693946,0.614105123087159,0.024617431803060547,0.12308715901530273,0.15768463073852296,0.11106224274478549,0.49155981838703156,0.31191185861825943,0.17964795976877213,0.3559547571523619,0.009314703925482282,0.1826347305389221
all_462_final_model,gom,snd,gom->snd,1503,0.520292747837658,0.6926147704590818,0.7531603459747173,0.6017267126011054,0.7380426526069641,0.12974949181079865,0.35431814193725586,0.16010597348213196,0.38372451066970825,0.916833000665336,0.872255489021956,0.894544244843646,labse_baseline,1503,0.500998003992016,0.6686626746506986,0.7365269461077845,0.5836841898960181,0.5091222524642944,0.19840452075004578,0.16211073100566864,0.13471747934818268,0.3470115214586258,0.8010645375914837,0.8842315369261478,0.8426480372588157,0.019294743845642004,0.0239520958083832,0.016633399866932796,0.018042522705087327,0.22892040014266968,0.19220741093158722,0.03671298921108246,0.11576846307385236,-0.011976047904191711,0.05189620758483038
all_462_final_model,gom,tam,gom->tam,1503,0.6300731869594145,0.7638057218895542,0.8110445775116434,0.6948432490514008,0.7347138524055481,0.13183371722698212,0.3579939305782318,0.14993681013584137,0.3767199218273163,0.9048569527611444,0.8908848968729208,0.8978709248170327,labse_baseline,1503,0.6600133067198936,0.7924151696606786,0.8403193612774451,0.7231147772830245,0.5392951369285583,0.1911773681640625,0.20098617672920227,0.13729669153690338,0.3383089601993561,0.8137059214903526,0.8895542248835662,0.8516300731869594,-0.029940119760479056,-0.028609447771124397,-0.029274783765801726,-0.02827152823162371,0.19541871547698975,0.15700775384902954,0.038410961627960205,0.09115103127079183,0.0013306719893546592,0.0462408516300733
all_462_final_model,gom,tel,gom->tel,1503,0.7272122421823021,0.850964737192282,0.8968729208250167,0.7879323873150312,0.779475212097168,0.11188486963510513,0.36462152004241943,0.15116320550441742,0.41485369205474854,0.9494344644045243,0.9095143047238856,0.929474384564205,labse_baseline,1503,0.7285429141716567,0.8576180971390552,0.8928809048569527,0.7912122277869165,0.584547221660614,0.18675513565540314,0.2095094919204712,0.1393185704946518,0.3750377297401428,0.8429807052561543,0.8862275449101796,0.864604125083167,-0.0013306719893546592,-0.006653359946773185,0.003992015968063978,-0.0032798404718852314,0.19492799043655396,0.15511202812194824,0.03981596231460571,0.10645375914836996,0.02328675981370598,0.06487025948103797
all_462_final_model,gom,urd,gom->urd,1503,0.7538256819693946,0.874251497005988,0.914836992681304,0.8090430486325488,0.7831650972366333,0.11016570776700974,0.35961803793907166,0.14883822202682495,0.42354705929756165,0.9560878243512974,0.9115103127079175,0.9337990685296074,labse_baseline,1503,0.7471723220226214,0.8769128409846972,0.9188290086493679,0.8084458059132986,0.5768754482269287,0.18698060512542725,0.20906729996204376,0.13907472789287567,0.36780814826488495,0.8383233532934131,0.8975382568196939,0.8679308050565535,0.006653359946773185,-0.0026613439787092075,-0.003992015968063867,0.0005972427192502128,0.2062896490097046,0.1505507379770279,0.0557389110326767,0.11776447105788423,0.013972055888223589,0.06586826347305386
all_462_final_model,mai,asm,mai->asm,1503,0.7890884896872921,0.8982035928143712,0.9141716566866267,0.8375609445087121,0.8032298684120178,0.10751720517873764,0.36727720499038696,0.15145085752010345,0.43595266342163086,0.9587491683300067,0.9174983366600133,0.93812375249501,labse_baseline,1503,0.7957418496340652,0.9115103127079175,0.9354624085163007,0.8464861020049117,0.6493164300918579,0.15363113582134247,0.22945959866046906,0.13295267522335052,0.41985683143138885,0.8995342648037259,0.9214903526280772,0.9105123087159015,-0.006653359946773185,-0.01330671989354626,-0.021290751829673993,-0.008925157496199598,0.1539134383201599,0.1378176063299179,0.016095831990242004,0.05921490352628078,-0.003992015968063867,0.027611443779108513
all_462_final_model,mai,ben,mai->ben,1503,0.8190286094477711,0.916833000665336,0.9427811044577512,0.864655495728205,0.8127934336662292,0.09988851845264435,0.3682185113430023,0.15052896738052368,0.44457492232322693,0.9673985362608117,0.9281437125748503,0.9477711244178311,labse_baseline,1503,0.8396540252827678,0.9394544244843646,0.9587491683300067,0.88657548454834,0.6703078746795654,0.15084980428218842,0.26579228043556213,0.1366673856973648,0.4045155942440033,0.8948769128409847,0.9135063206919495,0.9041916167664671,-0.020625415834996663,-0.02262142381902854,-0.015968063872255467,-0.021919988820135017,0.14248555898666382,0.10242623090744019,0.04005932807922363,0.07252162341982704,0.014637391882900808,0.04357950765136398
all_462_final_model,mai,brx,mai->brx,1503,0.29008649367930806,0.4431137724550898,0.5109780439121756,0.3680145820953428,0.6626250147819519,0.13174349069595337,0.3395841419696808,0.16453447937965393,0.3230408728122711,0.8802395209580839,0.8343313373253493,0.8572854291417166,labse_baseline,1503,0.19228210246174318,0.3166999334664005,0.3652694610778443,0.2551940758735059,0.2944752275943756,0.17380717396736145,0.10518639534711838,0.10706037282943726,0.18928883224725723,0.6513639387890885,0.8476380572188955,0.749500998003992,0.09780439121756487,0.1264138389886893,0.1457085828343313,0.11282050622183692,0.3681497871875763,0.2343977466225624,0.13375204056501389,0.2288755821689954,-0.01330671989354626,0.10778443113772462
all_462_final_model,mai,doi,mai->doi,1503,0.7365269461077845,0.8622754491017964,0.895542248835662,0.7952372907357469,0.7936477065086365,0.1144275814294815,0.3632541298866272,0.15769872069358826,0.4303935766220093,0.948769128409847,0.9095143047238856,0.9291417165668663,labse_baseline,1503,0.7092481703260146,0.8489687292082502,0.8829008649367931,0.7746688234957329,0.6035214066505432,0.1828830987215042,0.19492286443710327,0.13753445446491241,0.40859854221343994,0.850964737192282,0.9088489687292083,0.8799068529607452,0.02727877578176985,0.01330671989354626,0.01264138389886893,0.020568467240014043,0.19012629985809326,0.16833126544952393,0.021795034408569336,0.0978043912175649,0.0006653359946773296,0.04923486360612106
all_462_final_model,mai,guj,mai->guj,1503,0.8456420492348636,0.927478376580173,0.9447771124417831,0.8837029293051639,0.8224105834960938,0.09968230873346329,0.3720150887966156,0.15154561400413513,0.45039549469947815,0.9680638722554891,0.927478376580173,0.9477711244178311,labse_baseline,1503,0.8702594810379242,0.9474384564204924,0.9600798403193613,0.9031727012190609,0.6721198558807373,0.1520700454711914,0.27119430899620056,0.13507793843746185,0.40092554688453674,0.8895542248835662,0.9121756487025948,0.9008649367930806,-0.02461743180306053,-0.019960079840319445,-0.015302727877578248,-0.019469771913896983,0.15029072761535645,0.10082077980041504,0.049469947814941406,0.0785096473719229,0.015302727877578137,0.04690618762475052
all_462_final_model,mai,hin,mai->hin,1503,0.8376580172987359,0.9254823685961411,0.9421157684630739,0.8804449351290401,0.8211787939071655,0.10460612177848816,0.37065500020980835,0.15049989521503448,0.4505237936973572,0.9654025282767797,0.9308050565535595,0.9481037924151696,labse_baseline,1503,0.8616101131071191,0.9427811044577512,0.959414504324684,0.8992709900214706,0.6691989302635193,0.15574221312999725,0.27591466903686523,0.1344314068555832,0.39328426122665405,0.8822355289421158,0.9101796407185628,0.8962075848303392,-0.0239520958083832,-0.017298735861610126,-0.017298735861610126,-0.0188260548924305,0.15197986364364624,0.09474033117294312,0.057239532470703125,0.08316699933466398,0.020625415834996663,0.05189620758483038
all_462_final_model,mai,kan,mai->kan,1503,0.7298735861610113,0.8516300731869594,0.8855622089155023,0.7857066163596593,0.785268247127533,0.11839313060045242,0.3681547939777374,0.15477754175662994,0.41711345314979553,0.9387890884896873,0.9108449767132402,0.9248170326014638,labse_baseline,1503,0.7644710578842315,0.8822355289421158,0.9108449767132402,0.8190978947105851,0.6393172144889832,0.16580986976623535,0.24562899768352509,0.1418517678976059,0.39368821680545807,0.8669328010645376,0.8922155688622755,0.8795741849634066,-0.03459747172322025,-0.030605455755156386,-0.02528276779773786,-0.03339127835092581,0.1459510326385498,0.12252579629421234,0.023425236344337463,0.07185628742514971,0.018629407850964674,0.04524284763805719
all_462_final_model,mai,kas,mai->kas,1503,0.426480372588157,0.592814371257485,0.6593479707252162,0.5075321076543151,0.6985711455345154,0.13235874474048615,0.3516850471496582,0.16456711292266846,0.3468860983848572,0.8988689288090486,0.8476380572188955,0.873253493013972,labse_baseline,1503,0.3985362608117099,0.5375914836992681,0.5994677312042581,0.46783071981696794,0.399848610162735,0.2057981938123703,0.11964920908212662,0.12597085535526276,0.28019940108060837,0.7345309381237525,0.863606121091151,0.7990685296074518,0.027944111776447123,0.055222887558216915,0.05988023952095811,0.03970138783734717,0.2987225353717804,0.23203583806753159,0.06668669730424881,0.1643379906852961,-0.015968063872255467,0.07418496340652025
all_462_final_model,mai,gom,mai->gom,1503,0.6407185628742516,0.7784431137724551,0.8283433133732535,0.7077411246986363,0.7598630785942078,0.12278485298156738,0.35708990693092346,0.15496008098125458,0.4027731716632843,0.929474384564205,0.8975382568196939,0.9135063206919494,labse_baseline,1503,0.6407185628742516,0.7751164337990686,0.8150365934797072,0.7021267681091392,0.5650157332420349,0.18917475640773773,0.17821992933750153,0.14208874106407166,0.3867958039045334,0.8310046573519627,0.8928809048569527,0.8619427811044578,0.0,0.003326679973386537,0.01330671989354626,0.005614356589497049,0.19484734535217285,0.17886997759342194,0.015977367758750916,0.09846972721224223,0.004657351962741196,0.0515635395874916
all_462_final_model,mai,mal,mai->mal,1503,0.7697937458416501,0.8622754491017964,0.8988689288090486,0.8145615686751573,0.7834094166755676,0.11100977659225464,0.36633357405662537,0.15138393640518188,0.41707584261894226,0.9481037924151696,0.9115103127079175,0.9298070525615436,labse_baseline,1503,0.7930805056553559,0.8855622089155023,0.927478376580173,0.8391354633809553,0.6396932005882263,0.15616196393966675,0.24989591538906097,0.13333185017108917,0.38979728519916534,0.8755821689953427,0.908183632734531,0.8918829008649368,-0.02328675981370587,-0.02328675981370587,-0.028609447771124397,-0.02457389470579807,0.1437162160873413,0.11643765866756439,0.027278557419776917,0.07252162341982693,0.003326679973386537,0.03792415169660679
all_462_final_model,mai,mni,mai->mni,1503,0.02262142381902861,0.11842980705256155,0.15834996673320026,0.09550038638816327,0.57294762134552,0.13859377801418304,0.3483189344406128,0.17430990934371948,0.22462868690490723,0.7930805056553559,0.7511643379906853,0.7721224218230206,labse_baseline,1503,0.004657351962741184,0.04590818363273453,0.06453759148369927,0.03297016144635974,0.11212765425443649,0.1412801295518875,0.043017663061618805,0.08803210407495499,0.06910999119281769,0.49234863606121093,0.729208250166334,0.6107784431137724,0.017964071856287428,0.07252162341982701,0.09381237524950099,0.06253022494180353,0.4608199670910835,0.305301271378994,0.15551869571208954,0.300731869594145,0.021956087824351322,0.16134397870924821
all_462_final_model,mai,mar,mai->mar,1503,0.8416500332667998,0.9194943446440452,0.9407850964737192,0.8775701166948858,0.8191428780555725,0.10162582993507385,0.371168315410614,0.15146124362945557,0.4479745626449585,0.9693945442448436,0.9254823685961411,0.9474384564204923,labse_baseline,1503,0.8476380572188955,0.9341317365269461,0.9554224883566201,0.8880852924394114,0.6749132871627808,0.15516021847724915,0.26859402656555176,0.13645024597644806,0.406319260597229,0.8942115768463074,0.9095143047238856,0.9018629407850964,-0.0059880239520957446,-0.014637391882900919,-0.014637391882900919,-0.01051517574452554,0.14422959089279175,0.10257428884506226,0.04165530204772949,0.07518296739853625,0.015968063872255467,0.04557551563539586
all_462_final_model,mai,npi,mai->npi,1503,0.8483033932135728,0.9308050565535595,0.948769128409847,0.8855710213385676,0.827397882938385,0.1024784967303276,0.37124669551849365,0.1506083458662033,0.45615118741989136,0.9687292082501663,0.929474384564205,0.9491017964071856,labse_baseline,1503,0.8576180971390552,0.9447771124417831,0.9627411842980705,0.8979907620223836,0.6857922077178955,0.15394838154315948,0.2677147388458252,0.1368856430053711,0.4180774688720703,0.89354624085163,0.9181636726546906,0.9058549567531603,-0.009314703925482393,-0.013972055888223589,-0.013972055888223589,-0.012419740683816016,0.1416056752204895,0.10353195667266846,0.038073718547821045,0.07518296739853625,0.011310711909514382,0.043246839654025315
all_462_final_model,mai,ory,mai->ory,1503,0.8170326014637392,0.9128409846972722,0.9401197604790419,0.8620097575411022,0.8090636730194092,0.09989665448665619,0.3652835190296173,0.1515696495771408,0.44378015398979187,0.9660678642714571,0.9328010645375915,0.9494344644045243,labse_baseline,1503,0.8296739853626082,0.929474384564205,0.9547571523619428,0.8761083436610729,0.6638062000274658,0.1518552452325821,0.25219494104385376,0.13374243676662445,0.41161125898361206,0.8988689288090486,0.914836992681304,0.9068529607451763,-0.01264138389886893,-0.016633399866932796,-0.014637391882900919,-0.014098586119970724,0.14525747299194336,0.11308857798576355,0.03216889500617981,0.06719893546240852,0.017964071856287456,0.042581503659347986
all_462_final_model,mai,pan,mai->pan,1503,0.8190286094477711,0.9101796407185628,0.93812375249501,0.8635782446401201,0.8050587177276611,0.10549893975257874,0.36505788564682007,0.1495128571987152,0.44000083208084106,0.9587491683300067,0.9308050565535595,0.9447771124417831,labse_baseline,1503,0.8383233532934131,0.9328010645375915,0.9514304723885563,0.882906433543518,0.6589635014533997,0.15431518852710724,0.25140950083732605,0.135789155960083,0.4075540006160736,0.8875582168995343,0.9155023286759814,0.9015302727877579,-0.019294743845642004,-0.022621423819028652,-0.01330671989354626,-0.019328188903397936,0.14609521627426147,0.11364838480949402,0.032446831464767456,0.07119095143047238,0.015302727877578137,0.043246839654025204
all_462_final_model,mai,san,mai->san,1503,0.6467065868263473,0.7970725216234198,0.852960745176314,0.7197483177285497,0.7640969157218933,0.12369118630886078,0.3635636568069458,0.1607472151517868,0.4005332589149475,0.9394544244843646,0.8895542248835662,0.9145043246839654,labse_baseline,1503,0.6014637391882901,0.7658017298735862,0.8296739853626082,0.6793707986580582,0.5333532094955444,0.18899238109588623,0.17213140428066254,0.13699384033679962,0.3612218052148819,0.833666001330672,0.886892880904857,0.8602794411177646,0.04524284763805719,0.031270791749833604,0.02328675981370587,0.040377519070491585,0.23074370622634888,0.19143225252628326,0.03931145370006561,0.10578842315369252,0.0026613439787092075,0.05422488356620081
all_462_final_model,mai,sat,mai->sat,1503,0.02661343978709248,0.12974051896207583,0.17298735861610112,0.11200804819222085,0.59583979845047,0.1380292922258377,0.3496245741844177,0.1804860234260559,0.24621522426605225,0.8097139055222887,0.7551563539587491,0.782435129740519,labse_baseline,1503,0.005988023952095809,0.03526280771789754,0.0499001996007984,0.029989993001088688,0.11601061373949051,0.14024287462234497,0.0474955253303051,0.0824027955532074,0.06851508840918541,0.4630738522954092,0.7578176979374585,0.6104457751164338,0.02062541583499667,0.0944777112441783,0.12308715901530272,0.08201805519113216,0.47982918471097946,0.3021290488541126,0.17770013585686684,0.3466400532268795,-0.0026613439787093185,0.17198935462408516
all_462_final_model,mai,snd,mai->snd,1503,0.6107784431137725,0.7684630738522954,0.8130405854956753,0.6835543333900547,0.7549065351486206,0.12863196432590485,0.3577849566936493,0.158436119556427,0.3971215784549713,0.9208250166333999,0.886892880904857,0.9038589487691284,labse_baseline,1503,0.5874916833000665,0.737857618097139,0.7930805056553559,0.66065421902533,0.5302499532699585,0.19468769431114197,0.17079026997089386,0.1344568282365799,0.35945968329906464,0.8163672654690619,0.8842315369261478,0.8502994011976048,0.02328675981370598,0.030605455755156386,0.019960079840319334,0.022900114364724722,0.2246565818786621,0.18699468672275543,0.03766189515590668,0.10445775116433798,0.0026613439787092075,0.05355954757152359
all_462_final_model,mai,tam,mai->tam,1503,0.6839654025282768,0.8070525615435795,0.850964737192282,0.7448223728458802,0.7548815011978149,0.12663911283016205,0.36611974239349365,0.15207478404045105,0.3887617588043213,0.9241516966067864,0.8902195608782435,0.907185628742515,labse_baseline,1503,0.7538256819693946,0.8682634730538922,0.9048569527611444,0.806904126031198,0.6108816862106323,0.15927506983280182,0.25663623213768005,0.13203255832195282,0.35424545407295227,0.852960745176314,0.895542248835662,0.874251497005988,-0.06986027944111783,-0.06121091151031266,-0.05389221556886237,-0.062081753185317834,0.14399981498718262,0.1094835102558136,0.03451630473136902,0.07119095143047238,-0.005322687957418526,0.03293413173652693
all_462_final_model,mai,tel,mai->tel,1503,0.7837658017298735,0.8842315369261478,0.9095143047238856,0.8302284388785823,0.7952175140380859,0.11158057302236557,0.3710393011569977,0.15171316266059875,0.42417821288108826,0.9507651363938789,0.9201596806387226,0.9354624085163008,labse_baseline,1503,0.8163672654690619,0.916833000665336,0.9354624085163007,0.8607147491754512,0.6541625261306763,0.15757949650287628,0.2615853548049927,0.13628573715686798,0.3925771713256836,0.8815701929474384,0.8995342648037259,0.8905522288755822,-0.032601463739188374,-0.03260146373918826,-0.025948103792415078,-0.03048631029686888,0.14105498790740967,0.109453946352005,0.03160104155540466,0.0691949434464405,0.020625415834996663,0.04491017964071864
all_462_final_model,mai,urd,mai->urd,1503,0.8409846972721224,0.927478376580173,0.9500998003992016,0.8798100214701388,0.8187432289123535,0.09868647158145905,0.3695073127746582,0.152169331908226,0.4492359161376953,0.9654025282767797,0.9221556886227545,0.9437791084497671,labse_baseline,1503,0.8609447771124418,0.9494344644045243,0.9634065202927479,0.9015761595391077,0.6697842478752136,0.1503191441297531,0.26759839057922363,0.13579778373241425,0.40218585729599,0.8942115768463074,0.9174983366600133,0.9058549567531604,-0.019960079840319334,-0.021956087824351322,-0.01330671989354626,-0.021766138068968988,0.1489589810371399,0.10190892219543457,0.04705005884170532,0.07119095143047238,0.004657351962741196,0.03792415169660668
all_462_final_model,mal,asm,mal->asm,1503,0.8702594810379242,0.9387890884896873,0.9627411842980705,0.9043532919341278,0.8389449715614319,0.09463675320148468,0.3709598183631897,0.14923755824565887,0.4679851531982422,0.9720558882235529,0.929474384564205,0.9507651363938789,labse_baseline,1503,0.8882235528942116,0.9614105123087159,0.9713905522288756,0.9197062788702274,0.7580925226211548,0.12429803609848022,0.28254055976867676,0.12814247608184814,0.475551962852478,0.9507651363938789,0.9534264803725881,0.9520958083832336,-0.017964071856287456,-0.02262142381902854,-0.008649367930805063,-0.015352986936099544,0.0808524489402771,0.08841925859451294,-0.00756680965423584,0.021290751829673993,-0.0239520958083832,-0.0013306719893546592
all_462_final_model,mal,ben,mal->ben,1503,0.9048569527611444,0.9667332002661344,0.9780439121756487,0.9340191768579965,0.8601887822151184,0.08905834704637527,0.37502041459083557,0.148738831281662,0.48516836762428284,0.978709248170326,0.9481037924151696,0.9634065202927478,labse_baseline,1503,0.9314703925482368,0.9800399201596807,0.9880239520958084,0.9541251858539587,0.8163030743598938,0.10762840509414673,0.3463636636734009,0.12339351326227188,0.4699394106864929,0.9654025282767797,0.9587491683300067,0.9620758483033932,-0.026613439787092408,-0.01330671989354626,-0.009980039920159722,-0.020106008995962155,0.04388570785522461,0.028656750917434692,0.015228956937789917,0.01330671989354626,-0.010645375914837052,0.0013306719893545482
all_462_final_model,mal,brx,mal->brx,1503,0.2767797737857618,0.4397870924817033,0.5249500998003992,0.3638409744150143,0.6485479474067688,0.12768888473510742,0.33882057666778564,0.16013093292713165,0.30972737073898315,0.8835662009314704,0.8203592814371258,0.851962741184298,labse_baseline,1503,0.1490352628077179,0.24085163007318697,0.29208250166334,0.2002138193185646,0.24655063450336456,0.1752512902021408,0.08999591320753098,0.10250118374824524,0.1565547212958336,0.6187624750499002,0.8090485695276114,0.7139055222887558,0.1277445109780439,0.1989354624085163,0.2328675981370592,0.16362715509644968,0.40199731290340424,0.24882466346025467,0.15317264944314957,0.2648037258815702,0.011310711909514382,0.13805721889554223
all_462_final_model,mal,doi,mal->doi,1503,0.7159015302727878,0.8536260811709914,0.8975382568196939,0.7823506177386362,0.774283766746521,0.1155581995844841,0.3615078330039978,0.15246684849262238,0.4127759337425232,0.9387890884896873,0.8982035928143712,0.9184963406520292,labse_baseline,1503,0.6380572188955422,0.7784431137724551,0.8243512974051896,0.704571649744733,0.5799059271812439,0.17865993082523346,0.2091379314661026,0.1322731375694275,0.3707679957151413,0.844311377245509,0.9121756487025948,0.8782435129740519,0.07784431137724557,0.07518296739853625,0.07318695941450426,0.07777896799390327,0.1943778395652771,0.1523699015378952,0.0420079380273819,0.09447771124417836,-0.013972055888223589,0.04025282767797733
all_462_final_model,mal,guj,mal->guj,1503,0.8975382568196939,0.957418496340652,0.9693945442448436,0.9250862755874772,0.8593516945838928,0.0945335328578949,0.3770054280757904,0.14864082634449005,0.4823462665081024,0.9687292082501663,0.9467731204258151,0.9577511643379907,labse_baseline,1503,0.9288090485695276,0.9753825681969395,0.9846972721224219,0.9506548856986298,0.8135159015655518,0.11319395154714584,0.3555150032043457,0.12085361033678055,0.45800089836120605,0.9520958083832335,0.957418496340652,0.9547571523619427,-0.031270791749833715,-0.017964071856287456,-0.015302727877578248,-0.025568610111152523,0.045835793018341064,0.021490424871444702,0.024345368146896362,0.016633399866932796,-0.010645375914836941,0.0029940119760479833
all_462_final_model,mal,hin,mal->hin,1503,0.9048569527611444,0.9607451763140386,0.9713905522288756,0.9307941665955809,0.8593651056289673,0.0937218964099884,0.3761152923107147,0.14718852937221527,0.48324981331825256,0.9747172322022621,0.9500998003992016,0.9624085163007319,labse_baseline,1503,0.9241516966067864,0.9773785761809713,0.9840319361277445,0.9488880260899212,0.8093212842941284,0.11320112645626068,0.3636379539966583,0.11950421333312988,0.4456833302974701,0.9481037924151696,0.9527611443779108,0.9504324683965402,-0.019294743845642004,-0.016633399866932796,-0.01264138389886893,-0.01809385949434028,0.05004382133483887,0.012477338314056396,0.03756648302078247,0.02661343978709252,-0.0026613439787092075,0.011976047904191711
all_462_final_model,mal,kan,mal->kan,1503,0.8323353293413174,0.9155023286759814,0.936127744510978,0.8694048967942699,0.8266648054122925,0.11317871510982513,0.37167972326278687,0.1502005010843277,0.4549850821495056,0.9534264803725881,0.9241516966067864,0.9387890884896872,labse_baseline,1503,0.8542914171656687,0.9328010645375915,0.9481037924151696,0.8888630516333352,0.7458057403564453,0.14697803556919098,0.2973218858242035,0.1338280290365219,0.4484838545322418,0.9194943446440452,0.9414504324683965,0.9304723885562209,-0.021956087824351322,-0.017298735861610126,-0.0119760479041916,-0.019458154839065323,0.08085906505584717,0.07435783743858337,0.006501227617263794,0.03393213572854292,-0.017298735861610126,0.008316699933466287
all_462_final_model,mal,kas,mal->kas,1503,0.41916167664670656,0.5788423153692615,0.6413838988689288,0.49644395615239395,0.6811511516571045,0.1320951282978058,0.3507465720176697,0.1579228937625885,0.3304045796394348,0.8915502328675982,0.8436460412508316,0.867598137059215,labse_baseline,1503,0.3320026613439787,0.47105788423153694,0.530938123752495,0.40080568651854437,0.36241474747657776,0.20158453285694122,0.11292604357004166,0.12530939280986786,0.2494887039065361,0.709913506320692,0.83166999334664,0.770791749833666,0.08715901530272785,0.10778443113772451,0.11044577511643372,0.09563826963384958,0.31873640418052673,0.23782052844762802,0.08091587573289871,0.1816367265469062,0.0119760479041916,0.0968063872255489
all_462_final_model,mal,gom,mal->gom,1503,0.7019294743845642,0.8310046573519627,0.8689288090485695,0.7622194178400414,0.7631632089614868,0.11777091026306152,0.3587583899497986,0.15156908333301544,0.40440481901168823,0.9347970725216235,0.9035262807717898,0.9191616766467066,labse_baseline,1503,0.6413838988689288,0.7784431137724551,0.812375249500998,0.7040541307935535,0.5741848945617676,0.18627360463142395,0.19787825644016266,0.13988015055656433,0.3763066381216049,0.8409846972721224,0.8982035928143712,0.8695941450432468,0.06054557551563544,0.0525615435795076,0.056553559547571464,0.058165287046487935,0.18897831439971924,0.16088013350963593,0.028098180890083313,0.09381237524950103,0.005322687957418526,0.049567531603459725
all_462_final_model,mal,mai,mal->mai,1503,0.7544910179640718,0.8702594810379242,0.9088489687292083,0.8093511180549235,0.7834094166755676,0.11100977659225464,0.3683113157749176,0.15370362997055054,0.41509810090065,0.9481037924151696,0.9035262807717898,0.9258150365934796,labse_baseline,1503,0.7451763140385895,0.854956753160346,0.9035262807717898,0.7981780617314718,0.6396932005882263,0.15616196393966675,0.2519994080066681,0.13142383098602295,0.3876937925815582,0.8755821689953427,0.9188290086493679,0.8972055888223553,0.009314703925482282,0.015302727877578137,0.005322687957418526,0.01117305632345178,0.1437162160873413,0.11631190776824951,0.027404308319091797,0.07252162341982693,-0.015302727877578137,0.028609447771124286
all_462_final_model,mal,mni,mal->mni,1503,0.023952095808383235,0.1277445109780439,0.16633399866932802,0.10609737263734237,0.5741176605224609,0.12774938344955444,0.35309597849845886,0.1714487224817276,0.22102168202400208,0.8150365934797072,0.7425149700598802,0.7787757817697938,labse_baseline,1503,0.00665335994677312,0.03526280771789754,0.049234863606121095,0.028619187197262745,0.06753713637590408,0.13365709781646729,0.012661372311413288,0.0882452130317688,0.054875764064490795,0.47904191616766467,0.677977378576181,0.5785096473719229,0.017298735861610116,0.09248170326014636,0.11709913506320693,0.07747818544007962,0.5065805241465569,0.3404346061870456,0.16614591795951128,0.3359946773120426,0.0645375914836992,0.2002661343978709
all_462_final_model,mal,mar,mal->mar,1503,0.9028609447771124,0.9620758483033932,0.9740518962075848,0.9302378935578154,0.8588284850120544,0.09067758917808533,0.3768094778060913,0.14813290536403656,0.48201900720596313,0.9753825681969395,0.9374584165003327,0.9564204923486361,labse_baseline,1503,0.927478376580173,0.9800399201596807,0.9860279441117764,0.9506376014255263,0.8144611120223999,0.11132100224494934,0.3481738567352295,0.12200931459665298,0.4662872552871704,0.9567531603459747,0.9534264803725881,0.9550898203592815,-0.02461743180306053,-0.017964071856287456,-0.0119760479041916,-0.020399707867710948,0.04436737298965454,0.028635621070861816,0.015731751918792725,0.018629407850964785,-0.015968063872255467,0.0013306719893546592
all_462_final_model,mal,npi,mal->npi,1503,0.908183632734531,0.9647371922821024,0.9773785761809713,0.9350343104039047,0.8607907891273499,0.09128476679325104,0.37481555342674255,0.14712759852409363,0.4859752357006073,0.9720558882235529,0.9481037924151696,0.9600798403193613,labse_baseline,1503,0.9334664005322688,0.9820359281437125,0.9860279441117764,0.9539536434229227,0.8164884448051453,0.11215193569660187,0.34607377648353577,0.12175007909536362,0.4704146683216095,0.9614105123087159,0.957418496340652,0.959414504324684,-0.02528276779773786,-0.017298735861610126,-0.008649367930805063,-0.018919333019017937,0.04430234432220459,0.028741776943206787,0.015560567378997803,0.010645375914837052,-0.009314703925482393,0.0006653359946773296
all_462_final_model,mal,ory,mal->ory,1503,0.886892880904857,0.9567531603459747,0.9713905522288756,0.9183979476116626,0.8545708060264587,0.09523926675319672,0.37086543440818787,0.14978229999542236,0.4837053716182709,0.9700598802395209,0.9467731204258151,0.958416500332668,labse_baseline,1503,0.908183632734531,0.9727212242182302,0.9833666001330672,0.9364090735479329,0.8014762997627258,0.11712989211082458,0.3252996504306793,0.12462732195854187,0.4761766493320465,0.9614105123087159,0.9587491683300067,0.9600798403193613,-0.021290751829673993,-0.015968063872255467,-0.0119760479041916,-0.0180111259362703,0.05309450626373291,0.045565783977508545,0.007528722286224365,0.008649367930805063,-0.0119760479041916,-0.001663339986693324
all_462_final_model,mal,pan,mal->pan,1503,0.8795741849634066,0.9534264803725881,0.9654025282767797,0.9153352105449704,0.835973858833313,0.10247191786766052,0.36868560314178467,0.1473453789949417,0.4672882556915283,0.9634065202927479,0.9421157684630739,0.9527611443779109,labse_baseline,1503,0.9055222887558216,0.9607451763140386,0.9747172322022621,0.9340247675671005,0.7859717011451721,0.12398713827133179,0.32768625020980835,0.12454530596733093,0.45828545093536377,0.9414504324683965,0.9534264803725881,0.9474384564204923,-0.025948103792415078,-0.007318695941450404,-0.009314703925482393,-0.018689557022130154,0.05000215768814087,0.04099935293197632,0.00900280475616455,0.021956087824351322,-0.01131071190951427,0.005322687957418637
all_462_final_model,mal,san,mal->san,1503,0.6540252827677977,0.8223552894211577,0.863606121091151,0.7282907818152534,0.7482573986053467,0.11745254695415497,0.3607378304004669,0.1555750072002411,0.38751956820487976,0.9367930805056554,0.8815701929474384,0.9091816367265468,labse_baseline,1503,0.5495675316034597,0.7145708582834331,0.7757817697937458,0.6256162118840294,0.507265567779541,0.18124739825725555,0.18017053604125977,0.1302150934934616,0.32709503173828125,0.8176979374584165,0.886892880904857,0.8522954091816367,0.10445775116433798,0.10778443113772451,0.08782435129740518,0.10267456993122404,0.24099183082580566,0.18056729435920715,0.06042453646659851,0.1190951430472389,-0.005322687957418526,0.05688622754491013
all_462_final_model,mal,sat,mal->sat,1503,0.023952095808383235,0.13506320691949433,0.17498336660013306,0.11986641760035108,0.573905348777771,0.13614466786384583,0.3523039221763611,0.17407725751399994,0.2216014266014099,0.7990685296074518,0.7458416500332667,0.7724550898203593,labse_baseline,1503,0.00665335994677312,0.028609447771124417,0.03992015968063872,0.02550020431312286,0.06955377012491226,0.12831516563892365,0.01748022809624672,0.08186706900596619,0.05207354202866554,0.4504324683965403,0.7012641383898869,0.5758483033932136,0.017298735861610116,0.10645375914836991,0.13506320691949433,0.09436621328722822,0.5043515786528587,0.33482369408011436,0.16952788457274437,0.3486360612109115,0.044577511643379863,0.19660678642714569
all_462_final_model,mal,snd,mal->snd,1503,0.6021290751829674,0.7598137059214903,0.8150365934797072,0.6766075100110853,0.7352964878082275,0.12352550774812698,0.35772234201431274,0.15175101161003113,0.3775741457939148,0.9281437125748503,0.874251497005988,0.9011976047904191,labse_baseline,1503,0.48502994011976047,0.6420492348636061,0.7052561543579507,0.562415335809361,0.49035215377807617,0.18961834907531738,0.17786209285259247,0.12913410365581512,0.3124900609254837,0.7917498336660014,0.8782435129740519,0.8349966733200267,0.11709913506320696,0.11776447105788423,0.1097804391217565,0.11419217420172434,0.24494433403015137,0.17986024916172028,0.06508408486843109,0.1363938789088489,-0.003992015968063867,0.06620093147039241
all_462_final_model,mal,tam,mal->tam,1503,0.8210246174318031,0.9055222887558216,0.9214903526280772,0.8616075564536231,0.8233613967895508,0.11572547256946564,0.3742491900920868,0.14951589703559875,0.449112206697464,0.9454424484364604,0.9228210246174318,0.9341317365269461,labse_baseline,1503,0.8709248170326015,0.93812375249501,0.9514304723885563,0.9030176023409393,0.7736926674842834,0.1322537064552307,0.33466675877571106,0.12257643043994904,0.4390259087085724,0.9328010645375915,0.9461077844311377,0.9394544244843646,-0.04990019960079839,-0.032601463739188374,-0.029940119760479056,-0.04141004588731623,0.049668729305267334,0.03958243131637573,0.010086297988891602,0.01264138389886893,-0.02328675981370598,-0.005322687957418415
all_462_final_model,mal,tel,mal->tel,1503,0.8922155688622755,0.9527611443779108,0.9673985362608117,0.9210134168846279,0.8598781228065491,0.09513196349143982,0.37820562720298767,0.14926046133041382,0.4816724956035614,0.9733865602129075,0.9414504324683965,0.957418496340652,labse_baseline,1503,0.9088489687292083,0.9660678642714571,0.9773785761809713,0.9355976401827099,0.810897707939148,0.11749418079853058,0.3390214741230011,0.12501369416713715,0.47187623381614685,0.9520958083832335,0.9567531603459747,0.9544244843646041,-0.016633399866932796,-0.01330671989354626,-0.009980039920159611,-0.014584223298081955,0.04898041486740112,0.03918415307998657,0.00979626178741455,0.021290751829673993,-0.015302727877578137,0.0029940119760478723
all_462_final_model,mal,urd,mal->urd,1503,0.895542248835662,0.959414504324684,0.9727212242182302,0.9235213616070481,0.8592584729194641,0.0949370414018631,0.3754134476184845,0.14857739210128784,0.4838450253009796,0.9673985362608117,0.9441117764471058,0.9557551563539588,labse_baseline,1503,0.9228210246174318,0.9753825681969395,0.9846972721224219,0.9452333367028439,0.8132064342498779,0.11617454141378403,0.35239750146865845,0.11955583840608597,0.4608089327812195,0.9507651363938789,0.9587491683300067,0.9547571523619428,-0.027278775781769737,-0.015968063872255467,-0.011976047904191711,-0.02171197509579581,0.04605203866958618,0.02301594614982605,0.023036092519760132,0.016633399866932796,-0.014637391882900919,0.0009980039920159944
all_462_final_model,mni,asm,mni->asm,1503,0.03127079174983367,0.09115103127079174,0.1377245508982036,0.07380142008040634,0.600725531578064,0.12221080809831619,0.3554372787475586,0.1729811728000641,0.24528825283050537,0.846307385229541,0.7584830339321357,0.8023952095808383,labse_baseline,1503,0.007984031936127744,0.024617431803060547,0.0385894876912841,0.023356729083463347,0.10655361413955688,0.14065279066562653,0.03541591763496399,0.08878897875547409,0.0711376965045929,0.5036593479707252,0.7298735861610113,0.6167664670658682,0.023286759813705923,0.0665335994677312,0.0991350632069195,0.050444690996942994,0.4941719174385071,0.3200213611125946,0.17415055632591248,0.34264803725881576,0.028609447771124397,0.18562874251497008
all_462_final_model,mni,ben,mni->ben,1503,0.034597471723220224,0.09580838323353294,0.14238190286094476,0.0739688027455167,0.5812856554985046,0.12380724400281906,0.3523939549922943,0.16714270412921906,0.22889170050621033,0.83166999334664,0.7544910179640718,0.7930805056553559,labse_baseline,1503,0.007318695941450432,0.023952095808383235,0.03526280771789754,0.020734787172906544,0.06589818000793457,0.13301874697208405,0.011217806488275528,0.08835488557815552,0.05468037351965904,0.4737192282102462,0.6932801064537591,0.5834996673320026,0.027278775781769793,0.07185628742514971,0.10711909514304722,0.05323401557261016,0.5153874754905701,0.3411761485040188,0.17421132698655128,0.35795076513639384,0.06121091151031266,0.20958083832335328
all_462_final_model,mni,brx,mni->brx,1503,0.03127079174983367,0.08782435129740519,0.12907518296739853,0.0717581544050053,0.6336915493011475,0.14945168793201447,0.3657476603984833,0.200287863612175,0.2679438889026642,0.8223552894211577,0.7544910179640718,0.7884231536926147,labse_baseline,1503,0.0053226879574184965,0.023952095808383235,0.03792415169660679,0.020849645802147227,0.1503509134054184,0.1576128602027893,0.053650688380002975,0.1091449111700058,0.09670022502541542,0.5349301397205589,0.739853626081171,0.6373918829008649,0.02594810379241517,0.06387225548902195,0.09115103127079174,0.050908508602858074,0.48334063589572906,0.3120969720184803,0.17124366387724876,0.28742514970059874,0.014637391882900808,0.15103127079174983
all_462_final_model,mni,doi,mni->doi,1503,0.029940119760479042,0.09181636726546906,0.1383898868928809,0.07155588163664345,0.5960168838500977,0.13267679512500763,0.3510981798171997,0.17788614332675934,0.24491870403289795,0.8163672654690619,0.7598137059214903,0.7880904856952762,labse_baseline,1503,0.003992015968063872,0.021290751829673986,0.033932135728542916,0.017729807266292287,0.12825335562229156,0.14582954347133636,0.0508875697851181,0.09390508383512497,0.07736578583717346,0.5063206919494344,0.7365269461077845,0.6214238190286094,0.02594810379241517,0.07052561543579508,0.10445775116433798,0.05382607437035116,0.4677635282278061,0.3002106100320816,0.1675529181957245,0.3100465735196275,0.02328675981370587,0.16666666666666674
all_462_final_model,mni,guj,mni->guj,1503,0.03260146373918829,0.08982035928143713,0.1490352628077179,0.07334084246641882,0.5827997326850891,0.1217908263206482,0.3558451235294342,0.17133110761642456,0.2269546091556549,0.8256819693945442,0.7491683300066534,0.7874251497005988,labse_baseline,1503,0.009314703925482368,0.023952095808383235,0.0385894876912841,0.0231700356676303,0.056770846247673035,0.1301606297492981,0.0041445414535701275,0.08957360684871674,0.05262630479410291,0.4717232202262142,0.6713240186294078,0.571523619427811,0.023286759813705923,0.06586826347305388,0.1104457751164338,0.05017080679878852,0.5260288864374161,0.3517005820758641,0.174328304361552,0.35395874916833,0.07784431137724557,0.2159015302727878
all_462_final_model,mni,hin,mni->hin,1503,0.034597471723220224,0.09447771124417831,0.15236194278110446,0.07663064434695172,0.5825924873352051,0.11714155226945877,0.3547292649745941,0.16923560202121735,0.22786322236061096,0.8423153692614771,0.7458416500332667,0.7940785096473719,labse_baseline,1503,0.00665335994677312,0.02262142381902861,0.034597471723220224,0.02121293756539666,0.04929802566766739,0.1287359744310379,-0.0010755585972219706,0.08894219994544983,0.05037358426488936,0.48436460412508314,0.6726546906187625,0.5785096473719228,0.027944111776447105,0.0718562874251497,0.11776447105788423,0.055417706781555054,0.5332944616675377,0.3558048235718161,0.1774896380957216,0.35795076513639396,0.07318695941450426,0.21556886227544914
all_462_final_model,mni,kan,mni->kan,1503,0.028609447771124417,0.07917498336660013,0.12840984697272123,0.06671444035418696,0.5805809497833252,0.13117897510528564,0.35305657982826233,0.17313572764396667,0.22752436995506287,0.8203592814371258,0.7538256819693946,0.7870924817032602,labse_baseline,1503,0.009314703925482368,0.01929474384564205,0.0332667997338656,0.021283942110304998,0.08262462913990021,0.13758189976215363,0.019902048632502556,0.08821329474449158,0.06272258050739765,0.4856952761144378,0.716566866267465,0.6011310711909514,0.01929474384564205,0.059880239520958084,0.09514304723885564,0.045430498243881956,0.497956320643425,0.3331545311957598,0.16480178944766521,0.334664005322688,0.03725881570192957,0.18596141051230874
all_462_final_model,mni,kas,mni->kas,1503,0.031936127744510975,0.08183632734530938,0.12840984697272123,0.06923578475597986,0.6177278161048889,0.147886261343956,0.3632199764251709,0.19301100075244904,0.254507839679718,0.8137059214903526,0.7618097139055223,0.7877578176979374,labse_baseline,1503,0.003992015968063872,0.015968063872255488,0.0332667997338656,0.018363589643373864,0.19781112670898438,0.15866823494434357,0.10647260397672653,0.11791826784610748,0.09133852273225784,0.571523619427811,0.7145708582834331,0.6430472388556221,0.0279441117764471,0.06586826347305388,0.09514304723885564,0.05087219511260599,0.41991668939590454,0.25674737244844437,0.16316931694746017,0.24218230206254154,0.04723885562208918,0.1447105788423153
all_462_final_model,mni,gom,mni->gom,1503,0.033932135728542916,0.09181636726546906,0.1430472388556221,0.07427283811235447,0.6021870374679565,0.1325616091489792,0.35324257612228394,0.1802801787853241,0.2489444613456726,0.8323353293413174,0.7658017298735862,0.7990685296074518,labse_baseline,1503,0.0053226879574184965,0.01996007984031936,0.03792415169660679,0.019838167440400026,0.11249280720949173,0.1531076431274414,0.03160880506038666,0.09542132914066315,0.08088400214910507,0.48769128409846974,0.7631403858948769,0.6254158349966733,0.028609447771124417,0.0718562874251497,0.1051230871590153,0.05443467067195444,0.4896942302584648,0.3216337710618973,0.16806045919656754,0.34464404524284764,0.0026613439787093185,0.17365269461077848
all_462_final_model,mni,mai,mni->mai,1503,0.02594810379241517,0.0771789753825682,0.11177644710578842,0.06239140579392171,0.57294762134552,0.13859377801418304,0.35143887996673584,0.17649826407432556,0.22150874137878418,0.7890884896872921,0.7431803060545575,0.7661343978709247,labse_baseline,1503,0.005988023952095809,0.0166333998669328,0.028609447771124417,0.017864390847850988,0.11212765425443649,0.1412801295518875,0.04303169250488281,0.08524984121322632,0.06909596174955368,0.4916833000665336,0.7332002661343978,0.6124417831004657,0.01996007984031936,0.0605455755156354,0.08316699933466401,0.044527014946070725,0.4608199670910835,0.308407187461853,0.1524127796292305,0.29740518962075846,0.009980039920159722,0.15369261477045904
all_462_final_model,mni,mal,mni->mal,1503,0.027278775781769793,0.08383233532934131,0.12840984697272123,0.06454790134891349,0.5741176605224609,0.12774938344955444,0.3527413010597229,0.17113879323005676,0.22137635946273804,0.8150365934797072,0.7445109780439122,0.7797737857618097,labse_baseline,1503,0.0053226879574184965,0.017298735861610112,0.03127079174983367,0.018234747082480327,0.06753713637590408,0.13365709781646729,0.013644751161336899,0.0870012417435646,0.053892385214567184,0.4763805721889554,0.6839654025282768,0.5801729873586161,0.021956087824351295,0.0665335994677312,0.09713905522288757,0.04631315426643316,0.5065805241465569,0.339096549898386,0.16748397424817085,0.33865602129075184,0.06054557551563544,0.19960079840319356
all_462_final_model,mni,mar,mni->mar,1503,0.03127079174983367,0.08782435129740519,0.1377245508982036,0.07193004683806449,0.5765444040298462,0.12113814800977707,0.35250845551490784,0.16798707842826843,0.22403594851493835,0.8276779773785762,0.7471723220226214,0.7874251497005988,labse_baseline,1503,0.008649367930805056,0.01929474384564205,0.027278775781769793,0.020124596970776173,0.06301040947437286,0.12804792821407318,0.01072762068361044,0.08691152185201645,0.052282788790762424,0.49101796407185627,0.6660013306719893,0.5785096473719228,0.02262142381902861,0.06852960745176315,0.1104457751164338,0.051805449867288314,0.5135339945554733,0.3417808348312974,0.17175315972417593,0.3366600133067199,0.0811709913506321,0.20891550232867606
all_462_final_model,mni,npi,mni->npi,1503,0.031936127744510975,0.08915502328675981,0.14637391882900866,0.07211651693853943,0.5780544281005859,0.11631540954113007,0.35366493463516235,0.16756923496723175,0.22438949346542358,0.8236859614105123,0.7531603459747173,0.7884231536926147,labse_baseline,1503,0.00665335994677312,0.02262142381902861,0.031936127744510975,0.01966571550486131,0.058548081666231155,0.1265459507703781,0.0049704755656421185,0.08732475340366364,0.05357760610058904,0.4870259481037924,0.6813040585495675,0.58416500332668,0.025282767797737856,0.0665335994677312,0.11443779108449768,0.052450801433678126,0.5195063464343548,0.34869445906952024,0.17081188736483455,0.3366600133067199,0.07185628742514971,0.20425815036593475
all_462_final_model,mni,ory,mni->ory,1503,0.030605455755156354,0.09314703925482369,0.1437125748502994,0.0723855192381464,0.5833195447921753,0.12418238073587418,0.3496318757534027,0.1707434207201004,0.23368766903877258,0.8263473053892215,0.759148369926813,0.7927478376580173,labse_baseline,1503,0.005988023952095809,0.021956087824351298,0.03592814371257485,0.020510969365094806,0.06636585295200348,0.13473601639270782,0.008414136245846748,0.08781678974628448,0.05795171670615673,0.48170326014637393,0.7139055222887558,0.5978043912175649,0.024617431803060544,0.0711909514304724,0.10778443113772454,0.051874549873051595,0.5169536918401718,0.34121773950755596,0.17573595233261585,0.3446440452428476,0.04524284763805719,0.19494344644045236
all_462_final_model,mni,pan,mni->pan,1503,0.031936127744510975,0.10246174318030606,0.15701929474384566,0.07581983320008703,0.5821678042411804,0.12173330038785934,0.3517955243587494,0.16769829392433167,0.23037227988243103,0.8276779773785762,0.7531603459747173,0.7904191616766467,labse_baseline,1503,0.007318695941450432,0.02661343978709248,0.04058549567531603,0.022758486765288202,0.06885677576065063,0.12940771877765656,0.010702814906835556,0.08718401193618774,0.05815396085381508,0.4863606121091151,0.7052561543579507,0.5958083832335329,0.024617431803060544,0.07584830339321358,0.11643379906852963,0.05306134643479883,0.5133110284805298,0.34109270945191383,0.17221831902861595,0.3413173652694611,0.04790419161676651,0.1946107784431138
all_462_final_model,mni,san,mni->san,1503,0.023286759813705923,0.07651363938789088,0.12508316699933467,0.0618251277432834,0.5952547788619995,0.1339239776134491,0.35608381032943726,0.1843205988407135,0.23917096853256226,0.8223552894211577,0.7465069860279441,0.7844311377245509,labse_baseline,1503,0.005988023952095809,0.02262142381902861,0.034597471723220224,0.020386487643917914,0.14049524068832397,0.14699037373065948,0.05905503034591675,0.09725595265626907,0.08144021034240723,0.5296074517631404,0.729208250166334,0.6294078509647372,0.017298735861610112,0.05389221556886227,0.09048569527611444,0.04143864009936549,0.45475953817367554,0.2970287799835205,0.15773075819015503,0.29274783765801726,0.017298735861610126,0.1550232867598137
all_462_final_model,mni,sat,mni->sat,1503,0.04524284763805722,0.1823020625415835,0.2315369261477046,0.165513493834229,0.8161715269088745,0.2078571617603302,0.4233867824077606,0.2590181827545166,0.3927847445011139,0.8163672654690619,0.801729873586161,0.8090485695276115,labse_baseline,1503,0.03992015968063872,0.16234198270126413,0.2049234863606121,0.14031192593010305,0.9232303500175476,0.1315625160932541,0.6949549913406372,0.2262313961982727,0.2282753586769104,0.8476380572188955,0.6467065868263473,0.7471723220226214,0.005322687957418498,0.01996007984031936,0.02661343978709249,0.02520156790412595,-0.1070588231086731,-0.2715682089328766,0.1645093858242035,-0.031270791749833604,0.1550232867598137,0.0618762475049901
all_462_final_model,mni,snd,mni->snd,1503,0.028609447771124417,0.07052561543579508,0.11177644710578842,0.06009426211330733,0.583831787109375,0.1442047655582428,0.35483548045158386,0.18368330597877502,0.22899630665779114,0.782435129740519,0.7511643379906853,0.7667997338656021,labse_baseline,1503,0.007318695941450432,0.017298735861610112,0.031936127744510975,0.01864801644568123,0.1277131587266922,0.15783415734767914,0.05305328592658043,0.09941758960485458,0.07465987280011177,0.47305389221556887,0.7405189620758483,0.6067864271457086,0.021290751829673986,0.05322687957418497,0.07984031936127745,0.0414462456676261,0.4561186283826828,0.30178219452500343,0.15433643385767937,0.3093812375249501,0.010645375914836941,0.16001330671989344
all_462_final_model,mni,tam,mni->tam,1503,0.020625415834996674,0.06520292747837658,0.10778443113772455,0.0541425318814378,0.5604070425033569,0.13374178111553192,0.3552994430065155,0.17115965485572815,0.20510759949684143,0.7904191616766467,0.7265469061876247,0.7584830339321358,labse_baseline,1503,0.0053226879574184965,0.015302727877578177,0.02661343978709248,0.016890989143719254,0.05722564086318016,0.1322687864303589,0.008812770247459412,0.08934760093688965,0.04841287061572075,0.4750499001996008,0.6679973386560213,0.571523619427811,0.015302727877578177,0.0499001996007984,0.08117099135063208,0.037251542737718545,0.5031814016401768,0.3464866727590561,0.15669472888112068,0.3153692614770459,0.05854956753160345,0.18695941450432474
all_462_final_model,mni,tel,mni->tel,1503,0.034597471723220224,0.08915502328675981,0.1370592149035263,0.07253717245550999,0.5869329571723938,0.12173120677471161,0.35859647393226624,0.16922996938228607,0.22833648324012756,0.8276779773785762,0.7498336660013307,0.7887558216899535,labse_baseline,1503,0.0053226879574184965,0.01996007984031936,0.037258815701929474,0.019272095530218376,0.06385933607816696,0.13559964299201965,0.009882322512567043,0.0887826606631279,0.05397701356559992,0.4624085163007319,0.6986027944111777,0.5805056553559548,0.029274783765801726,0.06919494344644045,0.09980039920159682,0.053265076925291616,0.5230736210942268,0.3487141514196992,0.17435946967452765,0.3652694610778443,0.05123087159015305,0.20825016633399873
all_462_final_model,mni,urd,mni->urd,1503,0.03526280771789754,0.08982035928143713,0.1490352628077179,0.07615250650355569,0.5849416255950928,0.11331608146429062,0.35377737879753113,0.16983188688755035,0.23116424679756165,0.8456420492348636,0.7491683300066534,0.7974051896207586,labse_baseline,1503,0.00998003992015968,0.024617431803060547,0.03592814371257485,0.02373346131352386,0.04721863195300102,0.12458561360836029,-0.002323389984667301,0.08685410767793655,0.049542021937668324,0.49101796407185627,0.6506986027944112,0.5708582834331337,0.02528276779773786,0.06520292747837658,0.11310711909514304,0.052419045190031835,0.5377229936420918,0.35610076878219843,0.18162222485989332,0.35462408516300736,0.09846972721224223,0.22654690618762485
all_462_final_model,mar,asm,mar->asm,1503,0.9135063206919495,0.9673985362608117,0.9780439121756487,0.9384541494203831,0.8661715984344482,0.089875228703022,0.37495994567871094,0.14900358021259308,0.4912116527557373,0.978709248170326,0.9421157684630739,0.9604125083166999,labse_baseline,1503,0.9048569527611444,0.9667332002661344,0.9773785761809713,0.9323833179646223,0.7880178093910217,0.1193912997841835,0.30280783772468567,0.1267174482345581,0.48520997166633606,0.9600798403193613,0.9587491683300067,0.959414504324684,0.008649367930805063,0.0006653359946773296,0.0006653359946773296,0.006070831455760817,0.07815378904342651,0.07215210795402527,0.006001681089401245,0.018629407850964674,-0.016633399866932796,0.0009980039920158834
all_462_final_model,mar,ben,mar->ben,1503,0.9434464404524284,0.9840319361277445,0.9886892880904857,0.9617441827544504,0.8897574543952942,0.07902323454618454,0.37904152274131775,0.1486372947692871,0.5107159316539764,0.9860279441117764,0.9534264803725881,0.9697272122421823,labse_baseline,1503,0.9500998003992016,0.9860279441117764,0.9893546240851631,0.9670918608766862,0.8614075779914856,0.09226880222558975,0.3776910603046417,0.11936154216527939,0.48371651768684387,0.9733865602129075,0.9640718562874252,0.9687292082501664,-0.006653359946773185,-0.001996007984031878,-0.0006653359946773296,-0.005347678122235799,0.028349876403808594,0.0013504624366760254,0.02699941396713257,0.01264138389886893,-0.010645375914837052,0.0009980039920158834
all_462_final_model,mar,brx,mar->brx,1503,0.3193612774451098,0.47704590818363274,0.5615435795076513,0.4009661528738646,0.6544724106788635,0.12208034843206406,0.33853787183761597,0.15756233036518097,0.31593453884124756,0.8908848968729208,0.8343313373253493,0.8626081170991351,labse_baseline,1503,0.12574850299401197,0.22288755821689954,0.2761144377910845,0.1770792391453226,0.2308853566646576,0.16969002783298492,0.08676894754171371,0.10233066976070404,0.14411640912294388,0.6234198270126414,0.7977378576180971,0.7105788423153693,0.1936127744510978,0.2541583499667332,0.2854291417165668,0.22388691372854203,0.42358705401420593,0.25176892429590225,0.17181812971830368,0.2674650698602794,0.03659347970725213,0.15202927478376582
all_462_final_model,mar,doi,mar->doi,1503,0.7924151696606786,0.9035262807717898,0.9354624085163007,0.8473665911411666,0.8059635162353516,0.10818623751401901,0.36540326476097107,0.15306821465492249,0.4405602514743805,0.957418496340652,0.9188290086493679,0.9381237524950099,labse_baseline,1503,0.654690618762475,0.7984031936127745,0.8310046573519627,0.7209099082154979,0.6008635759353638,0.18470412492752075,0.21969351172447205,0.13384796679019928,0.3811700642108917,0.8356620093147039,0.9161676646706587,0.8759148369926812,0.13772455089820357,0.1051230871590153,0.10445775116433798,0.1264566829256687,0.2050999402999878,0.14570975303649902,0.05939018726348877,0.1217564870259481,0.0026613439787092075,0.062208915502328654
all_462_final_model,mar,guj,mar->guj,1503,0.9421157684630739,0.978709248170326,0.9860279441117764,0.959160094036136,0.9013330936431885,0.07919315993785858,0.3818155527114868,0.1492737978696823,0.5195175409317017,0.9840319361277445,0.9580838323353293,0.9710578842315369,labse_baseline,1503,0.9540918163672655,0.9860279441117764,0.9900199600798403,0.9700491043883337,0.8756943345069885,0.08959347754716873,0.3911820650100708,0.11719869077205658,0.4845122694969177,0.9780439121756487,0.9713905522288756,0.9747172322022621,-0.0119760479041916,-0.007318695941450404,-0.003992015968063867,-0.010889010352197692,0.02563875913619995,-0.009366512298583984,0.035005271434783936,0.005988023952095856,-0.01330671989354626,-0.003659347970725202
all_462_final_model,mar,hin,mar->hin,1503,0.9434464404524284,0.9827012641383899,0.9893546240851631,0.9622627519597056,0.8987707495689392,0.07701413333415985,0.38109278678894043,0.14884305000305176,0.5176779627799988,0.9893546240851631,0.959414504324684,0.9743845642049236,labse_baseline,1503,0.948769128409847,0.9853626081170991,0.9900199600798403,0.9659566470174576,0.8687591552734375,0.09176280349493027,0.4007605314254761,0.11503694951534271,0.4679986238479614,0.9767132401862941,0.9667332002661344,0.9717232202262143,-0.005322687957418526,-0.0026613439787092075,-0.0006653359946772186,-0.0036938950577520835,0.03001159429550171,-0.019667744636535645,0.049679338932037354,0.01264138389886893,-0.007318695941450404,0.0026613439787093185
all_462_final_model,mar,kan,mar->kan,1503,0.8542914171656687,0.93812375249501,0.9514304723885563,0.8931323432081653,0.8402454257011414,0.10623005032539368,0.37508732080459595,0.1498110443353653,0.4651581048965454,0.9627411842980705,0.9374584165003327,0.9500998003992016,labse_baseline,1503,0.854956753160346,0.929474384564205,0.9427811044577512,0.8901865060852063,0.7611919641494751,0.14518378674983978,0.31931203603744507,0.13508786261081696,0.44187992811203003,0.9248170326014638,0.9414504324683965,0.9331337325349301,-0.0006653359946773296,0.008649367930805063,0.008649367930805063,0.0029458371229589275,0.07905346155166626,0.05577528476715088,0.02327817678451538,0.03792415169660679,-0.003992015968063867,0.01696606786427146
all_462_final_model,mar,kas,mar->kas,1503,0.4803725881570193,0.6387225548902196,0.6986027944111777,0.5553936093057599,0.6955555081367493,0.1252586543560028,0.3527192175388336,0.15765266120433807,0.34283629059791565,0.9095143047238856,0.8436460412508316,0.8765801729873586,labse_baseline,1503,0.3253493013972056,0.4743845642049235,0.52228875582169,0.3950849443434381,0.3495389521121979,0.20264720916748047,0.10742760449647903,0.12373049557209015,0.24211134761571884,0.7119095143047239,0.83166999334664,0.7717897538256819,0.1550232867598137,0.1643379906852961,0.1763140385894877,0.16030866496232177,0.3460165560245514,0.24529161304235458,0.10072494298219681,0.19760479041916168,0.0119760479041916,0.10479041916167664
all_462_final_model,mar,gom,mar->gom,1503,0.7711244178310046,0.8882235528942116,0.9208250166333999,0.8247833194662317,0.7963936924934387,0.11312568932771683,0.3626459240913391,0.15188603103160858,0.4337477684020996,0.9560878243512974,0.9088489687292083,0.9324683965402528,labse_baseline,1503,0.6826347305389222,0.7937458416500333,0.8290086493679308,0.7344129459144657,0.6036739349365234,0.189125657081604,0.2095470279455185,0.14480359852313995,0.39412690699100494,0.8409846972721224,0.908183632734531,0.8745841650033267,0.0884896872920824,0.09447771124417836,0.09181636726546905,0.09037037355176603,0.19271975755691528,0.15309889614582062,0.039620861411094666,0.11510312707917492,0.0006653359946773296,0.05788423153692612
all_462_final_model,mar,mai,mar->mai,1503,0.8403193612774451,0.9248170326014638,0.9454424484364604,0.8790199395109082,0.8191428780555725,0.10162582993507385,0.37210410833358765,0.15323936939239502,0.44703876972198486,0.9693945442448436,0.9208250166333999,0.9451097804391217,labse_baseline,1503,0.7937458416500333,0.8948769128409847,0.9241516966067864,0.8409386727546004,0.6749132871627808,0.15516021847724915,0.2673172056674957,0.13309088349342346,0.40759608149528503,0.895542248835662,0.9254823685961411,0.9105123087159015,0.04657351962741185,0.029940119760479056,0.021290751829673993,0.03808126675630774,0.14422959089279175,0.10478690266609192,0.03944268822669983,0.07385229540918159,-0.004657351962741196,0.03459747172322025
all_462_final_model,mar,mal,mar->mal,1503,0.9001996007984032,0.9614105123087159,0.9747172322022621,0.9288850882905118,0.8588284850120544,0.09067758917808533,0.3759148418903351,0.1492070108652115,0.48291364312171936,0.9753825681969395,0.9401197604790419,0.9577511643379907,labse_baseline,1503,0.9088489687292083,0.9720558882235529,0.9820359281437125,0.9377854766395416,0.8144611120223999,0.11132100224494934,0.3483070433139801,0.12218069285154343,0.4661540687084198,0.9567531603459747,0.957418496340652,0.9570858283433133,-0.008649367930805063,-0.010645375914837052,-0.007318695941450404,-0.008900388349029842,0.04436737298965454,0.02760779857635498,0.01675957441329956,0.018629407850964785,-0.017298735861610126,0.0006653359946773296
all_462_final_model,mar,mni,mar->mni,1503,0.03260146373918829,0.14171656686626746,0.17897538256819695,0.11141297790387186,0.5765444040298462,0.12113814800977707,0.35405778884887695,0.16785213351249695,0.22248661518096924,0.8276779773785762,0.7558216899534265,0.7917498336660014,labse_baseline,1503,0.0053226879574184965,0.0332667997338656,0.04258150365934797,0.024841697144317568,0.06301040947437286,0.12804792821407318,0.009815248660743237,0.08562706410884857,0.05319516081362963,0.4930139720558882,0.6799733865602129,0.5864936793080505,0.027278775781769793,0.10844976713240187,0.13639387890884896,0.0865712807595543,0.5135339945554733,0.3442425401881337,0.1692914543673396,0.334664005322688,0.07584830339321358,0.20525615435795086
all_462_final_model,mar,npi,mar->npi,1503,0.9454424484364604,0.9827012641383899,0.9873586161011311,0.9643548088121168,0.8998004794120789,0.07914751023054123,0.3808586299419403,0.14713649451732635,0.5189418494701385,0.9853626081170991,0.957418496340652,0.9713905522288755,labse_baseline,1503,0.9481037924151696,0.9880239520958084,0.9920159680638723,0.9673292326418289,0.8740001916885376,0.09251369535923004,0.38114872574806213,0.11810246109962463,0.49285146594047546,0.978709248170326,0.9707252162341983,0.9747172322022621,-0.0026613439787092075,-0.005322687957418526,-0.004657351962741196,-0.002974423829712136,0.02580028772354126,-0.00029009580612182617,0.026090383529663086,0.006653359946773074,-0.01330671989354626,-0.003326679973386648
all_462_final_model,mar,ory,mar->ory,1503,0.9261477045908184,0.9793745841650033,0.9860279441117764,0.951524024623582,0.8823428750038147,0.08171835541725159,0.37414300441741943,0.14857178926467896,0.5081998705863953,0.9833666001330672,0.959414504324684,0.9713905522288756,labse_baseline,1503,0.9334664005322688,0.9820359281437125,0.9873586161011311,0.9558619012714468,0.8400177359580994,0.10417163372039795,0.3538830876350403,0.12096754461526871,0.4861346483230591,0.9654025282767797,0.9660678642714571,0.9657351962741184,-0.007318695941450404,-0.0026613439787092075,-0.0013306719893546592,-0.00433787664786478,0.04232513904571533,0.02025991678237915,0.02206522226333618,0.017964071856287456,-0.006653359946773074,0.005655355954757191
all_462_final_model,mar,pan,mar->pan,1503,0.9234863606121091,0.978709248170326,0.9886892880904857,0.9498792428750813,0.874687135219574,0.08660075813531876,0.37373194098472595,0.14759165048599243,0.500955194234848,0.9840319361277445,0.9560878243512974,0.9700598802395209,labse_baseline,1503,0.9341317365269461,0.9827012641383899,0.9886892880904857,0.956670305637131,0.8367985486984253,0.10525065660476685,0.3590904474258423,0.1204269602894783,0.477708101272583,0.9707252162341983,0.9627411842980705,0.9667332002661344,-0.010645375914837052,-0.003992015968063867,0.0,-0.00679106276204966,0.03788858652114868,0.014641493558883667,0.023247092962265015,0.01330671989354626,-0.006653359946773185,0.003326679973386537
all_462_final_model,mar,san,mar->san,1503,0.7112441783100466,0.8569527611443779,0.895542248835662,0.7776204937743504,0.7679804563522339,0.11905483156442642,0.3629434108734131,0.15473386645317078,0.4050370454788208,0.9434464404524284,0.9028609447771124,0.9231536926147704,labse_baseline,1503,0.552228875582169,0.7152361942781105,0.7697937458416501,0.6284857886757459,0.5172756910324097,0.18651358783245087,0.18847940862178802,0.13200156390666962,0.32879628241062164,0.8117099135063207,0.8875582168995343,0.8496340652029275,0.15901530272787756,0.14171656686626743,0.12574850299401197,0.1491347050986045,0.2507047653198242,0.17446400225162506,0.07624076306819916,0.1317365269461077,0.015302727877578137,0.07351962741184292
all_462_final_model,mar,sat,mar->sat,1503,0.029940119760479042,0.1603459747172322,0.20292747837658018,0.13761069740153167,0.5880375504493713,0.12499796599149704,0.35467711091041565,0.17139498889446259,0.2333604395389557,0.8216899534264803,0.7544910179640718,0.7880904856952761,labse_baseline,1503,0.008649367930805056,0.02262142381902861,0.037258815701929474,0.02309589010395945,0.0658809244632721,0.1226617619395256,0.014393051154911518,0.07748016715049744,0.05148787330836058,0.4530938123752495,0.6926147704590818,0.5728542914171657,0.021290751829673986,0.13772455089820357,0.1656686626746507,0.11451480729757223,0.5221566259860992,0.34028405975550413,0.1818725662305951,0.36859614105123084,0.06187624750498999,0.21523619427811036
all_462_final_model,mar,snd,mar->snd,1503,0.6833000665335994,0.8176979374584165,0.8695941450432468,0.7462857115892709,0.7612314224243164,0.12037279456853867,0.35961273312568665,0.1519855409860611,0.40161868929862976,0.9407850964737192,0.8975382568196939,0.9191616766467066,labse_baseline,1503,0.5123087159015303,0.6586826347305389,0.7125748502994012,0.5826820810618827,0.5000473260879517,0.1937071681022644,0.1828496754169464,0.1317337155342102,0.31719765067100525,0.7864271457085829,0.8775781769793746,0.8320026613439787,0.17099135063206916,0.15901530272787756,0.15701929474384568,0.16360363052738824,0.26118409633636475,0.17676305770874023,0.08442103862762451,0.15435795076513636,0.019960079840319334,0.08715901530272785
all_462_final_model,mar,tam,mar->tam,1503,0.8276779773785762,0.9121756487025948,0.936127744510978,0.8677822697990167,0.8251623511314392,0.1137712150812149,0.37726980447769165,0.1500314325094223,0.44789254665374756,0.9494344644045243,0.927478376580173,0.9384564204923487,labse_baseline,1503,0.8629407850964738,0.9308050565535595,0.9481037924151696,0.8963233926610832,0.7819600105285645,0.12575407326221466,0.3639703094959259,0.11909937113523483,0.41798970103263855,0.9228210246174318,0.9481037924151696,0.9354624085163007,-0.03526280771789758,-0.018629407850964674,-0.0119760479041916,-0.028541122862066448,0.043202340602874756,0.013299494981765747,0.02990284562110901,0.02661343978709252,-0.020625415834996663,0.0029940119760479833
all_462_final_model,mar,tel,mar->tel,1503,0.9121756487025948,0.9660678642714571,0.9780439121756487,0.9381535366117518,0.8710413575172424,0.08894313126802444,0.38163647055625916,0.14938950538635254,0.4894048869609833,0.9760479041916168,0.9441117764471058,0.9600798403193613,labse_baseline,1503,0.9214903526280772,0.9740518962075848,0.980705256154358,0.9455728161044348,0.832562267780304,0.10522350668907166,0.36827796697616577,0.12141305953264236,0.4642843008041382,0.9640718562874252,0.959414504324684,0.9617431803060545,-0.009314703925482393,-0.007984031936127733,-0.0026613439787093185,-0.007419279492682951,0.03847908973693848,0.013358503580093384,0.025120586156845093,0.0119760479041916,-0.015302727877578248,-0.001663339986693213
all_462_final_model,mar,urd,mar->urd,1503,0.9507651363938789,0.9793745841650033,0.9880239520958084,0.9650178593642087,0.8974323272705078,0.07525598257780075,0.3799813687801361,0.14956066012382507,0.5174509584903717,0.9860279441117764,0.959414504324684,0.9727212242182302,labse_baseline,1503,0.9527611443779108,0.9866932801064537,0.9900199600798403,0.9681746502299529,0.8691666126251221,0.08987181633710861,0.38726866245269775,0.11574193090200424,0.4818979501724243,0.980705256154358,0.9727212242182302,0.9767132401862941,-0.001996007984031878,-0.007318695941450404,-0.001996007984031878,-0.0031567908657441635,0.028265714645385742,-0.0072872936725616455,0.03555300831794739,0.005322687957418415,-0.013306719893546148,-0.003992015968063978
all_462_final_model,npi,asm,npi->asm,1503,0.9188290086493679,0.9747172322022621,0.9853626081170991,0.9451302640881678,0.8761225938796997,0.08673859387636185,0.3751373291015625,0.1471339762210846,0.5009852647781372,0.9813705921490352,0.9520958083832335,0.9667332002661344,labse_baseline,1503,0.9228210246174318,0.9733865602129075,0.9827012641383899,0.9450369759638003,0.8003742098808289,0.11729717999696732,0.30242788791656494,0.12760613858699799,0.4979463219642639,0.9620758483033932,0.9647371922821024,0.9634065202927478,-0.003992015968063867,0.0013306719893546592,0.0026613439787092075,9.328812436748546e-05,0.07574838399887085,0.07270944118499756,0.003038942813873291,0.019294743845642004,-0.01264138389886893,0.003326679973386648
all_462_final_model,npi,ben,npi->ben,1503,0.9461077844311377,0.9827012641383899,0.9906852960745176,0.9644868978481902,0.8964590430259705,0.07658392190933228,0.378726601600647,0.1470394879579544,0.5177324414253235,0.9860279441117764,0.9607451763140386,0.9733865602129075,labse_baseline,1503,0.9560878243512974,0.9866932801064537,0.9920159680638723,0.9713119672613342,0.8672890067100525,0.09046691656112671,0.37743985652923584,0.11945733428001404,0.48984915018081665,0.9800399201596807,0.9680638722554891,0.9740518962075848,-0.009980039920159611,-0.003992015968063867,-0.0013306719893546592,-0.00682506941314398,0.02917003631591797,0.0012867450714111328,0.027883291244506836,0.0059880239520957446,-0.007318695941450515,-0.0006653359946773296
all_462_final_model,npi,brx,npi->brx,1503,0.3286759813705922,0.4916833000665336,0.5675316034597472,0.4103021768296468,0.6567044854164124,0.1221301406621933,0.3400219678878784,0.15530428290367126,0.31668251752853394,0.8982035928143712,0.8429807052561543,0.8705921490352628,labse_baseline,1503,0.13572854291417166,0.2262142381902861,0.2821024617431803,0.18503963993654238,0.23231256008148193,0.17216849327087402,0.08557233214378357,0.10242374986410141,0.14674022793769836,0.6227544910179641,0.7964071856287425,0.7095808383233533,0.1929474384564205,0.2654690618762475,0.28542914171656686,0.22526253689310444,0.4243919253349304,0.25444963574409485,0.16994228959083557,0.27544910179640714,0.04657351962741185,0.16101131071190955
all_462_final_model,npi,doi,npi->doi,1503,0.8043912175648703,0.9135063206919495,0.9394544244843646,0.8546305870117914,0.8098152875900269,0.10806228220462799,0.3663216233253479,0.15229053795337677,0.44349366426467896,0.959414504324684,0.9281437125748503,0.9437791084497671,labse_baseline,1503,0.6799733865602129,0.8030605455755156,0.8456420492348636,0.7379072393922409,0.6062750816345215,0.18332166969776154,0.21893087029457092,0.13510943949222565,0.38734421133995056,0.8409846972721224,0.9181636726546906,0.8795741849634064,0.12441783100465742,0.11044577511643383,0.09381237524950092,0.1167233476195505,0.20354020595550537,0.14739075303077698,0.056149452924728394,0.11842980705256156,0.009980039920159722,0.06420492348636064
all_462_final_model,npi,guj,npi->guj,1503,0.9474384564204924,0.9846972721224219,0.9893546240851631,0.9638978354619403,0.9051111936569214,0.07678604125976562,0.3810047507286072,0.14701040089130402,0.5241064429283142,0.9840319361277445,0.9600798403193613,0.9720558882235529,labse_baseline,1503,0.9580838323353293,0.9886892880904857,0.9946773120425815,0.9723435672038466,0.8799601197242737,0.08813828229904175,0.39148932695388794,0.11577848345041275,0.48847079277038574,0.9800399201596807,0.9773785761809713,0.978709248170326,-0.010645375914836941,-0.003992015968063867,-0.005322687957418415,-0.008445731741906326,0.025151073932647705,-0.010484576225280762,0.03563565015792847,0.003992015968063867,-0.017298735861610015,-0.006653359946773074
all_462_final_model,npi,hin,npi->hin,1503,0.9467731204258151,0.9846972721224219,0.9900199600798403,0.9652564117273499,0.9029995203018188,0.07768451422452927,0.3812619745731354,0.1474199891090393,0.5217375457286835,0.9860279441117764,0.9620758483033932,0.9740518962075848,labse_baseline,1503,0.9587491683300067,0.9886892880904857,0.9940119760479041,0.9731525308074296,0.8732040524482727,0.09326768666505814,0.40200722217559814,0.11477463692426682,0.47119683027267456,0.9760479041916168,0.9680638722554891,0.9720558882235529,-0.0119760479041916,-0.003992015968063867,-0.003992015968063867,-0.0078961190800797,0.029795467853546143,-0.02074524760246277,0.05054071545600891,0.009980039920159611,-0.005988023952095856,0.001996007984031878
all_462_final_model,npi,kan,npi->kan,1503,0.8622754491017964,0.9354624085163007,0.9534264803725881,0.8979492632538691,0.8401792645454407,0.10573131591081619,0.37402716279029846,0.1479746550321579,0.4661521017551422,0.9607451763140386,0.93812375249501,0.9494344644045243,labse_baseline,1503,0.8522954091816367,0.9341317365269461,0.9494344644045243,0.8899256060523192,0.7576466798782349,0.1465384066104889,0.31639188528060913,0.134474977850914,0.44125479459762573,0.9268130405854956,0.9421157684630739,0.9344644045242847,0.009980039920159722,0.0013306719893545482,0.003992015968063867,0.00802365720154996,0.08253258466720581,0.05763527750968933,0.02489730715751648,0.03393213572854292,-0.003992015968063867,0.014970059880239583
all_462_final_model,npi,kas,npi->kas,1503,0.49966733200266134,0.6487025948103793,0.7039254823685961,0.5723231064947962,0.6979067325592041,0.12624242901802063,0.3533230721950531,0.15496321022510529,0.344583660364151,0.9055222887558216,0.854956753160346,0.8802395209580838,labse_baseline,1503,0.34331337325349304,0.47704590818363274,0.5216234198270127,0.40859670863026154,0.351900190114975,0.2051483541727066,0.10419600456953049,0.12459772080183029,0.2477041855454445,0.718562874251497,0.833666001330672,0.7761144377910845,0.1563539587491683,0.17165668662674655,0.18230206254158343,0.1637263978645347,0.3460065424442291,0.2491270676255226,0.09687947481870651,0.18695941450432463,0.021290751829673993,0.10412508316699931
all_462_final_model,npi,gom,npi->gom,1503,0.7551563539587491,0.8795741849634066,0.9188290086493679,0.8136577299478442,0.7869332432746887,0.11316436529159546,0.3610427975654602,0.14997833967208862,0.4258904457092285,0.9494344644045243,0.9174983366600133,0.9334664005322688,labse_baseline,1503,0.6620093147039254,0.7850964737192282,0.8176979374584165,0.7173819929368619,0.586826741695404,0.18993379175662994,0.20567931234836578,0.1454416960477829,0.38114742934703827,0.8343313373253493,0.9001996007984032,0.8672654690618762,0.0931470392548237,0.09447771124417836,0.10113107119095144,0.09627573701098235,0.20010650157928467,0.15536348521709442,0.04474301636219025,0.11510312707917503,0.017298735861610126,0.06620093147039263
all_462_final_model,npi,mai,npi->mai,1503,0.846307385229541,0.9321357285429142,0.9554224883566201,0.8867247101779576,0.827397882938385,0.1024784967303276,0.3728800415992737,0.15199697017669678,0.45451784133911133,0.9687292082501663,0.9248170326014638,0.946773120425815,labse_baseline,1503,0.8216899534264803,0.906187624750499,0.9328010645375915,0.8607579088449172,0.6857922077178955,0.15394838154315948,0.26732778549194336,0.1331849843263626,0.41846442222595215,0.89354624085163,0.9268130405854956,0.9101796407185628,0.02461743180306064,0.02594810379241519,0.022621423819028652,0.025966801333040412,0.1416056752204895,0.10555225610733032,0.03605341911315918,0.07518296739853625,-0.001996007984031878,0.03659347970725213
all_462_final_model,npi,mal,npi->mal,1503,0.8962075848303394,0.9627411842980705,0.9773785761809713,0.9277180564440559,0.8607907891273499,0.09128476679325104,0.3743865489959717,0.1464514434337616,0.4864042401313782,0.9720558882235529,0.9481037924151696,0.9600798403193613,labse_baseline,1503,0.9108449767132402,0.9733865602129075,0.9813705921490352,0.9401028889275198,0.8164884448051453,0.11215193569660187,0.3460131287574768,0.12222921848297119,0.47047531604766846,0.9614105123087159,0.9620758483033932,0.9617431803060545,-0.014637391882900808,-0.010645375914836941,-0.003992015968063867,-0.012384832483463892,0.04430234432220459,0.028373420238494873,0.015928924083709717,0.010645375914837052,-0.013972055888223589,-0.001663339986693213
all_462_final_model,npi,mni,npi->mni,1503,0.034597471723220224,0.1437125748502994,0.19095143047238855,0.11705340179929177,0.5780544281005859,0.11631540954113007,0.354522168636322,0.16543541848659515,0.22353225946426392,0.8223552894211577,0.7491683300066534,0.7857618097139055,labse_baseline,1503,0.007318695941450432,0.03792415169660679,0.05123087159015303,0.02992618350227499,0.058548081666231155,0.1265459507703781,0.005772881209850311,0.08625955879688263,0.052775200456380844,0.48502994011976047,0.6746506986027944,0.5798403193612774,0.027278775781769793,0.1057884231536926,0.13972055888223553,0.08712721829701678,0.5195063464343548,0.3487492874264717,0.17075705900788307,0.3373253493013972,0.07451763140385903,0.20592149035262808
all_462_final_model,npi,mar,npi->mar,1503,0.9481037924151696,0.9827012641383899,0.9880239520958084,0.9633996126622966,0.8998004794120789,0.07914751023054123,0.38027164340019226,0.14712512493133545,0.5195288360118866,0.9853626081170991,0.9547571523619428,0.9700598802395209,labse_baseline,1503,0.9520958083832335,0.9873586161011311,0.9926813040585496,0.9682170990142097,0.8740001916885376,0.09251369535923004,0.38105055689811707,0.11805476993322372,0.49294963479042053,0.978709248170326,0.9713905522288756,0.9750499001996008,-0.003992015968063867,-0.004657351962741196,-0.004657351962741196,-0.004817486351913147,0.02580028772354126,-0.0007789134979248047,0.026579201221466064,0.006653359946773074,-0.016633399866932796,-0.004990019960079861
all_462_final_model,npi,ory,npi->ory,1503,0.9288090485695276,0.9820359281437125,0.9893546240851631,0.9533416452094315,0.8879429697990417,0.08014325052499771,0.37489432096481323,0.14820463955402374,0.5130486488342285,0.9860279441117764,0.9580838323353293,0.9720558882235528,labse_baseline,1503,0.9421157684630739,0.9866932801064537,0.9920159680638723,0.9616942594125264,0.8475233912467957,0.10298590362071991,0.35503050684928894,0.12063974887132645,0.4924928843975067,0.9713905522288756,0.9680638722554891,0.9697272122421823,-0.01330671989354626,-0.004657351962741196,-0.0026613439787092075,-0.008352614203094855,0.040419578552246094,0.019863814115524292,0.020555764436721802,0.014637391882900808,-0.009980039920159722,0.0023286759813705427
all_462_final_model,npi,pan,npi->pan,1503,0.9341317365269461,0.9820359281437125,0.9886892880904857,0.9581751990826933,0.8832685947418213,0.08390314131975174,0.3749041259288788,0.1470876783132553,0.5083644688129425,0.9853626081170991,0.9587491683300067,0.9720558882235528,labse_baseline,1503,0.9474384564204924,0.9820359281437125,0.9906852960745176,0.966414813296823,0.8488855361938477,0.10223338752985,0.36127686500549316,0.12088103592395782,0.4876086711883545,0.9720558882235529,0.9680638722554891,0.970059880239521,-0.01330671989354626,0.0,-0.001996007984031878,-0.008239614214129665,0.03438305854797363,0.01362726092338562,0.020755797624588013,0.013306719893546148,-0.009314703925482393,0.001996007984031767
all_462_final_model,npi,san,npi->san,1503,0.7225548902195609,0.8622754491017964,0.9015302727877578,0.786976067499063,0.7723149061203003,0.11678750067949295,0.36344364285469055,0.15472671389579773,0.40887126326560974,0.9474384564204924,0.9028609447771124,0.9251497005988024,labse_baseline,1503,0.5681969394544245,0.7252162341982701,0.7777777777777778,0.6440824865716996,0.5217995643615723,0.1857874095439911,0.18730710446834564,0.13262887299060822,0.3344924598932266,0.8117099135063207,0.895542248835662,0.8536260811709914,0.15435795076513636,0.13705921490352635,0.12375249500997998,0.14289358092736337,0.250515341758728,0.1761365383863449,0.07437880337238312,0.1357285429141717,0.007318695941450404,0.07152361942781105
all_462_final_model,npi,sat,npi->sat,1503,0.02661343978709248,0.1483699268130406,0.19627411842980705,0.12880000031500236,0.5843920707702637,0.12491917610168457,0.35618987679481506,0.16813692450523376,0.2282021939754486,0.8236859614105123,0.7518296739853626,0.7877578176979374,labse_baseline,1503,0.007318695941450432,0.023286759813705923,0.033932135728542916,0.022455618801147558,0.059821002185344696,0.12184681743383408,0.010211381129920483,0.07817515730857849,0.04960962105542421,0.4597471723220226,0.6892880904856953,0.5745176314038589,0.01929474384564205,0.12508316699933467,0.16234198270126413,0.1063443815138548,0.524571068584919,0.3459784956648946,0.1785925729200244,0.3639387890884897,0.06254158349966732,0.21324018629407848
all_462_final_model,npi,snd,npi->snd,1503,0.6819693945442449,0.823020625415835,0.8702594810379242,0.7472220498462175,0.7588226795196533,0.12030965089797974,0.3589579463005066,0.1505942940711975,0.39986473321914673,0.9367930805056554,0.8975382568196939,0.9171656686626746,labse_baseline,1503,0.5109780439121756,0.6493679308050565,0.6999334664005322,0.5789467019739507,0.4970368444919586,0.19561028480529785,0.17883411049842834,0.13321848213672638,0.3182027339935303,0.7837658017298735,0.884896872920825,0.8343313373253493,0.17099135063206927,0.17365269461077848,0.17032601463739194,0.16827534787226683,0.2617858350276947,0.18012383580207825,0.08166199922561646,0.15302727877578182,0.01264138389886893,0.08283433133732532
all_462_final_model,npi,tam,npi->tam,1503,0.8356620093147039,0.9135063206919495,0.9347970725216235,0.8736287162643405,0.8250473141670227,0.11286761611700058,0.3755238652229309,0.14820483326911926,0.4495234489440918,0.9474384564204924,0.9301397205588823,0.9387890884896873,labse_baseline,1503,0.867598137059215,0.9341317365269461,0.9507651363938789,0.9000399881262522,0.7802532911300659,0.12730422616004944,0.3625781536102295,0.11855721473693848,0.4176751375198364,0.927478376580173,0.9560878243512974,0.9417831004657351,-0.031936127744511045,-0.020625415834996663,-0.015968063872255467,-0.026411271861911723,0.04479402303695679,0.012945711612701416,0.03184831142425537,0.019960079840319445,-0.025948103792415078,-0.0029940119760477613
all_462_final_model,npi,tel,npi->tel,1503,0.9221556886227545,0.9773785761809713,0.9840319361277445,0.9476109946892868,0.8742698431015015,0.08627520501613617,0.380887895822525,0.14888179302215576,0.49338194727897644,0.9827012641383899,0.9461077844311377,0.9644045242847639,labse_baseline,1503,0.9314703925482368,0.9747172322022621,0.9866932801064537,0.9521601753322105,0.8344005346298218,0.10694228112697601,0.36769160628318787,0.12121336907148361,0.4667089283466339,0.9600798403193613,0.9620758483033932,0.9610778443113772,-0.009314703925482282,0.0026613439787092075,-0.0026613439787092075,-0.004549180642923756,0.03986930847167969,0.013196289539337158,0.02667301893234253,0.02262142381902854,-0.015968063872255467,0.003326679973386648
all_462_final_model,npi,urd,npi->urd,1503,0.9567531603459747,0.9900199600798403,0.9913506320691949,0.9717649160304414,0.9080700874328613,0.07131033390760422,0.3807429373264313,0.14734026789665222,0.52732715010643,0.9906852960745176,0.9673985362608117,0.9790419161676647,labse_baseline,1503,0.9620758483033932,0.9920159680638723,0.9953426480372588,0.9756357438942602,0.8817934393882751,0.08614924550056458,0.3884027898311615,0.11502287536859512,0.49339064955711365,0.9820359281437125,0.9760479041916168,0.9790419161676647,-0.005322687957418526,-0.001996007984031989,-0.003992015968063867,-0.003870827863818871,0.02627664804458618,-0.007659852504730225,0.033936500549316406,0.008649367930805063,-0.008649367930805063,0.0
all_462_final_model,ory,asm,ory->asm,1503,0.9115103127079175,0.9667332002661344,0.9800399201596807,0.938802094872564,0.8701118230819702,0.08461928367614746,0.3717482388019562,0.14967624843120575,0.49836358428001404,0.9846972721224219,0.9434464404524284,0.9640718562874251,labse_baseline,1503,0.9288090485695276,0.9760479041916168,0.9840319361277445,0.9508190485458543,0.7933717370033264,0.1159256100654602,0.2872185707092285,0.1305704414844513,0.5061531662940979,0.9687292082501663,0.9614105123087159,0.9650698602794411,-0.017298735861610126,-0.009314703925482393,-0.003992015968063867,-0.012016953673290254,0.0767400860786438,0.08452966809272766,-0.007789582014083862,0.015968063872255578,-0.017964071856287456,-0.0009980039920159944
all_462_final_model,ory,ben,ory->ben,1503,0.93812375249501,0.9813705921490352,0.9886892880904857,0.9584769910447111,0.8894534111022949,0.07933728396892548,0.3743448257446289,0.15031340718269348,0.515108585357666,0.9880239520958084,0.9494344644045243,0.9687292082501664,labse_baseline,1503,0.9540918163672655,0.9900199600798403,0.9933466400532269,0.9704728201334208,0.8491448163986206,0.10200892388820648,0.3531147241592407,0.12370137870311737,0.4960300922393799,0.9660678642714571,0.9687292082501663,0.9673985362608117,-0.015968063872255467,-0.008649367930805063,-0.004657351962741196,-0.011995829088709775,0.040308594703674316,0.021230101585388184,0.019078493118286133,0.021956087824351322,-0.019294743845642004,0.0013306719893546592
all_462_final_model,ory,brx,ory->brx,1503,0.3273453093812375,0.490352628077179,0.5768463073852296,0.41190669182468054,0.6604167222976685,0.12208715826272964,0.3355364203453064,0.15872722864151,0.32488030195236206,0.9001996007984032,0.8502994011976048,0.875249500998004,labse_baseline,1503,0.15236194278110446,0.25482368596141053,0.3120425815036593,0.20710112695695693,0.24186640977859497,0.17158080637454987,0.07935533672571182,0.1032409518957138,0.16251107305288315,0.6307385229540918,0.8130405854956753,0.7218895542248835,0.17498336660013306,0.23552894211576847,0.26480372588157025,0.2048055648677236,0.4185503125190735,0.2561810836195946,0.1623692288994789,0.2694610778443114,0.03725881570192957,0.15335994677312048
all_462_final_model,ory,doi,ory->doi,1503,0.7950765136393879,0.908183632734531,0.9367930805056554,0.8474077781874008,0.8007745742797852,0.10360906273126602,0.36124783754348755,0.15458595752716064,0.4395267367362976,0.9640718562874252,0.9201596806387226,0.9421157684630739,labse_baseline,1503,0.6939454424484365,0.8310046573519627,0.8649367930805056,0.7574269572862279,0.5989484786987305,0.17535950243473053,0.20974808931350708,0.13451522588729858,0.3892003893852234,0.8562874251497006,0.914836992681304,0.8855622089155023,0.10113107119095144,0.07717897538256824,0.07185628742514971,0.08998082090117288,0.2018260955810547,0.15149974822998047,0.05032634735107422,0.10778443113772462,0.005322687957418526,0.056553559547571575
all_462_final_model,ory,guj,ory->guj,1503,0.9341317365269461,0.9693945442448436,0.9753825681969395,0.9516287032453544,0.8871095776557922,0.08558645844459534,0.37615516781806946,0.14919868111610413,0.5109544098377228,0.9780439121756487,0.957418496340652,0.9677312042581503,labse_baseline,1503,0.9500998003992016,0.980705256154358,0.9893546240851631,0.965890526260676,0.8462585210800171,0.10456036776304245,0.36477574706077576,0.12186029553413391,0.48148277401924133,0.9580838323353293,0.9673985362608117,0.9627411842980705,-0.015968063872255467,-0.011310711909514382,-0.013972055888223589,-0.014261823015321529,0.040851056575775146,0.011379420757293701,0.029471635818481445,0.019960079840319334,-0.009980039920159722,0.00499001996007975
all_462_final_model,ory,hin,ory->hin,1503,0.9387890884896873,0.9813705921490352,0.9860279441117764,0.9581989702583834,0.8888749480247498,0.0799277275800705,0.3761868476867676,0.14990006387233734,0.5126881003379822,0.9840319361277445,0.9534264803725881,0.9687292082501664,labse_baseline,1503,0.9461077844311377,0.9840319361277445,0.9913506320691949,0.9644586325737136,0.8409289717674255,0.104215607047081,0.3738043010234833,0.12121690809726715,0.46712467074394226,0.9647371922821024,0.9600798403193613,0.9624085163007319,-0.007318695941450404,-0.0026613439787093185,-0.005322687957418526,-0.00625966231533015,0.04794597625732422,0.0023825466632843018,0.04556342959403992,0.019294743845642115,-0.006653359946773185,0.00632069194943452
all_462_final_model,ory,kan,ory->kan,1503,0.8502994011976048,0.9341317365269461,0.9507651363938789,0.8891279996879619,0.8352640271186829,0.10334344953298569,0.37090355157852173,0.15126360952854156,0.46436047554016113,0.9620758483033932,0.936127744510978,0.9491017964071856,labse_baseline,1503,0.8649367930805056,0.9347970725216235,0.9494344644045243,0.8987265268958964,0.7454275488853455,0.1438351571559906,0.2992074489593506,0.1337709277868271,0.4462200999259949,0.9221556886227545,0.9414504324683965,0.9318030605455756,-0.014637391882900808,-0.0006653359946773296,0.0013306719893546592,-0.009598527207934526,0.0898364782333374,0.07169610261917114,0.01814037561416626,0.03992015968063867,-0.005322687957418526,0.017298735861610015
all_462_final_model,ory,kas,ory->kas,1503,0.4823685961410512,0.6367265469061876,0.6932801064537591,0.5562882543121948,0.6987180709838867,0.1249818429350853,0.3504199981689453,0.15938761830329895,0.3482980728149414,0.9048569527611444,0.854956753160346,0.8799068529607452,labse_baseline,1503,0.35994677312042583,0.490352628077179,0.543579507651364,0.42570726148446447,0.3598918318748474,0.20358365774154663,0.10455590486526489,0.12702001631259918,0.2553359270095825,0.716566866267465,0.8403193612774451,0.778443113772455,0.12242182302062538,0.14637391882900858,0.14970059880239517,0.13058099282773028,0.3388262391090393,0.24586409330368042,0.09296214580535889,0.1882900864936794,0.014637391882900919,0.10146373918829021
all_462_final_model,ory,gom,ory->gom,1503,0.7351962741184298,0.8642714570858283,0.9015302727877578,0.7951793226825075,0.7802540063858032,0.11049643903970718,0.35655495524406433,0.15255823731422424,0.4236990511417389,0.9514304723885563,0.9088489687292083,0.9301397205588823,labse_baseline,1503,0.669328010645376,0.7957418496340652,0.8323353293413174,0.7284938462744954,0.5836530923843384,0.18198145925998688,0.19705453515052795,0.14411376416683197,0.3865985572338104,0.8522954091816367,0.9001996007984032,0.87624750499002,0.06586826347305386,0.06852960745176306,0.0691949434464404,0.06668547640801203,0.19660091400146484,0.15950042009353638,0.03710049390792847,0.09913506320691956,0.008649367930805063,0.053892215568862256
all_462_final_model,ory,mai,ory->mai,1503,0.8283433133732535,0.9194943446440452,0.9434464404524284,0.8701300405357051,0.8090636730194092,0.09989665448665619,0.36795297265052795,0.15458348393440247,0.4411107003688812,0.9660678642714571,0.9194943446440452,0.9427811044577512,labse_baseline,1503,0.8043912175648703,0.908183632734531,0.9301397205588823,0.8500391473929136,0.6638062000274658,0.1518552452325821,0.2539891004562378,0.13269579410552979,0.409817099571228,0.8982035928143712,0.9214903526280772,0.9098469727212242,0.0239520958083832,0.01131071190951427,0.013306719893546148,0.020090893142791444,0.14525747299194336,0.11396387219429016,0.0312936007976532,0.06786427145708585,-0.001996007984031989,0.03293413173652704
all_462_final_model,ory,mal,ory->mal,1503,0.895542248835662,0.9547571523619428,0.9680638722554891,0.9222537353635538,0.8545708060264587,0.09523926675319672,0.3705173432826996,0.1495968997478485,0.48405346274375916,0.9707252162341983,0.9394544244843646,0.9550898203592815,labse_baseline,1503,0.9075182967398536,0.9700598802395209,0.9820359281437125,0.9360041503377241,0.8014762997627258,0.11712989211082458,0.325744092464447,0.12569396197795868,0.4757322072982788,0.9607451763140386,0.9620758483033932,0.9614105123087159,-0.0119760479041916,-0.015302727877578137,-0.013972055888223478,-0.013750414974170289,0.05309450626373291,0.044773250818252563,0.008321255445480347,0.009980039920159722,-0.022621423819028652,-0.006320691949434409
all_462_final_model,ory,mni,ory->mni,1503,0.036593479707252165,0.12907518296739853,0.17431803060545575,0.10598308936074786,0.5833195447921753,0.12418238073587418,0.34947285056114197,0.16996407508850098,0.23384669423103333,0.8263473053892215,0.7471723220226214,0.7867598137059215,labse_baseline,1503,0.00665335994677312,0.034597471723220224,0.04590818363273453,0.028161764787414573,0.06636585295200348,0.13473601639270782,0.00761979166418314,0.08900856971740723,0.05874606128782034,0.48303393213572854,0.7059214903526281,0.5944777112441784,0.029940119760479045,0.09447771124417831,0.12840984697272123,0.0778213245733333,0.5169536918401718,0.34185305889695883,0.17510063294321299,0.343313373253493,0.041250831669993326,0.19228210246174315
all_462_final_model,ory,mar,ory->mar,1503,0.927478376580173,0.9773785761809713,0.9840319361277445,0.949802924540587,0.8823428750038147,0.08171835541725159,0.37497836351394653,0.14918874204158783,0.5073645114898682,0.9833666001330672,0.9467731204258151,0.9650698602794412,labse_baseline,1503,0.9447771124417831,0.9866932801064537,0.9920159680638723,0.9636812448705819,0.8400177359580994,0.10417163372039795,0.3551373779773712,0.12280657887458801,0.48488035798072815,0.9654025282767797,0.9647371922821024,0.9650698602794411,-0.017298735861610126,-0.009314703925482393,-0.007984031936127733,-0.01387832032999492,0.04232513904571533,0.019840985536575317,0.022484153509140015,0.017964071856287456,-0.017964071856287345,1.1102230246251565e-16
all_462_final_model,ory,npi,ory->npi,1503,0.9394544244843646,0.9793745841650033,0.9866932801064537,0.9584724399864921,0.8879429697990417,0.08014325052499771,0.37522193789482117,0.14809276163578033,0.5127210319042206,0.9860279441117764,0.9554224883566201,0.9707252162341983,labse_baseline,1503,0.9520958083832335,0.9900199600798403,0.9940119760479041,0.9697503543256975,0.8475233912467957,0.10298590362071991,0.3552371561527252,0.12216467410326004,0.49228623509407043,0.9713905522288756,0.9687292082501663,0.9700598802395209,-0.01264138389886893,-0.010645375914836941,-0.007318695941450404,-0.01127791433920533,0.040419578552246094,0.019984781742095947,0.020434796810150146,0.014637391882900808,-0.013306719893546148,0.0006653359946773296
all_462_final_model,ory,pan,ory->pan,1503,0.916833000665336,0.9747172322022621,0.9813705921490352,0.9432633382791776,0.86769038438797,0.09082140773534775,0.3705289661884308,0.14879216253757477,0.4971614181995392,0.9793745841650033,0.9447771124417831,0.9620758483033932,labse_baseline,1503,0.9367930805056554,0.9833666001330672,0.9900199600798403,0.9580561032103314,0.8174120783805847,0.11669657379388809,0.3367685079574585,0.1258162558078766,0.4806435704231262,0.9547571523619428,0.9600798403193613,0.957418496340652,-0.019960079840319334,-0.008649367930805063,-0.008649367930805063,-0.014792764931153779,0.050278306007385254,0.03376045823097229,0.016517847776412964,0.02461743180306053,-0.015302727877578248,0.004657351962741196
all_462_final_model,ory,san,ory->san,1503,0.6946107784431138,0.8449767132401863,0.886892880904857,0.764146842825985,0.7578839659690857,0.1156873106956482,0.35845184326171875,0.15553627908229828,0.39943212270736694,0.9454424484364604,0.8882235528942116,0.916833000665336,labse_baseline,1503,0.5688622754491018,0.7232202262142382,0.7731204258150366,0.6404148687490935,0.5071024894714355,0.18193183839321136,0.17647042870521545,0.13109101355075836,0.3306320607662201,0.8203592814371258,0.8895542248835662,0.8549567531603459,0.12574850299401197,0.1217564870259481,0.11377245508982037,0.12373197407689152,0.25078147649765015,0.1819814145565033,0.06880006194114685,0.12508316699933464,-0.0013306719893545482,0.0618762475049901
all_462_final_model,ory,sat,ory->sat,1503,0.03592814371257485,0.16367265469061876,0.20825016633399868,0.14025265957348507,0.5940899848937988,0.12813310325145721,0.3509488105773926,0.17300070822238922,0.24314117431640625,0.8409846972721224,0.7551563539587491,0.7980705256154358,labse_baseline,1503,0.005988023952095809,0.021956087824351298,0.037258815701929474,0.02329165255730884,0.06916987150907516,0.13095751404762268,0.011872976087033749,0.08334213495254517,0.057296895422041416,0.46041250831669994,0.718562874251497,0.5894876912840985,0.029940119760479042,0.14171656686626746,0.17099135063206922,0.11696100701617623,0.5249201133847237,0.33907583449035883,0.18584427889436483,0.3805721889554225,0.03659347970725213,0.20858283433133729
all_462_final_model,ory,snd,ory->snd,1503,0.6633399866932801,0.8097139055222887,0.8576180971390552,0.7319363030119136,0.7530705332756042,0.1177925318479538,0.3548957109451294,0.15206462144851685,0.39817482233047485,0.9367930805056554,0.8995342648037259,0.9181636726546907,labse_baseline,1503,0.5242847638057219,0.6753160345974717,0.7198935462408517,0.5966935677870921,0.4949645698070526,0.1895805150270462,0.17330749332904816,0.1304554045200348,0.32165707647800446,0.7917498336660014,0.8822355289421158,0.8369926813040586,0.13905522288755823,0.13439787092481703,0.13772455089820357,0.13524273522482144,0.25810596346855164,0.18158821761608124,0.0765177458524704,0.14504324683965397,0.017298735861610126,0.0811709913506321
all_462_final_model,ory,tam,ory->tam,1503,0.8263473053892215,0.9088489687292083,0.9328010645375915,0.8651253099308007,0.821123480796814,0.11422087252140045,0.37124204635620117,0.15010693669319153,0.4498814344406128,0.9474384564204924,0.9201596806387226,0.9337990685296075,labse_baseline,1503,0.8662674650698603,0.9321357285429142,0.9520958083832335,0.8978722025705037,0.7665046453475952,0.1309594064950943,0.33893024921417236,0.12315680086612701,0.42757439613342285,0.927478376580173,0.9507651363938789,0.939121756487026,-0.03992015968063878,-0.02328675981370587,-0.019294743845642004,-0.032746892639702985,0.05461883544921875,0.03231179714202881,0.02230703830718994,0.019960079840319445,-0.030605455755156386,-0.005322687957418526
all_462_final_model,ory,tel,ory->tel,1503,0.908183632734531,0.9693945442448436,0.9760479041916168,0.935521522936142,0.8658736944198608,0.08928094059228897,0.37611275911331177,0.15167498588562012,0.4897609353065491,0.9793745841650033,0.9387890884896873,0.9590818363273453,labse_baseline,1503,0.9208250166333999,0.9733865602129075,0.9833666001330672,0.9463651235243473,0.8132564425468445,0.11322898417711258,0.3440137207508087,0.12536635994911194,0.46924272179603577,0.9580838323353293,0.9580838323353293,0.9580838323353293,-0.01264138389886893,-0.003992015968063867,-0.007318695941450404,-0.010843600588205327,0.05261725187301636,0.03209903836250305,0.020518213510513306,0.021290751829673993,-0.019294743845642004,0.0009980039920159944
all_462_final_model,ory,urd,ory->urd,1503,0.9434464404524284,0.9780439121756487,0.9833666001330672,0.9606620234497747,0.8896887302398682,0.079196035861969,0.37459975481033325,0.15012605488300323,0.5150889754295349,0.9833666001330672,0.9520958083832335,0.9677312042581503,labse_baseline,1503,0.9554224883566201,0.9886892880904857,0.9940119760479041,0.9711122924320251,0.8489696979522705,0.10051623731851578,0.36156442761421204,0.12125498801469803,0.48740527033805847,0.9680638722554891,0.9667332002661344,0.9673985362608117,-0.011976047904191711,-0.010645375914837052,-0.010645375914836941,-0.010450268982250432,0.040719032287597656,0.013035327196121216,0.02768370509147644,0.015302727877578137,-0.014637391882900919,0.0003326679973385538
all_462_final_model,pan,asm,pan->asm,1503,0.8995342648037259,0.9673985362608117,0.9780439121756487,0.93044625149475,0.8513854742050171,0.09574653953313828,0.36900007724761963,0.14461083710193634,0.48238539695739746,0.9727212242182302,0.9461077844311377,0.959414504324684,labse_baseline,1503,0.9008649367930806,0.9713905522288756,0.9793745841650033,0.9313531295307369,0.7678881883621216,0.1260221004486084,0.2861877977848053,0.13013271987438202,0.4817003905773163,0.9494344644045243,0.9567531603459747,0.9530938123752495,-0.0013306719893546592,-0.003992015968063867,-0.0013306719893546592,-0.00090687803598688,0.08349728584289551,0.08281227946281433,0.0006850063800811768,0.02328675981370587,-0.010645375914836941,0.00632069194943452
all_462_final_model,pan,ben,pan->ben,1503,0.9328010645375915,0.9793745841650033,0.9860279441117764,0.9543765149355786,0.8714847564697266,0.08740311861038208,0.37248995900154114,0.14389477670192719,0.4989947974681854,0.9813705921490352,0.9534264803725881,0.9673985362608117,labse_baseline,1503,0.9481037924151696,0.9833666001330672,0.9900199600798403,0.965706796983003,0.8307426571846008,0.1056661456823349,0.3568181097507477,0.12093473225831985,0.47392454743385315,0.9667332002661344,0.9647371922821024,0.9657351962741184,-0.015302727877578137,-0.003992015968063867,-0.003992015968063867,-0.011330282047424367,0.04074209928512573,0.015671849250793457,0.025070250034332275,0.014637391882900808,-0.01131071190951427,0.001663339986693324
all_462_final_model,pan,brx,pan->brx,1503,0.3260146373918829,0.469061876247505,0.5489021956087824,0.4010245193052107,0.6439210772514343,0.131679505109787,0.3321186304092407,0.15157021582126617,0.3118024468421936,0.8695941450432468,0.8522954091816367,0.8609447771124418,labse_baseline,1503,0.1490352628077179,0.24151696606786427,0.28476380572188953,0.19736336547329159,0.22527800500392914,0.17805291712284088,0.07515968382358551,0.10273659974336624,0.15011832118034363,0.6207584830339321,0.7917498336660014,0.7062541583499667,0.17697937458416502,0.22754491017964074,0.26413838988689287,0.20366115383191913,0.4186430722475052,0.2569589465856552,0.16168412566184998,0.24883566200931473,0.06054557551563533,0.15469061876247503
all_462_final_model,pan,doi,pan->doi,1503,0.8023952095808383,0.9128409846972722,0.936127744510978,0.8517942549957005,0.7981699109077454,0.11285600066184998,0.36120086908340454,0.1480926126241684,0.4369690418243408,0.948769128409847,0.927478376580173,0.9381237524950099,labse_baseline,1503,0.6939454424484365,0.8216899534264803,0.8536260811709914,0.7557246269967595,0.5995483994483948,0.18257296085357666,0.2086024433374405,0.13357961177825928,0.3909459561109543,0.8483033932135728,0.9214903526280772,0.8848968729208251,0.10844976713240184,0.09115103127079183,0.08250166333998665,0.09606962799894103,0.19862151145935059,0.15259842574596405,0.046023085713386536,0.10046573519627411,0.0059880239520957446,0.053226879574184816
all_462_final_model,pan,guj,pan->guj,1503,0.936127744510978,0.9740518962075848,0.9840319361277445,0.9539419819987247,0.8818180561065674,0.09034840017557144,0.374735951423645,0.14365620911121368,0.5070821046829224,0.9727212242182302,0.9580838323353293,0.9654025282767797,labse_baseline,1503,0.9494344644045243,0.9813705921490352,0.9880239520958084,0.9636783070439779,0.8472660779953003,0.10814494639635086,0.3712090849876404,0.12017801403999329,0.4760569930076599,0.9627411842980705,0.9654025282767797,0.9640718562874251,-0.01330671989354626,-0.007318695941450404,-0.003992015968063867,-0.009736325045253236,0.03455197811126709,0.0035268664360046387,0.03102511167526245,0.009980039920159611,-0.007318695941450404,0.0013306719893546592
all_462_final_model,pan,hin,pan->hin,1503,0.9454424484364604,0.9833666001330672,0.9886892880904857,0.9628984769214272,0.8868753910064697,0.08510668575763702,0.37628379464149475,0.14463552832603455,0.510591596364975,0.9860279441117764,0.9587491683300067,0.9723885562208916,labse_baseline,1503,0.948769128409847,0.9866932801064537,0.9893546240851631,0.9663764329027078,0.8482791185379028,0.10260464996099472,0.38165751099586487,0.1179191842675209,0.46662160754203796,0.9687292082501663,0.9627411842980705,0.9657351962741184,-0.003326679973386537,-0.003326679973386537,-0.0006653359946773296,-0.003477955981280645,0.038596272468566895,-0.005373716354370117,0.04396998882293701,0.017298735861610126,-0.003992015968063867,0.006653359946773185
all_462_final_model,pan,kan,pan->kan,1503,0.8349966733200266,0.9268130405854956,0.9441117764471058,0.8759240481614198,0.8144672513008118,0.11538960039615631,0.3678654134273529,0.14508572220802307,0.44660183787345886,0.9560878243512974,0.9301397205588823,0.9431137724550898,labse_baseline,1503,0.833666001330672,0.9181636726546906,0.9374584165003327,0.8729465046628235,0.7249096632003784,0.15231755375862122,0.29886913299560547,0.13460871577262878,0.42604053020477295,0.9048569527611444,0.9334664005322688,0.9191616766467066,0.0013306719893545482,0.008649367930805063,0.006653359946773074,0.002977543498596247,0.08955758810043335,0.06899628043174744,0.020561307668685913,0.05123087159015294,-0.003326679973386537,0.0239520958083832
all_462_final_model,pan,kas,pan->kas,1503,0.4963406520292748,0.6487025948103793,0.7032601463739189,0.5699858082129031,0.6928495168685913,0.13554459810256958,0.34867459535598755,0.15285909175872803,0.34417492151260376,0.8882235528942116,0.8682634730538922,0.8782435129740519,labse_baseline,1503,0.3546240851630073,0.48502994011976047,0.5489021956087824,0.42028139570003864,0.35279443860054016,0.21320289373397827,0.0983344092965126,0.12692341208457947,0.25446002930402756,0.7092481703260146,0.8416500332667998,0.7754491017964071,0.1417165668662675,0.1636726546906188,0.15435795076513648,0.14970441251286448,0.34005507826805115,0.25034018605947495,0.0897148922085762,0.178975382568197,0.026613439787092408,0.10279441117764476
all_462_final_model,pan,gom,pan->gom,1503,0.7411842980705257,0.8662674650698603,0.9028609447771124,0.8006335458188976,0.7658070921897888,0.1217397078871727,0.3525497019290924,0.14451397955417633,0.4132573902606964,0.9334664005322688,0.9194943446440452,0.926480372588157,labse_baseline,1503,0.6420492348636061,0.7784431137724551,0.8170326014637392,0.7041189239997371,0.5692827105522156,0.19458892941474915,0.1908014416694641,0.14427152276039124,0.37848126888275146,0.8403193612774451,0.89354624085163,0.8669328010645376,0.09913506320691956,0.08782435129740518,0.08582834331337319,0.09651462181916048,0.19652438163757324,0.1617482602596283,0.034776121377944946,0.0931470392548237,0.02594810379241519,0.059547571523619336
all_462_final_model,pan,mai,pan->mai,1503,0.8210246174318031,0.9301397205588823,0.9500998003992016,0.8684694017290574,0.8050587177276611,0.10549893975257874,0.3667451739311218,0.14916104078292847,0.4383135437965393,0.9580838323353293,0.9201596806387226,0.939121756487026,labse_baseline,1503,0.7957418496340652,0.8942115768463074,0.9208250166333999,0.8429264659894461,0.6589635014533997,0.15431518852710724,0.2523322105407715,0.1337268352508545,0.4066312909126282,0.886892880904857,0.9208250166333999,0.9038589487691284,0.02528276779773786,0.03592814371257491,0.029274783765801726,0.025542935739611305,0.14609521627426147,0.11441296339035034,0.03168225288391113,0.07119095143047238,-0.0006653359946773296,0.03526280771789758
all_462_final_model,pan,mal,pan->mal,1503,0.8782435129740519,0.9540918163672655,0.9687292082501663,0.9115625262888656,0.835973858833313,0.10247191786766052,0.36844751238822937,0.14347246289253235,0.4675263464450836,0.9634065202927479,0.9387890884896873,0.9510978043912176,labse_baseline,1503,0.8982035928143712,0.9640718562874252,0.9720558882235529,0.9273976468836269,0.7859717011451721,0.12398713827133179,0.3288913667201996,0.12386354058980942,0.45708033442497253,0.9407850964737192,0.9587491683300067,0.949767132401863,-0.019960079840319334,-0.009980039920159722,-0.003326679973386648,-0.01583512059476133,0.05000215768814087,0.039556145668029785,0.010446012020111084,0.022621423819028652,-0.019960079840319334,0.0013306719893546592
all_462_final_model,pan,mni,pan->mni,1503,0.03992015968063872,0.15236194278110446,0.19560878243512975,0.12557818010703362,0.5821678042411804,0.12173330038785934,0.35106998682022095,0.16318105161190033,0.23109781742095947,0.8276779773785762,0.759148369926813,0.7934131736526946,labse_baseline,1503,0.007984031936127744,0.0385894876912841,0.05256154357950765,0.0298368310745972,0.06885677576065063,0.12940771877765656,0.011252260766923428,0.08615317940711975,0.05760451499372721,0.48369926813040587,0.6999334664005322,0.591816367265469,0.031936127744510975,0.11377245508982037,0.1430472388556221,0.09574134903243642,0.5133110284805298,0.3398177260532975,0.17349330242723227,0.3439787092481703,0.05921490352628078,0.20159680638722555
all_462_final_model,pan,mar,pan->mar,1503,0.9308050565535595,0.9773785761809713,0.9853626081170991,0.9509501112840631,0.874687135219574,0.08660075813531876,0.37320905923843384,0.1426561325788498,0.5014780759811401,0.9840319361277445,0.9560878243512974,0.9700598802395209,labse_baseline,1503,0.9447771124417831,0.980705256154358,0.9880239520958084,0.961401678425553,0.8367985486984253,0.10525065660476685,0.36037832498550415,0.11993581056594849,0.47642022371292114,0.9707252162341983,0.9640718562874252,0.9673985362608117,-0.013972055888223589,-0.003326679973386648,-0.0026613439787093185,-0.01045156714148987,0.03788858652114868,0.012830734252929688,0.025057852268218994,0.01330671989354626,-0.007984031936127844,0.0026613439787092075
all_462_final_model,pan,npi,pan->npi,1503,0.9434464404524284,0.9813705921490352,0.9886892880904857,0.9616762956520497,0.8832685947418213,0.08390314131975174,0.37469586730003357,0.142863467335701,0.5085727274417877,0.9853626081170991,0.9600798403193613,0.9727212242182302,labse_baseline,1503,0.9527611443779108,0.9893546240851631,0.9913506320691949,0.9694798462812972,0.8488855361938477,0.10223338752985,0.3623869717121124,0.11959777027368546,0.48649856448173523,0.9720558882235529,0.9667332002661344,0.9693945442448437,-0.009314703925482393,-0.007984031936127844,-0.0026613439787092075,-0.007803550629247535,0.03438305854797363,0.012308895587921143,0.02207416296005249,0.013306719893546148,-0.006653359946773074,0.003326679973386426
all_462_final_model,pan,ory,pan->ory,1503,0.9221556886227545,0.9747172322022621,0.9833666001330672,0.9468888742704867,0.86769038438797,0.09082140773534775,0.3703683912754059,0.14461417496204376,0.4973219931125641,0.9793745841650033,0.9560878243512974,0.9677312042581503,labse_baseline,1503,0.9214903526280772,0.9780439121756487,0.9846972721224219,0.9471282281535987,0.8174120783805847,0.11669657379388809,0.33829545974731445,0.12275244295597076,0.47911661863327026,0.9540918163672655,0.9647371922821024,0.959414504324684,0.0006653359946773296,-0.003326679973386537,-0.0013306719893546592,-0.00023935388311191463,0.050278306007385254,0.03207293152809143,0.018205374479293823,0.02528276779773786,-0.008649367930805063,0.008316699933466287
all_462_final_model,pan,san,pan->san,1503,0.7059214903526281,0.8502994011976048,0.8795741849634066,0.7719880984343407,0.7493646144866943,0.12398800253868103,0.3556016981601715,0.15039631724357605,0.3937629163265228,0.9221556886227545,0.8988689288090486,0.9105123087159015,labse_baseline,1503,0.5608782435129741,0.7072521623419827,0.7578176979374585,0.6306751080210297,0.4969739019870758,0.18944460153579712,0.17450237274169922,0.1309567540884018,0.3224715292453766,0.8003992015968064,0.8842315369261478,0.8423153692614771,0.14504324683965397,0.1430472388556221,0.1217564870259481,0.14131299041331102,0.25239071249961853,0.1810993254184723,0.07129138708114624,0.1217564870259481,0.014637391882900808,0.0681969394544244
all_462_final_model,pan,sat,pan->sat,1503,0.03526280771789754,0.16101131071190952,0.21756487025948104,0.14669129150395863,0.5942200422286987,0.1223779171705246,0.3521139621734619,0.16627755761146545,0.24210608005523682,0.8429807052561543,0.7677977378576181,0.8053892215568862,labse_baseline,1503,0.007318695941450432,0.024617431803060547,0.04058549567531603,0.023841820790751322,0.07111278921365738,0.12640520930290222,0.015373905189335346,0.07989323884248734,0.05573888402432203,0.4683965402528277,0.7119095143047239,0.5901530272787758,0.02794411177644711,0.13639387890884896,0.17697937458416502,0.1228494707132073,0.5231072530150414,0.33674005698412657,0.18636719603091478,0.37458416500332664,0.055888223552894134,0.21523619427811036
all_462_final_model,pan,snd,pan->snd,1503,0.6833000665335994,0.8263473053892215,0.8689288090485695,0.7498349502376653,0.7479546070098877,0.12600308656692505,0.35360217094421387,0.14715147018432617,0.39435243606567383,0.9248170326014638,0.8995342648037259,0.9121756487025948,labse_baseline,1503,0.5276114437791084,0.6739853626081171,0.7265469061876247,0.5959423973174363,0.49091196060180664,0.19483117759227753,0.16946527361869812,0.13143080472946167,0.3214466869831085,0.7917498336660014,0.8795741849634066,0.835662009314704,0.15568862275449102,0.15236194278110438,0.14238190286094476,0.15389255292022908,0.25704264640808105,0.18413689732551575,0.07290574908256531,0.13306719893546237,0.019960079840319334,0.0765136393878908
all_462_final_model,pan,tam,pan->tam,1503,0.823020625415835,0.8962075848303394,0.9188290086493679,0.8582641641453117,0.8038901686668396,0.12142688035964966,0.3681861162185669,0.14487291872501373,0.4357040524482727,0.9334664005322688,0.9281437125748503,0.9308050565535595,labse_baseline,1503,0.850964737192282,0.9241516966067864,0.9494344644045243,0.8872254803418825,0.7543075680732727,0.1359587013721466,0.34324848651885986,0.12180362641811371,0.41105908155441284,0.916833000665336,0.9434464404524284,0.9301397205588822,-0.027944111776447067,-0.027944111776447067,-0.030605455755156386,-0.02896131619657083,0.049582600593566895,0.02493762969970703,0.024644970893859863,0.016633399866932796,-0.015302727877578137,0.0006653359946773296
all_462_final_model,pan,tel,pan->tel,1503,0.9048569527611444,0.9627411842980705,0.9727212242182302,0.9306366021388949,0.8476464152336121,0.0994468554854393,0.3736479580402374,0.14432293176651,0.47399845719337463,0.9687292082501663,0.9441117764471058,0.956420492348636,labse_baseline,1503,0.9161676646706587,0.9673985362608117,0.9800399201596807,0.9404916750328188,0.8007742762565613,0.11970426887273788,0.34754741191864014,0.12250597774982452,0.45322686433792114,0.9494344644045243,0.9540918163672655,0.9517631403858948,-0.01131071190951427,-0.004657351962741196,-0.007318695941450515,-0.009855072893923955,0.04687213897705078,0.02610054612159729,0.02077159285545349,0.019294743845642004,-0.009980039920159722,0.004657351962741196
all_462_final_model,pan,urd,pan->urd,1503,0.9474384564204924,0.9827012641383899,0.9893546240851631,0.9635649233092274,0.8928787112236023,0.0846833735704422,0.3739657700061798,0.14493003487586975,0.5189129412174225,0.980705256154358,0.959414504324684,0.970059880239521,labse_baseline,1503,0.9560878243512974,0.9853626081170991,0.9900199600798403,0.9693470900344382,0.8602901697158813,0.10225854068994522,0.3688632547855377,0.11822862923145294,0.49142691493034363,0.9700598802395209,0.9733865602129075,0.9717232202262143,-0.008649367930804952,-0.0026613439787092075,-0.0006653359946772186,-0.005782166725210813,0.03258854150772095,0.00510251522064209,0.027486026287078857,0.010645375914837052,-0.013972055888223478,-0.001663339986693213
all_462_final_model,san,asm,san->asm,1503,0.6912840984697272,0.8256819693945442,0.8695941450432468,0.7554910418237741,0.7663677930831909,0.1134953424334526,0.3579961955547333,0.15149818360805511,0.40837159752845764,0.9507651363938789,0.9108449767132402,0.9308050565535595,labse_baseline,1503,0.6467065868263473,0.810379241516966,0.8616101131071191,0.7227774370399549,0.5263926982879639,0.1773090660572052,0.1663176417350769,0.12693069875240326,0.36007505655288696,0.8396540252827678,0.9115103127079175,0.8755821689953427,0.044577511643379863,0.015302727877578137,0.007984031936127733,0.03271360478381924,0.23997509479522705,0.19167855381965637,0.04829654097557068,0.11111111111111116,-0.0006653359946773296,0.055222887558216804
all_462_final_model,san,ben,san->ben,1503,0.7012641383898869,0.8369926813040586,0.8715901530272788,0.7627112212910423,0.7612645626068115,0.11712352931499481,0.3562168478965759,0.1498781144618988,0.4050477147102356,0.9427811044577512,0.8975382568196939,0.9201596806387226,labse_baseline,1503,0.6799733865602129,0.8369926813040586,0.8789088489687292,0.751515005255237,0.5129655003547668,0.18435487151145935,0.18458907306194305,0.12825016677379608,0.3283764272928238,0.8150365934797072,0.8942115768463074,0.8546240851630074,0.021290751829673993,0.0,-0.007318695941450404,0.01119621603580534,0.24829906225204468,0.17162777483463287,0.0766712874174118,0.12774451097804396,0.003326679973386537,0.06553559547571519
all_462_final_model,san,brx,san->brx,1503,0.23619427811044577,0.3819028609447771,0.44976713240186295,0.3132493996980748,0.6571326851844788,0.12845824658870697,0.3397141098976135,0.1672096848487854,0.31741857528686523,0.8822355289421158,0.8303393213572854,0.8562874251497006,labse_baseline,1503,0.16633399866932802,0.2694610778443114,0.3320026613439787,0.2246307835924609,0.30628612637519836,0.16686628758907318,0.11062078177928925,0.10754812508821487,0.19566534459590912,0.6793080505655356,0.83166999334664,0.7554890219560878,0.06986027944111775,0.11244178310046571,0.11776447105788423,0.08861861610561392,0.3508465588092804,0.22909332811832428,0.12175323069095612,0.2029274783765802,-0.0013306719893546592,0.10079840319361277
all_462_final_model,san,doi,san->doi,1503,0.5449101796407185,0.7159015302727878,0.7784431137724551,0.6265403167076439,0.7383933067321777,0.12749280035495758,0.3522835373878479,0.15738321840763092,0.38610976934432983,0.9261477045908184,0.886892880904857,0.9065202927478377,labse_baseline,1503,0.5103127079174984,0.6939454424484365,0.7531603459747173,0.5956819629979091,0.48398345708847046,0.1907861977815628,0.15096406638622284,0.12923748791217804,0.3330193907022476,0.8030605455755156,0.8948769128409847,0.8489687292082502,0.03459747172322014,0.021956087824351322,0.02528276779773786,0.030858353709734776,0.2544098496437073,0.20131947100162506,0.053090378642082214,0.12308715901530276,-0.007984031936127733,0.05755156353958757
all_462_final_model,san,guj,san->guj,1503,0.720558882235529,0.8489687292082502,0.8915502328675982,0.78078578049386,0.7715246677398682,0.11053452640771866,0.35900524258613586,0.15041306614875793,0.4125194251537323,0.9520958083832335,0.9115103127079175,0.9318030605455755,labse_baseline,1503,0.675981370592149,0.8409846972721224,0.884896872920825,0.7535213092255605,0.509768009185791,0.1808355748653412,0.18487511575222015,0.1286088228225708,0.32489289343357086,0.8143712574850299,0.8942115768463074,0.8542914171656686,0.044577511643379975,0.007984031936127733,0.006653359946773185,0.02726447126829956,0.26175665855407715,0.1741301268339157,0.08762653172016144,0.13772455089820357,0.017298735861610126,0.0775116433799069
all_462_final_model,san,hin,san->hin,1503,0.718562874251497,0.8363273453093812,0.8835662009314704,0.7745741843447144,0.7615954875946045,0.1187971904873848,0.35627856850624084,0.14973944425582886,0.40531691908836365,0.9387890884896873,0.9041916167664671,0.9214903526280772,labse_baseline,1503,0.6793080505655356,0.823020625415835,0.8729208250166334,0.7465300459538385,0.4952113628387451,0.18547217547893524,0.18529261648654938,0.12891526520252228,0.30991874635219574,0.7977378576180971,0.8855622089155023,0.8416500332667998,0.03925482368596145,0.01330671989354626,0.010645375914837052,0.028044138390875828,0.2663841247558594,0.17098595201969147,0.09539817273616791,0.14105123087159022,0.018629407850964785,0.07984031936127745
all_462_final_model,san,kan,san->kan,1503,0.6367265469061876,0.7644710578842315,0.8137059214903526,0.6988961995632528,0.7434688210487366,0.12865014374256134,0.35458481311798096,0.15338243544101715,0.3888840079307556,0.9181636726546906,0.8835662009314704,0.9008649367930806,labse_baseline,1503,0.6320691949434465,0.7864271457085829,0.8376580172987359,0.7039972724606275,0.5104222297668457,0.18207165598869324,0.17486917972564697,0.13190409541130066,0.33555305004119873,0.8210246174318031,0.8902195608782435,0.8556220891550232,0.004657351962741085,-0.021956087824351322,-0.02395209580838331,-0.005101072897374714,0.23304659128189087,0.17971563339233398,0.053330957889556885,0.09713905522288746,-0.006653359946773074,0.045242847638057304
all_462_final_model,san,kas,san->kas,1503,0.3439787092481703,0.5103127079174984,0.5834996673320026,0.42542373212346596,0.6870888471603394,0.1312820017337799,0.34948763251304626,0.16587206721305847,0.3376012146472931,0.8975382568196939,0.8476380572188955,0.8725881570192947,labse_baseline,1503,0.32801064537591484,0.5043246839654025,0.5528942115768463,0.41135740298535795,0.41403985023498535,0.17802992463111877,0.13343451917171478,0.12073314189910889,0.28060533106327057,0.7677977378576181,0.8682634730538922,0.8180306054557551,0.015968063872255467,0.005988023952095856,0.030605455755156386,0.014066329138108014,0.273048996925354,0.21605311334133148,0.05699588358402252,0.12974051896207583,-0.020625415834996663,0.054557551563539586
all_462_final_model,san,gom,san->gom,1503,0.5355954757152362,0.6819693945442449,0.7345309381237525,0.6064019724262437,0.7268196940422058,0.12776310741901398,0.35051479935646057,0.15719188749790192,0.37630489468574524,0.9161676646706587,0.872255489021956,0.8942115768463074,labse_baseline,1503,0.5209580838323353,0.6660013306719893,0.7225548902195609,0.5927390794584328,0.4808387756347656,0.19090458750724792,0.1457122415304184,0.13178369402885437,0.33512653410434723,0.7964071856287425,0.884896872920825,0.8406520292747837,0.014637391882900919,0.015968063872255578,0.0119760479041916,0.013662892967810869,0.24598091840744019,0.20480255782604218,0.04117836058139801,0.11976047904191622,-0.01264138389886893,0.0535595475715237
all_462_final_model,san,mai,san->mai,1503,0.6413838988689288,0.803725881570193,0.8389886892880905,0.7143106531265756,0.7640969157218933,0.12369118630886078,0.3579629361629486,0.15905272960662842,0.4061339795589447,0.9407850964737192,0.8915502328675982,0.9161676646706587,labse_baseline,1503,0.6287425149700598,0.7857618097139055,0.8369926813040586,0.7007086866312705,0.5333532094955444,0.18899238109588623,0.16641616821289062,0.13280396163463593,0.3669370412826538,0.8363273453093812,0.9008649367930806,0.8685961410512308,0.01264138389886893,0.017964071856287456,0.001996007984031878,0.013601966495305096,0.23074370622634888,0.19154676795005798,0.039196938276290894,0.10445775116433798,-0.009314703925482393,0.04757152361942785
all_462_final_model,san,mal,san->mal,1503,0.6613439787092482,0.7990685296074518,0.8502994011976048,0.7244965624190235,0.7482573986053467,0.11745254695415497,0.35502153635025024,0.1513034701347351,0.39323586225509644,0.9401197604790419,0.9021956087824351,0.9211576846307385,labse_baseline,1503,0.6440452428476381,0.8090485695276114,0.8536260811709914,0.7193296958483736,0.507265567779541,0.18124739825725555,0.17500458657741547,0.1260875016450882,0.33226098120212555,0.8216899534264803,0.8942115768463074,0.8579507651363938,0.017298735861610126,-0.009980039920159611,-0.003326679973386537,0.005166866570649908,0.24099183082580566,0.18001694977283478,0.060974881052970886,0.11842980705256156,0.007984031936127733,0.06320691949434476
all_462_final_model,san,mni,san->mni,1503,0.02594810379241517,0.11842980705256155,0.1550232867598137,0.09572095527283697,0.5952547788619995,0.1339239776134491,0.35457900166511536,0.182930588722229,0.24067577719688416,0.8223552894211577,0.7544910179640718,0.7884231536926147,labse_baseline,1503,0.007984031936127744,0.033932135728542916,0.05854956753160346,0.030363525562453725,0.14049524068832397,0.14699037373065948,0.0575079508125782,0.09794135391712189,0.08298728987574577,0.530938123752495,0.7365269461077845,0.6337325349301397,0.017964071856287425,0.08449767132401864,0.09647371922821024,0.06535742971038325,0.45475953817367554,0.29707105085253716,0.15768848732113838,0.2914171656686626,0.017964071856287345,0.15469061876247503
all_462_final_model,san,mar,san->mar,1503,0.7072521623419827,0.8323353293413174,0.8715901530272788,0.7669197095384634,0.7679804563522339,0.11905483156442642,0.35699719190597534,0.1489773392677307,0.41098326444625854,0.9454424484364604,0.9115103127079175,0.928476380572189,labse_baseline,1503,0.7079174983366601,0.8429807052561543,0.8842315369261478,0.7684123002838495,0.5172756910324097,0.18651358783245087,0.18313555419445038,0.12868577241897583,0.3341401368379593,0.8150365934797072,0.9001996007984032,0.8576180971390552,-0.0006653359946773296,-0.010645375914836941,-0.01264138389886893,-0.001492590745386102,0.2507047653198242,0.17386163771152496,0.07684312760829926,0.13040585495675316,0.01131071190951427,0.07085828343313372
all_462_final_model,san,npi,san->npi,1503,0.7225548902195609,0.8522954091816367,0.8875582168995343,0.7834262248236948,0.7723149061203003,0.11678750067949295,0.357021301984787,0.1487225890159607,0.4152936041355133,0.9500998003992016,0.9088489687292083,0.929474384564205,labse_baseline,1503,0.709913506320692,0.850964737192282,0.8922155688622755,0.7775279379825528,0.5217995643615723,0.1857874095439911,0.1832464635372162,0.1278708130121231,0.3385531008243561,0.8137059214903526,0.9088489687292083,0.8612774451097804,0.01264138389886893,0.0013306719893546592,-0.004657351962741196,0.00589828684114202,0.250515341758728,0.1737748384475708,0.07674050331115723,0.13639387890884902,0.0,0.06819693945442451
all_462_final_model,san,ory,san->ory,1503,0.6826347305389222,0.8276779773785762,0.8762475049900199,0.7519262322590455,0.7578839659690857,0.1156873106956482,0.3523222804069519,0.15092940628528595,0.4055616855621338,0.9454424484364604,0.908183632734531,0.9268130405854957,labse_baseline,1503,0.6520292747837658,0.8210246174318031,0.867598137059215,0.7280786110522587,0.5071024894714355,0.18193183839321136,0.171994149684906,0.12725098431110382,0.33510833978652954,0.8210246174318031,0.9015302727877578,0.8612774451097804,0.030605455755156386,0.006653359946773074,0.008649367930804952,0.02384762120678685,0.25078147649765015,0.1803281307220459,0.07045334577560425,0.12441783100465731,0.006653359946773185,0.0655355954757153
all_462_final_model,san,pan,san->pan,1503,0.697272122421823,0.83166999334664,0.8629407850964738,0.75962004404381,0.7493646144866943,0.12398800253868103,0.35079410672187805,0.1474812924861908,0.3985705077648163,0.9241516966067864,0.908183632734531,0.9161676646706587,labse_baseline,1503,0.6679973386560213,0.8256819693945442,0.8649367930805056,0.7411532266400471,0.4969739019870758,0.18944460153579712,0.16923414170742035,0.12699303030967712,0.32773976027965546,0.801729873586161,0.8962075848303394,0.8489687292082502,0.029274783765801726,0.005988023952095856,-0.001996007984031878,0.01846681740376288,0.25239071249961853,0.1815599650144577,0.07083074748516083,0.12242182302062543,0.0119760479041916,0.06719893546240852
all_462_final_model,san,sat,san->sat,1503,0.02661343978709248,0.14570858283433133,0.1936127744510978,0.12609222940799433,0.6056539416313171,0.14114782214164734,0.3529401421546936,0.18762381374835968,0.25271379947662354,0.8210246174318031,0.7544910179640718,0.7877578176979374,labse_baseline,1503,0.00998003992015968,0.033932135728542916,0.0499001996007984,0.0310183676053248,0.14492754638195038,0.14592495560646057,0.0640188455581665,0.09390465915203094,0.08090870082378387,0.5129740518962076,0.7498336660013307,0.6314038589487692,0.0166333998669328,0.1117764471057884,0.14371257485029942,0.09507386180266954,0.46072639524936676,0.2889212965965271,0.17180509865283966,0.3080505655355955,0.004657351962741085,0.15635395874916824
all_462_final_model,san,snd,san->snd,1503,0.4644045242847638,0.6373918829008649,0.6986027944111777,0.5465038841477776,0.716397762298584,0.13040678203105927,0.35122260451316833,0.15935693681240082,0.36517515778541565,0.9141716566866267,0.8682634730538922,0.8912175648702594,labse_baseline,1503,0.44045242847638055,0.6074517631403858,0.6706586826347305,0.5214936267256777,0.4598452150821686,0.18645882606506348,0.14856022596359253,0.1278846710920334,0.31128498911857605,0.7777777777777778,0.8829008649367931,0.8303393213572854,0.023952095808383256,0.029940119760479056,0.027944111776447178,0.025010257422099946,0.2565525472164154,0.2026623785495758,0.0538901686668396,0.1363938789088489,-0.014637391882900919,0.060878243512973995
all_462_final_model,san,tam,san->tam,1503,0.5948103792415169,0.7338656021290751,0.7877578176979375,0.6621877697019144,0.7193151712417603,0.12907512485980988,0.35451459884643555,0.15128256380558014,0.3648005723953247,0.9075182967398536,0.8762475049900199,0.8918829008649367,labse_baseline,1503,0.592814371257485,0.7538256819693946,0.8097139055222887,0.6672019278079818,0.4741886556148529,0.1809622049331665,0.17819426953792572,0.12554717063903809,0.2959943860769272,0.791084497671324,0.8855622089155023,0.8383233532934131,0.001996007984031878,-0.019960079840319445,-0.02195608782435121,-0.005014158106067423,0.24512651562690735,0.17632032930850983,0.06880618631839752,0.11643379906852958,-0.009314703925482393,0.05355954757152359
all_462_final_model,san,tel,san->tel,1503,0.6746506986027944,0.812375249500998,0.8496340652029275,0.7382837525696404,0.7562769055366516,0.12008507549762726,0.35947051644325256,0.15009351074695587,0.39680638909339905,0.9321357285429142,0.9015302727877578,0.916833000665336,labse_baseline,1503,0.6660013306719893,0.8183632734530938,0.8576180971390552,0.7339535338771063,0.5086466670036316,0.18291382491588593,0.18279801309108734,0.12884435057640076,0.32584865391254425,0.8090485695276114,0.8915502328675982,0.8502994011976048,0.008649367930805063,-0.0059880239520957446,-0.007984031936127733,0.004330218692534138,0.24763023853302002,0.17667250335216522,0.0709577351808548,0.12308715901530276,0.009980039920159611,0.06653359946773119
all_462_final_model,san,urd,san->urd,1503,0.7132401862940785,0.8423153692614771,0.8735861610113107,0.775525990376261,0.7643773555755615,0.11466939002275467,0.35741758346557617,0.14993470907211304,0.40695977210998535,0.9427811044577512,0.9015302727877578,0.9221556886227544,labse_baseline,1503,0.6906187624750499,0.8363273453093812,0.8862275449101796,0.7587018666911476,0.5006713271141052,0.18039733171463013,0.18175819516181946,0.1272943615913391,0.31891313195228577,0.8023952095808383,0.9001996007984032,0.8512974051896207,0.02262142381902854,0.005988023952095856,-0.01264138389886893,0.016824123685113435,0.2637060284614563,0.1756593883037567,0.08804664015769958,0.1403858948769129,0.0013306719893545482,0.07085828343313372
all_462_final_model,sat,asm,sat->asm,1503,0.02927478376580173,0.09381237524950099,0.1437125748502994,0.07296927844575489,0.6047406196594238,0.13154937326908112,0.3562038838863373,0.17736227810382843,0.24853673577308655,0.8290086493679308,0.7551563539587491,0.7920825016633399,labse_baseline,1503,0.008649367930805056,0.02594810379241517,0.039254823685961414,0.02346295997937843,0.10966094583272934,0.13802851736545563,0.039792321622371674,0.08211077749729156,0.06986862421035767,0.4856952761144378,0.739853626081171,0.6127744510978044,0.020625415834996674,0.06786427145708582,0.10445775116433798,0.04950631846637646,0.4950796738266945,0.3164115622639656,0.17866811156272888,0.34331337325349304,0.015302727877578137,0.17930805056553556
all_462_final_model,sat,ben,sat->ben,1503,0.036593479707252165,0.09514304723885562,0.14570858283433133,0.07830010968805978,0.5883058309555054,0.13138209283351898,0.35369372367858887,0.17026159167289734,0.2346121072769165,0.8137059214903526,0.7518296739853626,0.7827677977378575,labse_baseline,1503,0.007318695941450432,0.020625415834996674,0.030605455755156354,0.019333150322139066,0.06860402226448059,0.12756694853305817,0.01592937670648098,0.08033160120248795,0.05267464555799961,0.4424484364604125,0.7039254823685961,0.5731869594145043,0.029274783765801733,0.07451763140385895,0.11510312707917497,0.05896695936592072,0.5197018086910248,0.3377643469721079,0.1819374617189169,0.3712574850299401,0.04790419161676651,0.20958083832335328
all_462_final_model,sat,brx,sat->brx,1503,0.0332667997338656,0.08316699933466401,0.12574850299401197,0.0707356280273136,0.6390470862388611,0.15856942534446716,0.36060822010040283,0.2032744437456131,0.27843886613845825,0.8210246174318031,0.7624750499001997,0.7917498336660014,labse_baseline,1503,0.00665335994677312,0.021956087824351298,0.036593479707252165,0.021124231510369833,0.1557995229959488,0.1576223224401474,0.06028289347887039,0.10669298470020294,0.0955166295170784,0.5342648037258816,0.7458416500332667,0.6400532268795742,0.02661343978709248,0.061210911510312715,0.08915502328675981,0.04961139651694377,0.4832475632429123,0.30032532662153244,0.18292223662137985,0.2867598137059215,0.016633399866932908,0.15169660678642716
all_462_final_model,sat,doi,sat->doi,1503,0.033932135728542916,0.0998003992015968,0.15701929474384566,0.0791171388432557,0.6172769069671631,0.1284702718257904,0.3526856303215027,0.183688223361969,0.2645912766456604,0.8436460412508316,0.7638057218895542,0.8037258815701929,labse_baseline,1503,0.004657351962741184,0.021956087824351298,0.036593479707252165,0.019204056655576958,0.13396689295768738,0.14392831921577454,0.05624498799443245,0.09008070826530457,0.07772190496325493,0.5063206919494344,0.7405189620758483,0.6234198270126414,0.029274783765801733,0.07784431137724551,0.1204258150365935,0.05991308218767875,0.4833100140094757,0.29644064232707024,0.18686937168240547,0.33732534930139724,0.02328675981370587,0.18030605455755144
all_462_final_model,sat,guj,sat->guj,1503,0.03260146373918829,0.09447771124417831,0.15036593479707253,0.07680885945526222,0.5948441028594971,0.12550796568393707,0.35686424374580383,0.1751231551170349,0.23797985911369324,0.8363273453093812,0.7551563539587491,0.7957418496340651,labse_baseline,1503,0.005988023952095809,0.018629407850964737,0.030605455755156354,0.01870464487494059,0.058222509920597076,0.12506546080112457,0.007576477248221636,0.08054391294717789,0.05064603267237544,0.45109780439121755,0.688622754491018,0.5698602794411177,0.026613439787092484,0.07584830339321358,0.11976047904191617,0.05810421458032163,0.5366215929389,0.3492877664975822,0.1873338264413178,0.3852295409181637,0.06653359946773119,0.2258815701929474
all_462_final_model,sat,hin,sat->hin,1503,0.04058549567531603,0.09913506320691949,0.14437791084497673,0.08122917283482237,0.5918582677841187,0.12136603146791458,0.35625582933425903,0.17256391048431396,0.23560243844985962,0.8303393213572854,0.7524950099800399,0.7914171656686626,labse_baseline,1503,0.007318695941450432,0.018629407850964737,0.028609447771124417,0.019101091504560668,0.05060728266835213,0.12380921840667725,0.002854824997484684,0.07908400893211365,0.04775245767086744,0.4471057884231537,0.6919494344644045,0.5695276114437791,0.0332667997338656,0.08050565535595475,0.1157684630738523,0.062128081330261695,0.5412509851157665,0.35340100433677435,0.18784998077899218,0.3832335329341317,0.06054557551563544,0.22188955422488355
all_462_final_model,sat,kan,sat->kan,1503,0.027278775781769793,0.07252162341982701,0.11909514304723885,0.06306327903003779,0.5849551558494568,0.13685859739780426,0.3543411195278168,0.17621400952339172,0.23061403632164001,0.8043912175648703,0.7465069860279441,0.7754491017964071,labse_baseline,1503,0.00665335994677312,0.01929474384564205,0.028609447771124417,0.019329953274303063,0.08613888174295425,0.13412976264953613,0.02495652064681053,0.08205389976501465,0.06118236109614372,0.4597471723220226,0.7298735861610113,0.5948103792415169,0.020625415834996674,0.05322687957418497,0.09048569527611444,0.04373332575573473,0.49881627410650253,0.32938459888100624,0.1694316752254963,0.3446440452428477,0.016633399866932796,0.18063872255489022
all_462_final_model,sat,kas,sat->kas,1503,0.03127079174983367,0.08782435129740519,0.14238190286094476,0.07250518632060676,0.6315130591392517,0.15241393446922302,0.36395585536956787,0.19474877417087555,0.26755720376968384,0.8130405854956753,0.7624750499001997,0.7877578176979374,labse_baseline,1503,0.0053226879574184965,0.017964071856287425,0.03526280771789754,0.019463092222754254,0.20793354511260986,0.15799027681350708,0.11501909047365189,0.1143186166882515,0.09291445463895798,0.5528942115768463,0.7198935462408517,0.636393878908849,0.02594810379241517,0.06986027944111776,0.10711909514304722,0.05304209409785251,0.42357951402664185,0.24893676489591599,0.17464274913072586,0.260146373918829,0.042581503659347986,0.15136393878908838
all_462_final_model,sat,gom,sat->gom,1503,0.0332667997338656,0.09248170326014638,0.1437125748502994,0.07479189806133939,0.6072132587432861,0.13774898648262024,0.3524381220340729,0.18260458111763,0.25477513670921326,0.8276779773785762,0.7538256819693946,0.7907518296739854,labse_baseline,1503,0.00665335994677312,0.02594810379241517,0.039254823685961414,0.021837055245165448,0.11565344035625458,0.15134203433990479,0.03571777790784836,0.09173653274774551,0.07993566244840622,0.47571523619427813,0.7684630738522954,0.6220891550232868,0.02661343978709248,0.06653359946773121,0.10445775116433798,0.052954842816173936,0.49155981838703156,0.3167203441262245,0.17483947426080704,0.35196274118429804,-0.014637391882900808,0.16866267465069862
all_462_final_model,sat,mai,sat->mai,1503,0.028609447771124417,0.08383233532934131,0.13439787092481703,0.0686827567086165,0.59583979845047,0.1380292922258377,0.35389652848243713,0.17991140484809875,0.24194326996803284,0.8050565535595475,0.7405189620758483,0.7727877578176979,labse_baseline,1503,0.0053226879574184965,0.017298735861610112,0.03260146373918829,0.01912699144765865,0.11601061373949051,0.14024287462234497,0.04715203493833542,0.0826440155506134,0.06885857880115509,0.4630738522954092,0.7604790419161677,0.6117764471057885,0.02328675981370592,0.0665335994677312,0.10179640718562874,0.04955576526095785,0.47982918471097946,0.3067444935441017,0.17308469116687775,0.3419827012641383,-0.019960079840319334,0.16101131071190944
all_462_final_model,sat,mal,sat->mal,1503,0.021956087824351298,0.07119095143047238,0.10711909514304724,0.05792505639849786,0.573905348777771,0.13614466786384583,0.3517926335334778,0.17358368635177612,0.2221127152442932,0.7997338656021291,0.7438456420492349,0.7717897538256819,labse_baseline,1503,0.003992015968063872,0.017298735861610112,0.02927478376580173,0.01657627442247478,0.06955377012491226,0.12831516563892365,0.017430182546377182,0.0785871297121048,0.05212358757853508,0.4504324683965403,0.7005988023952096,0.5755156353958749,0.017964071856287428,0.05389221556886227,0.07784431137724551,0.04134878197602308,0.5043515786528587,0.3343624509871006,0.16998912766575813,0.34930139720558884,0.043246839654025315,0.19627411842980702
all_462_final_model,sat,mni,sat->mni,1503,0.05123087159015303,0.17697937458416502,0.2375249500998004,0.1479578573272494,0.8161715269088745,0.2078571617603302,0.428176611661911,0.2566884160041809,0.3879949152469635,0.8163672654690619,0.8023952095808383,0.8093812375249501,labse_baseline,1503,0.04524284763805722,0.15834996673320026,0.20226214238190285,0.13624136081861438,0.9232303500175476,0.1315625160932541,0.6918877959251404,0.22565867006778717,0.23134255409240723,0.8483033932135728,0.656686626746507,0.7524950099800399,0.005988023952095807,0.018629407850964758,0.035262807717897554,0.011716496508635016,-0.1070588231086731,-0.26371118426322937,0.15665236115455627,-0.031936127744510934,0.1457085828343313,0.05688622754491013
all_462_final_model,sat,mar,sat->mar,1503,0.031936127744510975,0.09181636726546906,0.14437791084497673,0.07334378828107989,0.5880375504493713,0.12499796599149704,0.3547898232936859,0.17205683887004852,0.23324772715568542,0.8216899534264803,0.759148369926813,0.7904191616766467,labse_baseline,1503,0.007318695941450432,0.021956087824351298,0.0332667997338656,0.020046971943783614,0.0658809244632721,0.1226617619395256,0.014897341839969158,0.07875451445579529,0.05098358262330294,0.4504324683965403,0.7005988023952096,0.5755156353958749,0.024617431803060544,0.06986027944111776,0.11111111111111113,0.05329681633729627,0.5221566259860992,0.33989248145371675,0.1822641445323825,0.37125748502994005,0.05854956753160345,0.2149035262807718
all_462_final_model,sat,npi,sat->npi,1503,0.03592814371257485,0.09514304723885562,0.14238190286094476,0.07638257576463116,0.5843920707702637,0.12491917610168457,0.35598814487457275,0.17022426426410675,0.22840392589569092,0.8236859614105123,0.7531603459747173,0.7884231536926147,labse_baseline,1503,0.007318695941450432,0.021956087824351298,0.03260146373918829,0.019749672336756976,0.059821002185344696,0.12184681743383408,0.009044402278959751,0.07784661650657654,0.050776599906384945,0.46174318030605455,0.6952761144377911,0.5785096473719229,0.028609447771124417,0.07318695941450433,0.10978043912175647,0.05663290342787418,0.524571068584919,0.346943742595613,0.17762732598930597,0.36194278110445777,0.05788423153692612,0.20991350632069183
all_462_final_model,sat,ory,sat->ory,1503,0.03526280771789754,0.0998003992015968,0.15236194278110446,0.07720390734194851,0.5940899848937988,0.12813310325145721,0.3507826030254364,0.1730634570121765,0.24330738186836243,0.8409846972721224,0.7598137059214903,0.8003992015968064,labse_baseline,1503,0.00665335994677312,0.02262142381902861,0.0332667997338656,0.020236653397085476,0.06916987150907516,0.13095751404762268,0.01202824804931879,0.08112465590238571,0.057141623459756374,0.46041250831669994,0.7218895542248835,0.5911510312707917,0.02860944777112442,0.0771789753825682,0.11909514304723887,0.05696725394486304,0.5249201133847237,0.3387543549761176,0.18616575840860605,0.3805721889554225,0.03792415169660679,0.20924817032601473
all_462_final_model,sat,pan,sat->pan,1503,0.033932135728542916,0.10578842315369262,0.15701929474384566,0.07955402282185856,0.5942200422286987,0.1223779171705246,0.35353702306747437,0.16925115883350372,0.24068301916122437,0.8423153692614771,0.7604790419161677,0.8013972055888223,labse_baseline,1503,0.007984031936127744,0.023286759813705923,0.04058549567531603,0.022065977872954348,0.07111278921365738,0.12640520930290222,0.01461974997073412,0.07958707958459854,0.05649303924292326,0.469061876247505,0.7212242182302062,0.5951430472388556,0.025948103792415172,0.0825016633399867,0.11643379906852963,0.05748804494890421,0.5231072530150414,0.33891727309674025,0.1841899799183011,0.3732534930139721,0.03925482368596145,0.20625415834996674
all_462_final_model,sat,san,sat->san,1503,0.028609447771124417,0.08848968729208251,0.1377245508982036,0.06916932780342484,0.6056539416313171,0.14114782214164734,0.3556068539619446,0.1886247992515564,0.25004708766937256,0.8176979374584165,0.7511643379906853,0.7844311377245509,labse_baseline,1503,0.005988023952095809,0.023286759813705923,0.036593479707252165,0.020552128617992566,0.14492754638195038,0.14592495560646057,0.06326918303966522,0.09216434508562088,0.08165836334228516,0.5136393878908849,0.7405189620758483,0.6270791749833666,0.02262142381902861,0.06520292747837658,0.10113107119095144,0.04861719918543228,0.46072639524936676,0.29233767092227936,0.1683887243270874,0.30405854956753153,0.010645375914836941,0.15735196274118424
all_462_final_model,sat,snd,sat->snd,1503,0.02594810379241517,0.07451763140385895,0.12042581503659348,0.06131731806310059,0.5951725244522095,0.15038350224494934,0.3537963926792145,0.187236487865448,0.241376131772995,0.7877578176979375,0.7498336660013307,0.7687957418496341,labse_baseline,1503,0.005988023952095809,0.017964071856287425,0.031936127744510975,0.017919763415302447,0.1320510059595108,0.15459702908992767,0.057743895798921585,0.09444721043109894,0.07430711016058922,0.469061876247505,0.7451763140385895,0.6071190951430473,0.01996007984031936,0.05655355954757152,0.08848968729208251,0.04339755464779814,0.46312151849269867,0.2960524968802929,0.16706902161240578,0.3186959414504325,0.004657351962741196,0.16167664670658677
all_462_final_model,sat,tam,sat->tam,1503,0.024617431803060547,0.0658682634730539,0.10246174318030606,0.05684180792065228,0.5602778792381287,0.14567843079566956,0.3531826436519623,0.17348989844322205,0.20709523558616638,0.7604790419161677,0.7298735861610113,0.7451763140385894,labse_baseline,1503,0.00665335994677312,0.01996007984031936,0.029940119760479042,0.018382061618468365,0.06028551608324051,0.12681135535240173,0.013294758275151253,0.0808003842830658,0.046990757808089256,0.4524284763805722,0.6892880904856953,0.5708582834331337,0.017964071856287428,0.04590818363273454,0.07252162341982701,0.03845974630218391,0.49999236315488815,0.339887885376811,0.16010447777807713,0.30805056553559546,0.040585495675316,0.1743180306054557
all_462_final_model,sat,tel,sat->tel,1503,0.029940119760479042,0.08848968729208251,0.1270791749833666,0.06903891054587082,0.5830848217010498,0.1338362991809845,0.35779231786727905,0.17239829897880554,0.22529250383377075,0.8097139055222887,0.7345309381237525,0.7721224218230206,labse_baseline,1503,0.005988023952095809,0.01929474384564205,0.030605455755156354,0.018469201417166136,0.06660613417625427,0.13116031885147095,0.01338709332048893,0.08026371151208878,0.05321904085576534,0.437125748502994,0.718562874251497,0.5778443113772456,0.023952095808383235,0.06919494344644046,0.09647371922821024,0.050569709128704676,0.5164786875247955,0.3444052245467901,0.1720734629780054,0.3725881570192947,0.015968063872255467,0.19427811044577503
all_462_final_model,sat,urd,sat->urd,1503,0.03792415169660679,0.09846972721224219,0.16167664670658682,0.08040268884516723,0.5952692627906799,0.11790215969085693,0.35550758242607117,0.17404703795909882,0.23976168036460876,0.8476380572188955,0.7504990019960079,0.7990685296074518,labse_baseline,1503,0.007984031936127744,0.023286759813705923,0.034597471723220224,0.02110259436682935,0.04890555515885353,0.11875199526548386,0.0012232224689796567,0.07775818556547165,0.047682332689873874,0.46174318030605455,0.6786427145708582,0.5701929474384564,0.029940119760479045,0.07518296739853626,0.1270791749833666,0.05930009447833788,0.5463637076318264,0.3542843599570915,0.1920793476747349,0.38589487691284097,0.07185628742514971,0.2288755821689954
all_462_final_model,snd,asm,snd->asm,1503,0.6447105788423154,0.7844311377245509,0.8330006653359947,0.7103992503046841,0.7541024088859558,0.11750620603561401,0.36061495542526245,0.15313397347927094,0.39348745346069336,0.93812375249501,0.8988689288090486,0.9184963406520292,labse_baseline,1503,0.5874916833000665,0.7465069860279441,0.8010645375914837,0.6619423791417015,0.506300151348114,0.17927391827106476,0.17382113635540009,0.1269199103116989,0.33247901499271393,0.801729873586161,0.8875582168995343,0.8446440452428476,0.057218895542248904,0.03792415169660679,0.031936127744511045,0.048456871162982584,0.2478022575378418,0.18679381906986237,0.06100843846797943,0.13639387890884902,0.01131071190951427,0.07385229540918159
all_462_final_model,snd,ben,snd->ben,1503,0.6713240186294078,0.801729873586161,0.8469727212242182,0.7329513368200649,0.7549925446510315,0.11860080808401108,0.3589285910129547,0.14956356585025787,0.3960639536380768,0.9354624085163007,0.9028609447771124,0.9191616766467066,labse_baseline,1503,0.6187624750499002,0.7771124417831005,0.8349966733200266,0.6949677759518502,0.49760180711746216,0.19231954216957092,0.18488624691963196,0.13306491076946259,0.3127155601978302,0.7897538256819694,0.8649367930805056,0.8273453093812375,0.0525615435795076,0.02461743180306053,0.0119760479041916,0.03798356086821464,0.25739073753356934,0.17404234409332275,0.08334839344024658,0.1457085828343313,0.03792415169660679,0.09181636726546905
all_462_final_model,snd,brx,snd->brx,1503,0.27278775781769793,0.43446440452428475,0.5049900199600799,0.3526586243163805,0.6703433990478516,0.14059963822364807,0.3431534469127655,0.17369809746742249,0.32718995213508606,0.8755821689953427,0.8176979374584165,0.8466400532268796,labse_baseline,1503,0.20159680638722555,0.3166999334664005,0.37658017298735863,0.2628186172020854,0.3399662673473358,0.18071843683719635,0.12842755019664764,0.11805848032236099,0.21153871715068817,0.677977378576181,0.8256819693945442,0.7518296739853626,0.07119095143047238,0.11776447105788423,0.12840984697272123,0.08984000711429513,0.33037713170051575,0.21472589671611786,0.11565123498439789,0.19760479041916168,-0.007984031936127733,0.09481037924151703
all_462_final_model,snd,doi,snd->doi,1503,0.6147704590818364,0.7471723220226214,0.8063872255489022,0.6810003509331775,0.7628325819969177,0.12935109436511993,0.3582737147808075,0.15986481308937073,0.40455886721611023,0.9254823685961411,0.8982035928143712,0.9118429807052562,labse_baseline,1503,0.5961410512308716,0.7285429141716567,0.782435129740519,0.661695514354086,0.5527132749557495,0.19385714828968048,0.1792917102575302,0.13173338770866394,0.3734215646982193,0.8210246174318031,0.9021956087824351,0.8616101131071191,0.018629407850964785,0.018629407850964674,0.0239520958083832,0.019304836579091433,0.2101193070411682,0.17898200452327728,0.03113730251789093,0.10445775116433798,-0.003992015968063867,0.050232867598137054
all_462_final_model,snd,guj,snd->guj,1503,0.7059214903526281,0.8290086493679308,0.8642714570858283,0.763863021984192,0.7641716599464417,0.11728895455598831,0.36223074793815613,0.15176774561405182,0.4019409120082855,0.9374584165003327,0.9068529607451763,0.9221556886227544,labse_baseline,1503,0.6327345309381237,0.7884231536926147,0.8403193612774451,0.7070932005540264,0.4938579201698303,0.19377540051937103,0.1848900467157364,0.13354386389255524,0.30896787345409393,0.7764471057884231,0.865602129075183,0.821024617431803,0.07318695941450437,0.04058549567531611,0.0239520958083832,0.05676982143016562,0.27031373977661133,0.17734070122241974,0.09297303855419159,0.16101131071190955,0.041250831669993326,0.10113107119095144
all_462_final_model,snd,hin,snd->hin,1503,0.7085828343313373,0.833666001330672,0.8689288090485695,0.7664867218863662,0.7682698369026184,0.1220066100358963,0.36114010214805603,0.1509600728750229,0.4071297347545624,0.9341317365269461,0.9095143047238856,0.9218230206254159,labse_baseline,1503,0.6340652029274784,0.8023952095808383,0.8423153692614771,0.7117463551227553,0.5000100135803223,0.20152431726455688,0.18750588595867157,0.13469021022319794,0.3125041276216507,0.7717897538256819,0.8795741849634066,0.8256819693945443,0.07451763140385892,0.031270791749833715,0.026613439787092408,0.05474036676361094,0.26825982332229614,0.17363421618938446,0.09462560713291168,0.1623419827012642,0.029940119760479056,0.09614105123087158
all_462_final_model,snd,kan,snd->kan,1503,0.5968063872255489,0.7431803060545575,0.7904191616766467,0.6661868216052763,0.7389993071556091,0.12844501435756683,0.3582984507083893,0.1538703888654709,0.38070085644721985,0.9188290086493679,0.8875582168995343,0.9031936127744511,labse_baseline,1503,0.573519627411843,0.7245508982035929,0.7777777777777778,0.6481328319601536,0.506149411201477,0.19019046425819397,0.1841774582862854,0.1302422434091568,0.32197195291519165,0.7950765136393879,0.8789088489687292,0.8369926813040586,0.02328675981370587,0.018629407850964674,0.01264138389886893,0.018053989645122726,0.23284989595413208,0.17412099242210388,0.0587289035320282,0.12375249500997998,0.008649367930805063,0.06620093147039252
all_462_final_model,snd,kas,snd->kas,1503,0.39387890884896876,0.5382568196939455,0.6014637391882901,0.46758268720567053,0.6990439891815186,0.13693921267986298,0.35474851727485657,0.1687668114900589,0.344295471906662,0.8942115768463074,0.8376580172987359,0.8659347970725216,labse_baseline,1503,0.36793080505655357,0.5163007318695941,0.5815036593479708,0.44099747181665594,0.4460168182849884,0.19347955286502838,0.15200825035572052,0.13127398490905762,0.2940085679292679,0.7531603459747173,0.8622754491017964,0.8077178975382568,0.02594810379241519,0.021956087824351322,0.019960079840319334,0.026585215389014594,0.25302717089653015,0.20274026691913605,0.050286903977394104,0.1410512308715901,-0.02461743180306053,0.05821689953426479
all_462_final_model,snd,gom,snd->gom,1503,0.5342648037258816,0.7005988023952096,0.7604790419161677,0.6143318701906192,0.7380426526069641,0.12974949181079865,0.35307055711746216,0.15901659429073334,0.38497209548950195,0.9174983366600133,0.8802395209580839,0.8988689288090486,labse_baseline,1503,0.4930139720558882,0.6613439787092482,0.7265469061876247,0.5755752484298583,0.5091222524642944,0.19840452075004578,0.1579623520374298,0.13710160553455353,0.3511599004268646,0.8030605455755156,0.8775781769793746,0.8403193612774451,0.04125083166999338,0.03925482368596134,0.03393213572854292,0.03875662176076089,0.22892040014266968,0.19510820508003235,0.03381219506263733,0.1144377910844977,0.0026613439787093185,0.05854956753160345
all_462_final_model,snd,mai,snd->mai,1503,0.6214238190286094,0.7651363938789089,0.812375249500998,0.6864191640373147,0.7549065351486206,0.12863196432590485,0.3594655692577362,0.1596798151731491,0.3954409658908844,0.9201596806387226,0.8815701929474384,0.9008649367930806,labse_baseline,1503,0.5768463073852296,0.7312042581503659,0.7944111776447106,0.6512888866560561,0.5302499532699585,0.19468769431114197,0.17392757534980774,0.1348174661397934,0.35632237792015076,0.8137059214903526,0.8875582168995343,0.8506320691949434,0.044577511643379863,0.03393213572854292,0.017964071856287456,0.03513027738125862,0.2246565818786621,0.18553799390792847,0.03911858797073364,0.10645375914836996,-0.005988023952095856,0.050232867598137165
all_462_final_model,snd,mal,snd->mal,1503,0.614105123087159,0.7524950099800399,0.812375249500998,0.6782316764614674,0.7352964878082275,0.12352550774812698,0.3585212826728821,0.15257839858531952,0.37677520513534546,0.9281437125748503,0.8855622089155023,0.9068529607451763,labse_baseline,1503,0.5675316034597472,0.7358616101131071,0.7837658017298735,0.6469310002831927,0.49035215377807617,0.18961834907531738,0.17951150238513947,0.13010671734809875,0.3108406513929367,0.7890884896872921,0.8775781769793746,0.8333333333333333,0.04657351962741185,0.016633399866932796,0.028609447771124508,0.0313006761782747,0.24494433403015137,0.17900978028774261,0.06593455374240875,0.13905522288755823,0.007984031936127733,0.07351962741184304
all_462_final_model,snd,mni,snd->mni,1503,0.033932135728542916,0.11776447105788423,0.15568862275449102,0.10421777445015061,0.583831787109375,0.1442047655582428,0.3533724248409271,0.18018977344036102,0.23045936226844788,0.7850964737192282,0.7458416500332667,0.7654690618762474,labse_baseline,1503,0.007318695941450432,0.03592814371257485,0.05123087159015303,0.03299602687492692,0.1277131587266922,0.15783415734767914,0.052304916083812714,0.09889336675405502,0.07540824264287949,0.4743845642049235,0.7345309381237525,0.604457751164338,0.026613439787092484,0.08183632734530938,0.104457751164338,0.07122174757522369,0.4561186283826828,0.3010675087571144,0.1550511196255684,0.3107119095143047,0.01131071190951427,0.16101131071190944
all_462_final_model,snd,mar,snd->mar,1503,0.6846307385229541,0.8203592814371258,0.8596141051230871,0.7448016158496478,0.7612314224243164,0.12037279456853867,0.3612934350967407,0.15059611201286316,0.3999379873275757,0.9401197604790419,0.9028609447771124,0.9214903526280771,labse_baseline,1503,0.6440452428476381,0.7864271457085829,0.8376580172987359,0.7110772765279832,0.5000473260879517,0.1937071681022644,0.18631239235401154,0.13236451148986816,0.3137349337339401,0.7844311377245509,0.8735861610113107,0.8290086493679307,0.040585495675316,0.03393213572854292,0.02195608782435121,0.03372433932166452,0.26118409633636475,0.1749810427427292,0.08620305359363556,0.15568862275449102,0.029274783765801726,0.09248170326014638
all_462_final_model,snd,npi,snd->npi,1503,0.6879574184963406,0.8196939454424484,0.8609447771124418,0.7503875820817252,0.7588226795196533,0.12030965089797974,0.35961082577705383,0.14863702654838562,0.3992118537425995,0.9367930805056554,0.906187624750499,0.9214903526280771,labse_baseline,1503,0.6380572188955422,0.7784431137724551,0.8276779773785762,0.704719903189222,0.4970368444919586,0.19561028480529785,0.18107567727565765,0.1307552456855774,0.31596116721630096,0.780439121756487,0.874251497005988,0.8273453093812375,0.04990019960079839,0.041250831669993326,0.03326679973386559,0.04566767889250323,0.2617858350276947,0.17853514850139618,0.08325068652629852,0.15635395874916835,0.031936127744510934,0.09414504324683959
all_462_final_model,snd,ory,snd->ory,1503,0.6686626746506986,0.8063872255489022,0.8469727212242182,0.7318251055491074,0.7530705332756042,0.1177925318479538,0.3559401333332062,0.1528240591287613,0.39713039994239807,0.9367930805056554,0.8962075848303394,0.9165003326679974,labse_baseline,1503,0.5948103792415169,0.7631403858948769,0.8157019294743846,0.6731479840159454,0.4949645698070526,0.1895805150270462,0.1755649447441101,0.12991361320018768,0.3193996250629425,0.791084497671324,0.884896872920825,0.8379906852960746,0.0738522954091817,0.043246839654025315,0.031270791749833604,0.05867712153316196,0.25810596346855164,0.18037518858909607,0.07773077487945557,0.1457085828343313,0.011310711909514382,0.07850964737192279
all_462_final_model,snd,pan,snd->pan,1503,0.6739853626081171,0.8143712574850299,0.8522954091816367,0.7387481429519995,0.7479546070098877,0.12600308656692505,0.3544175624847412,0.1489161252975464,0.3935370445251465,0.9248170326014638,0.9008649367930806,0.9128409846972722,labse_baseline,1503,0.6167664670658682,0.7811044577511643,0.8343313373253493,0.6926832783317465,0.49091196060180664,0.19483117759227753,0.17121507227420807,0.13244961202144623,0.31969688832759857,0.7904191616766467,0.8695941450432468,0.8300066533599468,0.057218895542248904,0.03326679973386559,0.017964071856287456,0.046064864620253054,0.25704264640808105,0.18320249021053314,0.07384015619754791,0.13439787092481703,0.031270791749833715,0.08283433133732532
all_462_final_model,snd,san,snd->san,1503,0.48769128409846974,0.6473719228210246,0.718562874251497,0.5658257806828798,0.716397762298584,0.13040678203105927,0.3571622669696808,0.16421978175640106,0.3592354953289032,0.9095143047238856,0.8602794411177644,0.8848968729208251,labse_baseline,1503,0.44644045242847635,0.6041250831669993,0.6706586826347305,0.5226033681875512,0.4598452150821686,0.18645882606506348,0.15404284000396729,0.13173642754554749,0.3058023750782013,0.7731204258150366,0.8709248170326015,0.8220226214238191,0.04125083166999338,0.043246839654025315,0.04790419161676651,0.043222412495328655,0.2565525472164154,0.2031194269657135,0.053433120250701904,0.13639387890884902,-0.010645375914837052,0.06287425149700598
all_462_final_model,snd,sat,snd->sat,1503,0.021290751829673986,0.1270791749833666,0.16300731869594146,0.10865206223459717,0.5951725244522095,0.15038350224494934,0.3542073667049408,0.18535766005516052,0.24096515774726868,0.7877578176979375,0.7345309381237525,0.761144377910845,labse_baseline,1503,0.005988023952095809,0.029940119760479042,0.044577511643379905,0.027393894231446694,0.1320510059595108,0.15459702908992767,0.05780508369207382,0.09658844023942947,0.07424592226743698,0.469061876247505,0.7504990019960079,0.6097804391217565,0.015302727877578177,0.09713905522288756,0.11842980705256155,0.08125816800315047,0.46312151849269867,0.296402283012867,0.1667192354798317,0.3186959414504325,-0.015968063872255467,0.1513639387890885
all_462_final_model,snd,tam,snd->tam,1503,0.5535595475715236,0.7212242182302062,0.7671324018629407,0.629892701936286,0.7139771580696106,0.13308581709861755,0.35861411690711975,0.1522485911846161,0.35536304116249084,0.9001996007984032,0.8689288090485695,0.8845642049234863,labse_baseline,1503,0.5429141716566867,0.7065868263473054,0.7524950099800399,0.6198541823525603,0.4668548107147217,0.19504399597644806,0.18056364357471466,0.12969855964183807,0.286291167140007,0.7704590818363274,0.863606121091151,0.8170326014637392,0.010645375914836941,0.014637391882900808,0.014637391882900808,0.010038519583725702,0.24712234735488892,0.1780504733324051,0.06907187402248383,0.12974051896207583,0.005322687957418526,0.06753160345974707
all_462_final_model,snd,tel,snd->tel,1503,0.6347305389221557,0.7771124417831005,0.8256819693945442,0.7029425089066151,0.7467342615127563,0.12512819468975067,0.363126277923584,0.15258440375328064,0.38360798358917236,0.9214903526280772,0.8902195608782435,0.9058549567531604,labse_baseline,1503,0.6027944111776448,0.7578176979374585,0.8077178975382568,0.6783449609308465,0.49673375487327576,0.19571533799171448,0.1852385699748993,0.134611114859581,0.31149518489837646,0.7817697937458417,0.8695941450432468,0.8256819693945443,0.031936127744510934,0.019294743845642004,0.017964071856287345,0.02459754797576863,0.2500005066394806,0.1778877079486847,0.0721127986907959,0.13972055888223556,0.020625415834996663,0.08017298735861611
all_462_final_model,snd,urd,snd->urd,1503,0.7012641383898869,0.8363273453093812,0.8769128409846972,0.7628495381930657,0.7628191113471985,0.11635640263557434,0.35958632826805115,0.15178382396697998,0.40323278307914734,0.9454424484364604,0.8988689288090486,0.9221556886227544,labse_baseline,1503,0.6500332667997338,0.7964071856287425,0.8356620093147039,0.7175735766228356,0.4943843185901642,0.19271527230739594,0.18195778131484985,0.13159272074699402,0.31242653727531433,0.7870924817032602,0.8715901530272788,0.8293413173652695,0.05123087159015305,0.03992015968063878,0.041250831669993326,0.04527596157023006,0.2684347927570343,0.1776285469532013,0.09080624580383301,0.15834996673320023,0.027278775781769737,0.09281437125748493
all_462_final_model,tam,asm,tam->asm,1503,0.7964071856287425,0.8888888888888888,0.9194943446440452,0.8393774873768796,0.803455114364624,0.11375822126865387,0.3743712604045868,0.14898565411567688,0.42908385396003723,0.9441117764471058,0.9201596806387226,0.9321357285429142,labse_baseline,1503,0.8143712574850299,0.9101796407185628,0.9394544244843646,0.8591448879656197,0.7121208310127258,0.1396973729133606,0.29343411326408386,0.12946003675460815,0.41868671774864197,0.9135063206919495,0.9308050565535595,0.9221556886227544,-0.017964071856287456,-0.021290751829673993,-0.019960079840319334,-0.019767400588740158,0.0913342833518982,0.08093714714050293,0.010397136211395264,0.030605455755156274,-0.010645375914836941,0.009980039920159722
all_462_final_model,tam,ben,tam->ben,1503,0.8423153692614771,0.9128409846972722,0.9394544244843646,0.8786897093719698,0.8286809921264648,0.11130008101463318,0.37640973925590515,0.14873138070106506,0.4522712528705597,0.9554224883566201,0.9341317365269461,0.9447771124417832,labse_baseline,1503,0.8809048569527611,0.9481037924151696,0.9627411842980705,0.912464583800311,0.7831429243087769,0.12486056238412857,0.36197564005851746,0.12303712964057922,0.4211672842502594,0.9261477045908184,0.9374584165003327,0.9318030605455756,-0.03858948769128401,-0.03526280771789747,-0.02328675981370598,-0.03377487442834126,0.04553806781768799,0.014434099197387695,0.031103968620300293,0.029274783765801726,-0.003326679973386537,0.012974051896207595
all_462_final_model,tam,brx,tam->brx,1503,0.27012641383898867,0.4111776447105788,0.479707252162342,0.3433338512338173,0.6293138265609741,0.13632334768772125,0.34011203050613403,0.15591062605381012,0.2892017960548401,0.8556220891550232,0.8210246174318031,0.8383233532934131,labse_baseline,1503,0.1377245508982036,0.23020625415834997,0.2754491017964072,0.18732848550861347,0.23680610954761505,0.16852083802223206,0.08903755992650986,0.10539938509464264,0.1477685496211052,0.6127744510978044,0.7924151696606786,0.7025948103792414,0.13240186294078507,0.18097139055222886,0.2042581503659348,0.15600536572520385,0.39250771701335907,0.2510744705796242,0.1414332464337349,0.24284763805721887,0.028609447771124508,0.1357285429141717
all_462_final_model,tam,doi,tam->doi,1503,0.6360612109115104,0.7844311377245509,0.83166999334664,0.7039222440618929,0.7441274523735046,0.12969081103801727,0.3626590073108673,0.15182077884674072,0.38146844506263733,0.9101796407185628,0.8882235528942116,0.8992015968063872,labse_baseline,1503,0.5741849634065203,0.7245508982035929,0.7651363938789089,0.643505531585669,0.5489510893821716,0.18281181156635284,0.21362821757793427,0.13377924263477325,0.33532287180423737,0.8137059214903526,0.8962075848303394,0.8549567531603459,0.0618762475049901,0.059880239520958,0.06653359946773119,0.06041671247622382,0.195176362991333,0.14903078973293304,0.04614557325839996,0.09647371922821024,-0.007984031936127733,0.04424484364604131
all_462_final_model,tam,guj,tam->guj,1503,0.8236859614105123,0.916833000665336,0.9341317365269461,0.8648064442976413,0.8241441249847412,0.11321619898080826,0.37938347458839417,0.14895181357860565,0.44476065039634705,0.9474384564204924,0.9308050565535595,0.939121756487026,labse_baseline,1503,0.8729208250166334,0.9447771124417831,0.9600798403193613,0.905000159575915,0.7816457152366638,0.12624754011631012,0.37363776564598083,0.12046036869287491,0.408007949590683,0.9301397205588823,0.9434464404524284,0.9367930805056554,-0.04923486360612106,-0.027944111776447067,-0.02594810379241519,-0.040193715278273645,0.04249840974807739,0.00574570894241333,0.03675270080566406,0.017298735861610126,-0.01264138389886893,0.0023286759813706537
all_462_final_model,tam,hin,tam->hin,1503,0.8403193612774451,0.927478376580173,0.9447771124417831,0.8799527088956702,0.8320305943489075,0.11023437231779099,0.3784826993942261,0.1492101103067398,0.4535478949546814,0.9527611443779108,0.9308050565535595,0.9417831004657351,labse_baseline,1503,0.8795741849634066,0.9500998003992016,0.9654025282767797,0.9118148177509353,0.7887157201766968,0.12460912764072418,0.3843144476413727,0.12059421092271805,0.4044012725353241,0.9301397205588823,0.9387890884896873,0.9344644045242848,-0.03925482368596145,-0.022621423819028652,-0.020625415834996663,-0.03186210885526508,0.04331487417221069,-0.0058317482471466064,0.0491466224193573,0.02262142381902854,-0.007984031936127844,0.007318695941450293
all_462_final_model,tam,kan,tam->kan,1503,0.7797737857618097,0.8908848968729208,0.9201596806387226,0.8307853215440918,0.8102333545684814,0.12129033356904984,0.37347695231437683,0.1498098224401474,0.4367564022541046,0.9401197604790419,0.9221556886227545,0.9311377245508983,labse_baseline,1503,0.8070525615435795,0.9001996007984032,0.9221556886227545,0.8507568303663565,0.7288905382156372,0.15442122519016266,0.3079831898212433,0.13373792171478271,0.4209073483943939,0.8962075848303394,0.9254823685961411,0.9108449767132403,-0.02727877578176985,-0.009314703925482393,-0.001996007984031989,-0.019971508822264727,0.08134281635284424,0.06549376249313354,0.015849053859710693,0.043912175648702534,-0.003326679973386537,0.020292747837658
all_462_final_model,tam,kas,tam->kas,1503,0.3759148369926813,0.5269461077844312,0.582168995342648,0.4483331563967929,0.6561275720596313,0.14020219445228577,0.3522370457649231,0.15580181777477264,0.30389052629470825,0.8642714570858283,0.8223552894211577,0.843313373253493,labse_baseline,1503,0.29141716566866266,0.42381902860944776,0.479707252162342,0.3561151329102314,0.33338072896003723,0.19876603782176971,0.10859991610050201,0.1258229911327362,0.22478081285953522,0.6932801064537591,0.8110445775116434,0.7521623419827013,0.08449767132401864,0.10312707917498343,0.10246174318030599,0.0922180234865615,0.3227468430995941,0.24363712966442108,0.07910971343517303,0.17099135063206916,0.01131071190951427,0.09115103127079172
all_462_final_model,tam,gom,tam->gom,1503,0.603459747172322,0.7651363938789089,0.8043912175648703,0.6762350461658341,0.7347138524055481,0.13183371722698212,0.35835644602775574,0.1514023393392563,0.37635740637779236,0.9041916167664671,0.8809048569527611,0.892548236859614,labse_baseline,1503,0.550232867598137,0.7052561543579507,0.7531603459747173,0.622426581443889,0.5392951369285583,0.1911773681640625,0.20061776041984558,0.14201012253761292,0.33867737650871277,0.8143712574850299,0.8782435129740519,0.8463073852295409,0.05322687957418493,0.05988023952095811,0.05123087159015305,0.053808464721945115,0.19541871547698975,0.15773868560791016,0.03768002986907959,0.08982035928143717,0.0026613439787092075,0.04624085163007319
all_462_final_model,tam,mai,tam->mai,1503,0.688622754491018,0.8110445775116434,0.8556220891550232,0.7470361924868876,0.7548815011978149,0.12663911283016205,0.3690747618675232,0.15351256728172302,0.38580673933029175,0.9214903526280772,0.8822355289421158,0.9018629407850964,labse_baseline,1503,0.688622754491018,0.8223552894211577,0.8682634730538922,0.7513699376611922,0.6108816862106323,0.15927506983280182,0.2584289312362671,0.13091415166854858,0.35245275497436523,0.8522954091816367,0.9015302727877578,0.8769128409846972,0.0,-0.01131071190951427,-0.01264138389886893,-0.004333745174304626,0.14399981498718262,0.1106458306312561,0.033353984355926514,0.0691949434464405,-0.019294743845642004,0.024950099800399195
all_462_final_model,tam,mal,tam->mal,1503,0.8137059214903526,0.9101796407185628,0.9288090485695276,0.8565437705432202,0.8233613967895508,0.11572547256946564,0.37367773056030273,0.1489330381155014,0.44968366622924805,0.9461077844311377,0.9208250166333999,0.9334664005322688,labse_baseline,1503,0.8456420492348636,0.9334664005322688,0.9567531603459747,0.8862323644878625,0.7736926674842834,0.1322537064552307,0.3347581624984741,0.12654951214790344,0.4389345049858093,0.9328010645375915,0.9454424484364604,0.939121756487026,-0.031936127744511045,-0.02328675981370598,-0.027944111776447067,-0.029688593944642294,0.049668729305267334,0.03891956806182861,0.01074916124343872,0.01330671989354626,-0.02461743180306053,-0.005655355954757191
all_462_final_model,tam,mni,tam->mni,1503,0.01929474384564205,0.10113107119095142,0.14171656686626746,0.08741808018292493,0.5604070425033569,0.13374178111553192,0.35453280806541443,0.17065510153770447,0.2058742344379425,0.7904191616766467,0.7351962741184298,0.7628077178975383,labse_baseline,1503,0.005988023952095809,0.021956087824351298,0.03592814371257485,0.020978474322191833,0.05722564086318016,0.1322687864303589,0.009601522237062454,0.08813617378473282,0.047624118626117706,0.4717232202262142,0.6620093147039254,0.5668662674650699,0.01330671989354624,0.07917498336660013,0.1057884231536926,0.06643960586073311,0.5031814016401768,0.344931285828352,0.1582501158118248,0.3186959414504325,0.07318695941450437,0.19594145043246847
all_462_final_model,tam,mar,tam->mar,1503,0.8356620093147039,0.9121756487025948,0.9334664005322688,0.8711496329183105,0.8251623511314392,0.1137712150812149,0.3780660629272461,0.14767321944236755,0.4470962882041931,0.9481037924151696,0.9328010645375915,0.9404524284763806,labse_baseline,1503,0.8695941450432468,0.9421157684630739,0.9580838323353293,0.9022600739898351,0.7819600105285645,0.12575407326221466,0.3653743863105774,0.12146049737930298,0.41658562421798706,0.9221556886227545,0.936127744510978,0.9291417165668663,-0.03393213572854292,-0.029940119760479056,-0.02461743180306053,-0.031110441071524608,0.043202340602874756,0.012691676616668701,0.030510663986206055,0.025948103792415078,-0.003326679973386537,0.01131071190951427
all_462_final_model,tam,npi,tam->npi,1503,0.8369926813040586,0.916833000665336,0.9354624085163007,0.8750777075705412,0.8250473141670227,0.11286761611700058,0.37815889716148376,0.1473865956068039,0.44688841700553894,0.9474384564204924,0.9328010645375915,0.9401197604790419,labse_baseline,1503,0.865602129075183,0.9507651363938789,0.9634065202927479,0.9037881476088465,0.7802532911300659,0.12730422616004944,0.36394941806793213,0.1214587539434433,0.4163038730621338,0.9248170326014638,0.9461077844311377,0.9354624085163008,-0.028609447771124397,-0.03393213572854292,-0.027944111776447178,-0.028710440038305363,0.04479402303695679,0.014209479093551636,0.03058454394340515,0.022621423819028652,-0.01330671989354626,0.004657351962741085
all_462_final_model,tam,ory,tam->ory,1503,0.8137059214903526,0.9174983366600133,0.93812375249501,0.8591029355149951,0.821123480796814,0.11422087252140045,0.3726229965686798,0.1490253061056137,0.44850048422813416,0.9474384564204924,0.9321357285429142,0.9397870924817033,labse_baseline,1503,0.8516300731869594,0.9354624085163007,0.9607451763140386,0.889600131020662,0.7665046453475952,0.1309594064950943,0.34040558338165283,0.12297328561544418,0.4260990619659424,0.9261477045908184,0.9414504324683965,0.9337990685296075,-0.03792415169660679,-0.017964071856287345,-0.02262142381902854,-0.030497195505666985,0.05461883544921875,0.03221741318702698,0.022401422262191772,0.021290751829673993,-0.009314703925482393,0.005988023952095856
all_462_final_model,tam,pan,tam->pan,1503,0.8190286094477711,0.8995342648037259,0.9254823685961411,0.8575904515085618,0.8038901686668396,0.12142688035964966,0.37035855650901794,0.14652609825134277,0.43353161215782166,0.9334664005322688,0.9248170326014638,0.9291417165668663,labse_baseline,1503,0.846307385229541,0.9328010645375915,0.9507651363938789,0.8857884298437895,0.7543075680732727,0.1359587013721466,0.3442349433898926,0.1242818757891655,0.4100726246833801,0.916833000665336,0.9414504324683965,0.9291417165668663,-0.02727877578176985,-0.03326679973386559,-0.02528276779773786,-0.028197978335227636,0.049582600593566895,0.026123613119125366,0.02345898747444153,0.016633399866932796,-0.016633399866932796,0.0
all_462_final_model,tam,san,tam->san,1503,0.5901530272787758,0.7418496340652029,0.7944111776447106,0.6619748256663291,0.7193151712417603,0.12907512485980988,0.36130157113075256,0.15413114428520203,0.3580136001110077,0.9035262807717898,0.8689288090485695,0.8862275449101796,labse_baseline,1503,0.47837658017298734,0.6407185628742516,0.6926147704590818,0.553998223223799,0.4741886556148529,0.1809622049331665,0.1816340535879135,0.13099275529384613,0.2925546020269394,0.7884231536926147,0.8629407850964738,0.8256819693945443,0.11177644710578849,0.10113107119095133,0.10179640718562877,0.10797660244253016,0.24512651562690735,0.17966751754283905,0.0654589980840683,0.11510312707917503,0.0059880239520957446,0.06054557551563533
all_462_final_model,tam,sat,tam->sat,1503,0.02262142381902861,0.10246174318030606,0.13972055888223553,0.09793107502551264,0.5602778792381287,0.14567843079566956,0.3529590368270874,0.17071771621704102,0.20731884241104126,0.7604790419161677,0.7425149700598802,0.7514970059880239,labse_baseline,1503,0.00332667997338656,0.021956087824351298,0.03127079174983367,0.018674378076573392,0.06028551608324051,0.12681135535240173,0.013480701483786106,0.08089755475521088,0.0468048145994544,0.4524284763805722,0.6739853626081171,0.5632069194943446,0.01929474384564205,0.08050565535595476,0.10844976713240187,0.07925669694893925,0.49999236315488815,0.3394783353433013,0.16051402781158686,0.30805056553559546,0.06852960745176306,0.1882900864936793
all_462_final_model,tam,snd,tam->snd,1503,0.550232867598137,0.7072521623419827,0.7604790419161677,0.6249347879452486,0.7139771580696106,0.13308581709861755,0.3588269352912903,0.1497085690498352,0.3551502227783203,0.8995342648037259,0.867598137059215,0.8835662009314704,labse_baseline,1503,0.4431137724550898,0.5968063872255489,0.6553559547571524,0.5147664672025117,0.4668548107147217,0.19504399597644806,0.17908474802970886,0.1305919736623764,0.2877700626850128,0.7717897538256819,0.8562874251497006,0.8140385894876913,0.10711909514304724,0.11044577511643383,0.1051230871590153,0.11016832074273686,0.24712234735488892,0.17974218726158142,0.0673801600933075,0.12774451097804396,0.011310711909514382,0.06952761144377917
all_462_final_model,tam,tel,tam->tel,1503,0.844311377245509,0.9314703925482368,0.9540918163672655,0.8839316346137449,0.837392270565033,0.10776081681251526,0.38116395473480225,0.14920353889465332,0.4562283158302307,0.9600798403193613,0.9281437125748503,0.9441117764471059,labse_baseline,1503,0.8749168330006654,0.948769128409847,0.9647371922821024,0.9095344283743957,0.7894700765609741,0.12476566433906555,0.3547340929508209,0.1256990283727646,0.4347359836101532,0.9341317365269461,0.9481037924151696,0.9411177644710579,-0.030605455755156386,-0.017298735861610126,-0.010645375914836941,-0.025602793760650777,0.04792219400405884,0.026429861783981323,0.021492332220077515,0.02594810379241519,-0.019960079840319334,0.0029940119760479833
all_462_final_model,tam,urd,tam->urd,1503,0.8323353293413174,0.9194943446440452,0.9401197604790419,0.8721170376084183,0.8276317119598389,0.11029050499200821,0.3767170310020447,0.149704247713089,0.4509146809577942,0.9507651363938789,0.9288090485695276,0.9397870924817033,labse_baseline,1503,0.8749168330006654,0.9434464404524284,0.9600798403193613,0.9053973934295183,0.7846515774726868,0.12522144615650177,0.3698524534702301,0.12048450857400894,0.41479912400245667,0.927478376580173,0.9421157684630739,0.9347970725216235,-0.042581503659347986,-0.0239520958083832,-0.019960079840319445,-0.033280355821100005,0.0429801344871521,0.006864577531814575,0.036115556955337524,0.02328675981370598,-0.01330671989354626,0.004990019960079861
all_462_final_model,tel,asm,tel->asm,1503,0.8802395209580839,0.9554224883566201,0.9700598802395209,0.9139504407345177,0.8493833541870117,0.09386075288057327,0.3760152757167816,0.1475953757762909,0.4733680784702301,0.9700598802395209,0.9401197604790419,0.9550898203592815,labse_baseline,1503,0.8902195608782435,0.9567531603459747,0.9680638722554891,0.9208064963139707,0.7610375881195068,0.12597092986106873,0.29384511709213257,0.1271105259656906,0.46719247102737427,0.9520958083832335,0.9547571523619428,0.9534264803725881,-0.009980039920159611,-0.0013306719893545482,0.001996007984031878,-0.006856055579453013,0.08834576606750488,0.08217015862464905,0.006175607442855835,0.017964071856287456,-0.014637391882900919,0.001663339986693324
all_462_final_model,tel,ben,tel->ben,1503,0.9194943446440452,0.9720558882235529,0.9846972721224219,0.9458879209316214,0.8741264343261719,0.08229734003543854,0.3791845738887787,0.14762932062149048,0.4949418604373932,0.9846972721224219,0.9494344644045243,0.9670658682634731,labse_baseline,1503,0.9334664005322688,0.978709248170326,0.9893546240851631,0.9554909021136404,0.8327030539512634,0.10032966732978821,0.3631327748298645,0.1209293082356453,0.4695702791213989,0.9713905522288756,0.9600798403193613,0.9657351962741185,-0.013972055888223589,-0.006653359946773074,-0.004657351962741196,-0.009602981182018966,0.04142338037490845,0.016051799058914185,0.025371581315994263,0.01330671989354626,-0.010645375914837052,0.0013306719893545482
all_462_final_model,tel,brx,tel->brx,1503,0.3013972055888224,0.44843646041250834,0.5242847638057219,0.377080560037739,0.6529582142829895,0.12730439007282257,0.34358176589012146,0.15658508241176605,0.30937644839286804,0.8915502328675982,0.8349966733200266,0.8632734530938124,labse_baseline,1503,0.1437125748502994,0.24750499001996007,0.29208250166334,0.1955728116131181,0.24407830834388733,0.17467373609542847,0.09033506363630295,0.1032441258430481,0.15374324470758438,0.6194278110445776,0.7997338656021291,0.7095808383233533,0.15768463073852299,0.20093147039254827,0.23220226214238188,0.1815077484246209,0.4088799059391022,0.2532467022538185,0.15563320368528366,0.2721224218230206,0.03526280771789747,0.15369261477045915
all_462_final_model,tel,doi,tel->doi,1503,0.7451763140385895,0.8622754491017964,0.9048569527611444,0.8043189687948714,0.7886725068092346,0.11647562682628632,0.36655864119529724,0.15167033672332764,0.4221138656139374,0.9447771124417831,0.9135063206919495,0.9291417165668663,labse_baseline,1503,0.6453759148369926,0.7877578176979375,0.8343313373253493,0.7124527179826863,0.5922307968139648,0.18325670063495636,0.21699175238609314,0.13277412950992584,0.3752390444278717,0.8323353293413174,0.9095143047238856,0.8709248170326015,0.09980039920159689,0.07451763140385892,0.07052561543579516,0.09186625081218514,0.19644170999526978,0.1495668888092041,0.046874821186065674,0.11244178310046571,0.003992015968063867,0.05821689953426479
all_462_final_model,tel,guj,tel->guj,1503,0.9015302727877578,0.9614105123087159,0.9747172322022621,0.9302655127366086,0.8708005547523499,0.09154630452394485,0.38118651509284973,0.14785513281822205,0.4896140396595001,0.9727212242182302,0.948769128409847,0.9607451763140386,labse_baseline,1503,0.9234863606121091,0.9760479041916168,0.9833666001330672,0.9466567421649913,0.8326460719108582,0.1065584048628807,0.37583184242248535,0.11784036457538605,0.4568142294883728,0.9667332002661344,0.9667332002661344,0.9667332002661344,-0.021956087824351322,-0.014637391882900919,-0.008649367930805063,-0.01639122942838267,0.0381544828414917,0.00535467267036438,0.03279981017112732,0.0059880239520957446,-0.017964071856287456,-0.005988023952095856
all_462_final_model,tel,hin,tel->hin,1503,0.9194943446440452,0.9767132401862941,0.9860279441117764,0.94681204963639,0.8765808343887329,0.08404728025197983,0.38097384572029114,0.14697888493537903,0.4956069886684418,0.9866932801064537,0.9527611443779108,0.9697272122421823,labse_baseline,1503,0.9268130405854956,0.9753825681969395,0.9873586161011311,0.9503725952477323,0.8340977430343628,0.10554661601781845,0.38535088300704956,0.11577844619750977,0.44874686002731323,0.9600798403193613,0.9660678642714571,0.9630738522954092,-0.007318695941450404,0.0013306719893546592,-0.0013306719893546592,-0.003560545611342336,0.04248309135437012,-0.004377037286758423,0.04686012864112854,0.026613439787092408,-0.01330671989354626,0.006653359946773074
all_462_final_model,tel,kan,tel->kan,1503,0.8596141051230871,0.9401197604790419,0.959414504324684,0.8980479142697632,0.849004864692688,0.10066400468349457,0.37711116671562195,0.14969076216220856,0.47189369797706604,0.9693945442448436,0.9387890884896873,0.9540918163672655,labse_baseline,1503,0.8702594810379242,0.9414504324683965,0.957418496340652,0.9039335849558678,0.773101806640625,0.1356576830148697,0.31206247210502625,0.13410815596580505,0.46103933453559875,0.9328010645375915,0.9481037924151696,0.9404524284763806,-0.010645375914837052,-0.0013306719893546592,0.001996007984031989,-0.005885670686104683,0.07590305805206299,0.0650486946105957,0.010854363441467285,0.03659347970725213,-0.009314703925482282,0.013639387890884924
all_462_final_model,tel,kas,tel->kas,1503,0.45442448436460414,0.6147704590818364,0.6753160345974717,0.529928743586311,0.6911082863807678,0.13029737770557404,0.35502415895462036,0.15661659836769104,0.33608412742614746,0.8915502328675982,0.8456420492348636,0.8685961410512308,labse_baseline,1503,0.3439787092481703,0.47704590818363274,0.5342648037258816,0.4091367128564796,0.36012083292007446,0.2027420550584793,0.10995656251907349,0.1223941221833229,0.250164270401001,0.720558882235529,0.8356620093147039,0.7781104457751165,0.11044577511643383,0.13772455089820362,0.1410512308715901,0.12079203072983141,0.33098745346069336,0.24506759643554688,0.08591985702514648,0.17099135063206916,0.009980039920159722,0.09048569527611439
all_462_final_model,tel,gom,tel->gom,1503,0.7159015302727878,0.854956753160346,0.8995342648037259,0.7822416092495189,0.779475212097168,0.11188486963510513,0.36307817697525024,0.1512909233570099,0.4163970351219177,0.9494344644045243,0.9095143047238856,0.929474384564205,labse_baseline,1503,0.6487025948103793,0.7737857618097139,0.8216899534264803,0.7099291523599347,0.584547221660614,0.18675513565540314,0.20456936955451965,0.14156323671340942,0.37997785210609436,0.8449767132401863,0.89354624085163,0.8692614770459082,0.06719893546240852,0.0811709913506321,0.07784431137724557,0.07231245688958421,0.19492799043655396,0.1585088074207306,0.036419183015823364,0.10445775116433798,0.015968063872255578,0.06021290751829678
all_462_final_model,tel,mai,tel->mai,1503,0.7797737857618097,0.8882235528942116,0.9174983366600133,0.8299087237503908,0.7952175140380859,0.11158057302236557,0.37164822220802307,0.15401527285575867,0.42356929183006287,0.9507651363938789,0.908183632734531,0.929474384564205,labse_baseline,1503,0.7644710578842315,0.8802395209580839,0.9128409846972722,0.8168376131589611,0.6541625261306763,0.15757949650287628,0.25993049144744873,0.1324109137058258,0.39423203468322754,0.8822355289421158,0.9161676646706587,0.8992015968063872,0.015302727877578137,0.007984031936127733,0.004657351962741196,0.013071110591429735,0.14105498790740967,0.11171773076057434,0.029337257146835327,0.06852960745176317,-0.007984031936127733,0.03027278775781772
all_462_final_model,tel,mal,tel->mal,1503,0.8815701929474384,0.9547571523619428,0.9693945442448436,0.9153558216110668,0.8598781228065491,0.09513196349143982,0.3769727945327759,0.14919696748256683,0.4829053282737732,0.9733865602129075,0.9467731204258151,0.9600798403193613,labse_baseline,1503,0.895542248835662,0.9600798403193613,0.9747172322022621,0.9260860714573862,0.810897707939148,0.11749418079853058,0.33678877353668213,0.12321175634860992,0.4741089344024658,0.9540918163672655,0.9614105123087159,0.9577511643379907,-0.013972055888223589,-0.005322687957418526,-0.005322687957418526,-0.010730249846319428,0.04898041486740112,0.04018402099609375,0.008796393871307373,0.019294743845642004,-0.014637391882900808,0.0023286759813706537
all_462_final_model,tel,mni,tel->mni,1503,0.031936127744510975,0.13572854291417166,0.18429807052561545,0.11039544841674821,0.5869329571723938,0.12173120677471161,0.3578750789165497,0.16900479793548584,0.22905787825584412,0.8290086493679308,0.7598137059214903,0.7944111776447106,labse_baseline,1503,0.00332667997338656,0.028609447771124417,0.04125083166999335,0.02131887081434959,0.06385933607816696,0.13559964299201965,0.009183971211314201,0.08739481121301651,0.05467536486685276,0.4637391882900865,0.6946107784431138,0.5791749833666001,0.028609447771124414,0.10711909514304724,0.1430472388556221,0.08907657760239862,0.5230736210942268,0.3486911077052355,0.17438251338899136,0.36526946107784436,0.06520292747837653,0.21523619427811047
all_462_final_model,tel,mar,tel->mar,1503,0.9021956087824351,0.9687292082501663,0.9793745841650033,0.9316555014503821,0.8710413575172424,0.08894313126802444,0.3805783689022064,0.14710049331188202,0.490462988615036,0.9760479041916168,0.9461077844311377,0.9610778443113772,labse_baseline,1503,0.9214903526280772,0.9733865602129075,0.9846972721224219,0.9464188942369649,0.832562267780304,0.10522350668907166,0.3666613698005676,0.11802606284618378,0.46590089797973633,0.9647371922821024,0.9600798403193613,0.9624085163007319,-0.019294743845642115,-0.004657351962741196,-0.005322687957418526,-0.014763392786582785,0.03847908973693848,0.013916999101638794,0.024562090635299683,0.011310711909514382,-0.013972055888223589,-0.0013306719893546592
all_462_final_model,tel,npi,tel->npi,1503,0.9194943446440452,0.9747172322022621,0.9846972721224219,0.9454699564751009,0.8742698431015015,0.08627520501613617,0.379668265581131,0.14607007801532745,0.4946015775203705,0.9827012641383899,0.9547571523619428,0.9687292082501664,labse_baseline,1503,0.9347970725216235,0.9773785761809713,0.9866932801064537,0.9545241244956797,0.8344005346298218,0.10694228112697601,0.3656216263771057,0.11813342571258545,0.46877890825271606,0.9600798403193613,0.9680638722554891,0.9640718562874252,-0.015302727877578248,-0.0026613439787092075,-0.001996007984031878,-0.00905416802057879,0.03986930847167969,0.014046639204025269,0.02582266926765442,0.02262142381902854,-0.01330671989354626,0.004657351962741196
all_462_final_model,tel,ory,tel->ory,1503,0.9128409846972722,0.9660678642714571,0.9780439121756487,0.9380439151134873,0.8658736944198608,0.08928094059228897,0.37503060698509216,0.14851506054401398,0.4908430874347687,0.9793745841650033,0.9494344644045243,0.9644045242847639,labse_baseline,1503,0.9161676646706587,0.9713905522288756,0.9820359281437125,0.9433625429337604,0.8132564425468445,0.11322898417711258,0.34156864881515503,0.11964467912912369,0.47168779373168945,0.9580838323353293,0.9634065202927479,0.9607451763140387,-0.003326679973386537,-0.005322687957418526,-0.003992015968063867,-0.005318627820273147,0.05261725187301636,0.033461958169937134,0.019155293703079224,0.021290751829673993,-0.013972055888223589,0.003659347970725202
all_462_final_model,tel,pan,tel->pan,1503,0.8822355289421158,0.9600798403193613,0.9767132401862941,0.9185619850295013,0.8476464152336121,0.0994468554854393,0.3725418746471405,0.1468195617198944,0.47510454058647156,0.9693945442448436,0.9434464404524284,0.956420492348636,labse_baseline,1503,0.908183632734531,0.9647371922821024,0.9820359281437125,0.9357541195243287,0.8007742762565613,0.11970426887273788,0.34541553258895874,0.12150698155164719,0.45535874366760254,0.9507651363938789,0.9627411842980705,0.9567531603459747,-0.02594810379241519,-0.004657351962741085,-0.005322687957418415,-0.017192134494827482,0.04687213897705078,0.027126342058181763,0.01974579691886902,0.018629407850964674,-0.019294743845642115,-0.0003326679973386648
all_462_final_model,tel,san,tel->san,1503,0.6799733865602129,0.8203592814371258,0.874251497005988,0.7473523904299176,0.7562769055366516,0.12008507549762726,0.36425960063934326,0.15508228540420532,0.39201730489730835,0.9301397205588823,0.8902195608782435,0.9101796407185629,labse_baseline,1503,0.5402528276779773,0.6979374584165003,0.7531603459747173,0.6147375406876466,0.5086466670036316,0.18291382491588593,0.18400731682777405,0.1307535171508789,0.32463935017585754,0.8083832335329342,0.8888888888888888,0.8486360612109115,0.13972055888223556,0.12242182302062543,0.12109115103127077,0.132614849742271,0.24763023853302002,0.1802522838115692,0.0673779547214508,0.1217564870259481,0.0013306719893546592,0.061543579507651436
all_462_final_model,tel,sat,tel->sat,1503,0.028609447771124417,0.13439787092481703,0.17298735861610112,0.11940414901296713,0.5830848217010498,0.1338362991809845,0.3560919463634491,0.17196229100227356,0.2269928753376007,0.8110445775116434,0.7518296739853626,0.781437125748503,labse_baseline,1503,0.003992015968063872,0.023952095808383235,0.0332667997338656,0.022665392815686112,0.06660613417625427,0.13116031885147095,0.013277317397296429,0.08039701730012894,0.053328816778957844,0.43779108449767135,0.7072521623419827,0.572521623419827,0.024617431803060544,0.1104457751164338,0.13972055888223553,0.09673875619728102,0.5164786875247955,0.34281462896615267,0.17366405855864286,0.37325349301397204,0.044577511643379863,0.20891550232867595
all_462_final_model,tel,snd,tel->snd,1503,0.6254158349966733,0.780439121756487,0.83166999334664,0.698184097967966,0.7467342615127563,0.12512819468975067,0.3610277473926544,0.15033583343029022,0.38570651412010193,0.9241516966067864,0.8882235528942116,0.906187624750499,labse_baseline,1503,0.49700598802395207,0.6420492348636061,0.699268130405855,0.567801596947852,0.49673375487327576,0.19571533799171448,0.17944470047950745,0.1305662989616394,0.3172890543937683,0.7870924817032602,0.8775781769793746,0.8323353293413174,0.12840984697272123,0.1383898868928809,0.13240186294078504,0.13038250102011395,0.2500005066394806,0.18158304691314697,0.06841745972633362,0.13705921490352624,0.010645375914837052,0.07385229540918159
all_462_final_model,tel,tam,tel->tam,1503,0.844311377245509,0.9288090485695276,0.9474384564204924,0.8832259573479463,0.837392270565033,0.10776081681251526,0.3782552182674408,0.14851213991641998,0.45913705229759216,0.9600798403193613,0.93812375249501,0.9491017964071857,labse_baseline,1503,0.8789088489687292,0.9454424484364604,0.9634065202927479,0.9108851500522307,0.7894700765609741,0.12476566433906555,0.35180923342704773,0.1196509450674057,0.4376608431339264,0.9354624085163007,0.9547571523619428,0.9451097804391217,-0.03459747172322025,-0.016633399866932796,-0.015968063872255467,-0.027659192704284408,0.04792219400405884,0.026445984840393066,0.02147620916366577,0.02461743180306064,-0.016633399866932796,0.003992015968063978
all_462_final_model,tel,urd,tel->urd,1503,0.9161676646706587,0.9733865602129075,0.9840319361277445,0.9431213103091635,0.8736014366149902,0.08439526706933975,0.3786020576953888,0.14793513715267181,0.49499937891960144,0.9840319361277445,0.9481037924151696,0.9660678642714571,labse_baseline,1503,0.9341317365269461,0.9773785761809713,0.9873586161011311,0.9540670044591215,0.8339799642562866,0.10563331842422485,0.37106987833976746,0.11676840484142303,0.46291008591651917,0.9640718562874252,0.9693945442448436,0.9667332002661344,-0.017964071856287456,-0.003992015968063867,-0.003326679973386537,-0.010945694149958052,0.03962147235870361,0.007532179355621338,0.032089293003082275,0.019960079840319334,-0.021290751829673993,-0.0006653359946773296
all_462_final_model,urd,asm,urd->asm,1503,0.9228210246174318,0.9727212242182302,0.9800399201596807,0.9458500224241473,0.8738489151000977,0.0840192511677742,0.3744294345378876,0.1495872437953949,0.4994194805622101,0.9840319361277445,0.9447771124417831,0.9644045242847639,labse_baseline,1503,0.9174983366600133,0.9740518962075848,0.9840319361277445,0.9419568517737404,0.7881056666374207,0.11617913842201233,0.304728627204895,0.12782204151153564,0.48337703943252563,0.9673985362608117,0.9627411842980705,0.9650698602794412,0.005322687957418415,-0.0013306719893546592,-0.003992015968063867,0.003893170650406841,0.085743248462677,0.06970080733299255,0.016042441129684448,0.016633399866932796,-0.017964071856287456,-0.0006653359946773296
all_462_final_model,urd,ben,urd->ben,1503,0.9467731204258151,0.9840319361277445,0.9906852960745176,0.9644292321490525,0.8959183692932129,0.07619186490774155,0.37769731879234314,0.14805269241333008,0.5182210505008698,0.9900199600798403,0.9560878243512974,0.9730538922155688,labse_baseline,1503,0.957418496340652,0.9893546240851631,0.9933466400532269,0.9720893193905306,0.8652986884117126,0.090615414083004,0.382546991109848,0.11883485317230225,0.4827516973018646,0.9767132401862941,0.9667332002661344,0.9717232202262143,-0.010645375914836941,-0.005322687957418526,-0.0026613439787093185,-0.007660087241478042,0.030619680881500244,-0.004849672317504883,0.03546935319900513,0.013306719893546148,-0.010645375914837052,0.0013306719893545482
all_462_final_model,urd,brx,urd->brx,1503,0.32202262142381904,0.48769128409846974,0.5608782435129741,0.40483954439392683,0.6592075228691101,0.11875269562005997,0.34010493755340576,0.1583259403705597,0.31910258531570435,0.9048569527611444,0.8396540252827678,0.872255489021956,labse_baseline,1503,0.13572854291417166,0.23486360612109114,0.28077178975382566,0.18661202737440247,0.22804886102676392,0.16879934072494507,0.08210671693086624,0.101900115609169,0.14594214409589767,0.6180971390552229,0.7811044577511643,0.6996007984031936,0.18629407850964738,0.2528276779773786,0.28010645375914844,0.21822751701952436,0.4311586618423462,0.2579982206225395,0.17316044121980667,0.2867598137059215,0.05854956753160345,0.17265469061876249
all_462_final_model,urd,doi,urd->doi,1503,0.8150365934797072,0.927478376580173,0.9507651363938789,0.8656146462491783,0.8111899495124817,0.10484118014574051,0.36443373560905457,0.15355999767780304,0.4467562139034271,0.9634065202927479,0.9288090485695276,0.9461077844311377,labse_baseline,1503,0.6793080505655356,0.8150365934797072,0.8449767132401863,0.7394264010473504,0.6022721529006958,0.1808912456035614,0.21856141090393066,0.1347070336341858,0.38371074199676514,0.8409846972721224,0.9135063206919495,0.8772455089820359,0.1357285429141717,0.11244178310046571,0.10578842315369263,0.12618824520182792,0.2089177966117859,0.1458723247051239,0.06304547190666199,0.12242182302062543,0.015302727877578137,0.06886227544910184
all_462_final_model,urd,guj,urd->guj,1503,0.9507651363938789,0.9833666001330672,0.9886892880904857,0.9650961781603556,0.9059460759162903,0.07737283408641815,0.38076192140579224,0.14931611716747284,0.525184154510498,0.9827012641383899,0.957418496340652,0.9700598802395209,labse_baseline,1503,0.957418496340652,0.9880239520958084,0.9913506320691949,0.9707249691163586,0.8825376629829407,0.08907174319028854,0.3982207179069519,0.11560039967298508,0.48431694507598877,0.9793745841650033,0.9747172322022621,0.9770459081836327,-0.006653359946773074,-0.004657351962741196,-0.0026613439787092075,-0.005628790956002994,0.02340841293334961,-0.017458796501159668,0.04086720943450928,0.003326679973386537,-0.017298735861610126,-0.006986027944111739
all_462_final_model,urd,hin,urd->hin,1503,0.9540918163672655,0.9873586161011311,0.9893546240851631,0.9695289783909354,0.9112235903739929,0.07485372573137283,0.38028305768966675,0.14902879297733307,0.5309405326843262,0.9873586161011311,0.9527611443779108,0.9700598802395209,labse_baseline,1503,0.9580838323353293,0.9886892880904857,0.9940119760479041,0.9718561203292169,0.8874449729919434,0.08860577642917633,0.4092980921268463,0.11482308059930801,0.47814688086509705,0.980705256154358,0.9733865602129075,0.9770459081836327,-0.003992015968063867,-0.0013306719893546592,-0.004657351962741085,-0.0023271419382814296,0.02377861738204956,-0.029015034437179565,0.052793651819229126,0.006653359946773074,-0.020625415834996663,-0.006986027944111739
all_462_final_model,urd,kan,urd->kan,1503,0.867598137059215,0.9328010645375915,0.9534264803725881,0.8987507664207592,0.8345471620559692,0.10537517070770264,0.37347716093063354,0.14999043941497803,0.4610700011253357,0.9607451763140386,0.9328010645375915,0.946773120425815,labse_baseline,1503,0.850964737192282,0.9334664005322688,0.9467731204258151,0.8870949289438923,0.7480340600013733,0.1462600976228714,0.3191283941268921,0.13475976884365082,0.4289056658744812,0.9188290086493679,0.9394544244843646,0.9291417165668663,0.016633399866932908,-0.0006653359946773296,0.006653359946773074,0.011655837476866937,0.08651310205459595,0.054348766803741455,0.03216433525085449,0.041916167664670656,-0.006653359946773074,0.01763140385894868
all_462_final_model,urd,kas,urd->kas,1503,0.5249500998003992,0.6653359946773121,0.729208250166334,0.5961613114046732,0.7116448283195496,0.12708702683448792,0.3530658483505249,0.15867692232131958,0.35857897996902466,0.9021956087824351,0.8596141051230871,0.8809048569527611,labse_baseline,1503,0.3685961410512309,0.48769128409846974,0.5349301397205589,0.42824706281371894,0.35831257700920105,0.21306413412094116,0.10269394516944885,0.12610678374767303,0.2556186318397522,0.7079174983366601,0.8456420492348636,0.7767797737857618,0.1563539587491683,0.17764471057884235,0.19427811044577503,0.16791424859095427,0.3533322513103485,0.25037190318107605,0.10296034812927246,0.19427811044577503,0.013972055888223478,0.10412508316699931
all_462_final_model,urd,gom,urd->gom,1503,0.7571523619427811,0.8775781769793746,0.9115103127079175,0.8105319079110279,0.7831650972366333,0.11016570776700974,0.35936439037323,0.14965902268886566,0.4238007068634033,0.9567531603459747,0.9161676646706587,0.9364604125083167,labse_baseline,1503,0.64604125083167,0.7664670658682635,0.8117099135063207,0.7031253449332384,0.5768754482269287,0.18698060512542725,0.20432619750499725,0.14242947101593018,0.37254925072193146,0.8389886892880905,0.8948769128409847,0.8669328010645376,0.11111111111111116,0.11111111111111105,0.09980039920159678,0.1074065629777895,0.2062896490097046,0.15503819286823273,0.05125145614147186,0.11776447105788423,0.021290751829673993,0.06952761144377906
all_462_final_model,urd,mai,urd->mai,1503,0.8409846972721224,0.9367930805056554,0.9527611443779108,0.8826531212750187,0.8187432289123535,0.09868647158145905,0.37079477310180664,0.1530822366476059,0.4479484558105469,0.9647371922821024,0.9268130405854956,0.9457751164337991,labse_baseline,1503,0.8043912175648703,0.9075182967398536,0.9254823685961411,0.8498615121203831,0.6697842478752136,0.1503191441297531,0.2667157053947449,0.13308563828468323,0.40306854248046875,0.8942115768463074,0.9221556886227545,0.908183632734531,0.03659347970725213,0.029274783765801726,0.027278775781769737,0.03279160915463564,0.1489589810371399,0.10407906770706177,0.044879913330078125,0.07052561543579505,0.004657351962741085,0.037591483699268124
all_462_final_model,urd,mal,urd->mal,1503,0.89354624085163,0.9554224883566201,0.9667332002661344,0.9224181588928635,0.8592584729194641,0.0949370414018631,0.37485453486442566,0.14940352737903595,0.48440393805503845,0.9687292082501663,0.9414504324683965,0.9550898203592815,labse_baseline,1503,0.9101796407185628,0.9600798403193613,0.9720558882235529,0.9341587051205003,0.8132064342498779,0.11617454141378403,0.3512921929359436,0.12213340401649475,0.4619142413139343,0.9507651363938789,0.9627411842980705,0.9567531603459747,-0.016633399866932796,-0.004657351962741196,-0.005322687957418526,-0.011740546227636761,0.04605203866958618,0.023562341928482056,0.022489696741104126,0.017964071856287345,-0.021290751829673993,-0.001663339986693213
all_462_final_model,urd,mni,urd->mni,1503,0.04524284763805722,0.14504324683965403,0.19028609447771125,0.12417102896927189,0.5849416255950928,0.11331608146429062,0.3561640679836273,0.1693972647190094,0.22877755761146545,0.8436460412508316,0.7524950099800399,0.7980705256154358,labse_baseline,1503,0.0053226879574184965,0.033932135728542916,0.04790419161676647,0.026291986267127795,0.04721863195300102,0.12458561360836029,-0.002135190647095442,0.08522942662239075,0.049353822600096464,0.49101796407185627,0.656686626746507,0.5738522954091816,0.03992015968063872,0.1111111111111111,0.14238190286094476,0.09787904270214409,0.5377229936420918,0.35829925863072276,0.179423735011369,0.3526280771789754,0.09580838323353291,0.2242182302062542
all_462_final_model,urd,mar,urd->mar,1503,0.9474384564204924,0.9827012641383899,0.9893546240851631,0.9632829012026262,0.8974323272705078,0.07525598257780075,0.3788561522960663,0.1484934240579605,0.5185761749744415,0.9866932801064537,0.9534264803725881,0.9700598802395209,labse_baseline,1503,0.959414504324684,0.9866932801064537,0.9913506320691949,0.9708205359130565,0.8691666126251221,0.08987181633710861,0.38677453994750977,0.11656840145587921,0.4823920726776123,0.9813705921490352,0.9687292082501663,0.9750499001996007,-0.0119760479041916,-0.003992015968063867,-0.001996007984031878,-0.007537634710430341,0.028265714645385742,-0.007918387651443481,0.036184102296829224,0.005322687957418526,-0.015302727877578137,-0.00499001996007975
all_462_final_model,urd,npi,urd->npi,1503,0.9547571523619428,0.9893546240851631,0.9933466400532269,0.9716779820490422,0.9080700874328613,0.07131033390760422,0.37930458784103394,0.14753353595733643,0.5287654995918274,0.9906852960745176,0.9600798403193613,0.9753825681969395,labse_baseline,1503,0.9587491683300067,0.9893546240851631,0.9933466400532269,0.9730927863835366,0.8817934393882751,0.08614924550056458,0.3866300582885742,0.11723122000694275,0.4951633810997009,0.9827012641383899,0.9747172322022621,0.978709248170326,-0.003992015968063867,0.0,0.0,-0.0014148043344943684,0.02627664804458618,-0.007325470447540283,0.033602118492126465,0.007984031936127733,-0.014637391882900808,-0.003326679973386537
all_462_final_model,urd,ory,urd->ory,1503,0.9427811044577512,0.980705256154358,0.9853626081170991,0.9605252482162252,0.8896887302398682,0.079196035861969,0.37344542145729065,0.14935114979743958,0.5162433087825775,0.9833666001330672,0.9547571523619428,0.969061876247505,labse_baseline,1503,0.9414504324683965,0.9873586161011311,0.9913506320691949,0.9631047862605756,0.8489696979522705,0.10051623731851578,0.36025965213775635,0.12032344937324524,0.48871004581451416,0.9680638722554891,0.9667332002661344,0.9673985362608117,0.0013306719893546592,-0.006653359946773074,-0.005988023952095856,-0.0025795380443504046,0.040719032287597656,0.013185769319534302,0.027533262968063354,0.015302727877578137,-0.0119760479041916,0.001663339986693213
all_462_final_model,urd,pan,urd->pan,1503,0.9414504324683965,0.9793745841650033,0.9860279441117764,0.9610130229865834,0.8928787112236023,0.0846833735704422,0.3736308217048645,0.14827200770378113,0.5192478895187378,0.980705256154358,0.9554224883566201,0.9680638722554891,labse_baseline,1503,0.9507651363938789,0.9833666001330672,0.9880239520958084,0.9674863796259655,0.8602901697158813,0.10225854068994522,0.3666438162326813,0.12155912071466446,0.4936463534832001,0.9700598802395209,0.9687292082501663,0.9693945442448436,-0.009314703925482393,-0.003992015968063867,-0.001996007984031989,-0.0064733566393820885,0.03258854150772095,0.0069870054721832275,0.02560153603553772,0.010645375914837052,-0.013306719893546148,-0.0013306719893545482
all_462_final_model,urd,san,urd->san,1503,0.7192282102461743,0.8629407850964738,0.8982035928143712,0.7820040424170359,0.7643773555755615,0.11466939002275467,0.3621740937232971,0.15592989325523376,0.4022032618522644,0.9407850964737192,0.9008649367930806,0.9208250166333999,labse_baseline,1503,0.5342648037258816,0.6892880904856953,0.7471723220226214,0.6065509049624791,0.5006713271141052,0.18039733171463013,0.18492856621742249,0.12966527044773102,0.31574276089668274,0.7984031936127745,0.8842315369261478,0.8413173652694611,0.18496340652029275,0.17365269461077848,0.15103127079174983,0.17545313745455682,0.2637060284614563,0.17724552750587463,0.08646050095558167,0.14238190286094476,0.016633399866932796,0.07950765136393878
all_462_final_model,urd,sat,urd->sat,1503,0.03592814371257485,0.1656686626746507,0.21490352628077178,0.1453963485713583,0.5952692627906799,0.11790215969085693,0.3558548092842102,0.1726653128862381,0.23941445350646973,0.8476380572188955,0.7465069860279441,0.7970725216234198,labse_baseline,1503,0.007318695941450432,0.023286759813705923,0.0332667997338656,0.02467593030224605,0.04890555515885353,0.11875199526548386,0.0015053206589072943,0.0773269459605217,0.04740023449994624,0.46174318030605455,0.6739853626081171,0.5678642714570858,0.028609447771124417,0.14238190286094476,0.18163672654690619,0.12072041826911226,0.5463637076318264,0.3543494886253029,0.1920142190065235,0.38589487691284097,0.07252162341982693,0.22920825016633395
all_462_final_model,urd,snd,urd->snd,1503,0.7025948103792415,0.8469727212242182,0.8888888888888888,0.7689630873704731,0.7628191113471985,0.11635640263557434,0.35853227972984314,0.15094539523124695,0.40428683161735535,0.9454424484364604,0.9021956087824351,0.9238190286094478,labse_baseline,1503,0.5043246839654025,0.6533599467731205,0.7092481703260146,0.5745844834875694,0.4943843185901642,0.19271527230739594,0.17870992422103882,0.13021600246429443,0.31567439436912537,0.7884231536926147,0.8795741849634066,0.8339986693280106,0.198270126413839,0.1936127744510977,0.17964071856287422,0.19437860388290373,0.2684347927570343,0.17982235550880432,0.08861243724822998,0.15701929474384568,0.02262142381902854,0.08982035928143717
all_462_final_model,urd,tam,urd->tam,1503,0.83166999334664,0.9108449767132402,0.9321357285429142,0.8700593240558872,0.8276317119598389,0.11029050499200821,0.3761428892612457,0.14887721836566925,0.45148882269859314,0.9507651363938789,0.9288090485695276,0.9397870924817033,labse_baseline,1503,0.8749168330006654,0.936127744510978,0.9514304723885563,0.9042468867417154,0.7846515774726868,0.12522144615650177,0.3687523901462555,0.1183818131685257,0.4158991873264313,0.927478376580173,0.9507651363938789,0.939121756487026,-0.043246839654025315,-0.02528276779773786,-0.019294743845642115,-0.03418756268582823,0.0429801344871521,0.007390499114990234,0.035589635372161865,0.02328675981370598,-0.021956087824351322,0.0006653359946773296
all_462_final_model,urd,tel,urd->tel,1503,0.9248170326014638,0.9760479041916168,0.9840319361277445,0.9475008137683122,0.8736014366149902,0.08439526706933975,0.38015297055244446,0.1491595357656479,0.4934484660625458,0.9840319361277445,0.9474384564204924,0.9657351962741185,labse_baseline,1503,0.9341317365269461,0.9747172322022621,0.9833666001330672,0.95405716150261,0.8339799642562866,0.10563331842422485,0.3727929890155792,0.12006498873233795,0.4611869752407074,0.9640718562874252,0.9640718562874252,0.9640718562874252,-0.009314703925482393,0.0013306719893546592,0.0006653359946773296,-0.006556347734297807,0.03962147235870361,0.007359981536865234,0.03226149082183838,0.019960079840319334,-0.016633399866932796,0.001663339986693324
