model,src_lang,tgt_lang,direction,n,accuracy_at_1,recall_at_5,recall_at_10,mrr,mean_gold_cosine,std_gold_cosine,mean_random_cosine,std_random_cosine,cosine_gap,sensitivity_midpoint,specificity_midpoint,balanced_accuracy_midpoint,model_baseline,n_baseline,accuracy_at_1_baseline,recall_at_5_baseline,recall_at_10_baseline,mrr_baseline,mean_gold_cosine_baseline,std_gold_cosine_baseline,mean_random_cosine_baseline,std_random_cosine_baseline,cosine_gap_baseline,sensitivity_midpoint_baseline,specificity_midpoint_baseline,balanced_accuracy_midpoint_baseline,delta_accuracy_at_1,delta_recall_at_5,delta_recall_at_10,delta_mrr,delta_mean_gold_cosine,delta_mean_random_cosine,delta_cosine_gap,delta_sensitivity_midpoint,delta_specificity_midpoint,delta_balanced_accuracy_midpoint
all_462_best_model,asm,ben,asm->ben,1503,0.9088489687292083,0.9700598802395209,0.9753825681969395,0.9361001745065385,0.8739862442016602,0.0877494215965271,0.36130866408348083,0.15041698515415192,0.5126775801181793,0.9813705921490352,0.9514304723885563,0.9664005322687957,labse_baseline,1503,0.9301397205588823,0.9813705921490352,0.9893546240851631,0.9523474533422677,0.8066039085388184,0.11492498219013214,0.3058384656906128,0.12717889249324799,0.5007654428482056,0.9680638722554891,0.9673985362608117,0.9677312042581504,-0.021290751829673993,-0.01131071190951427,-0.013972055888223589,-0.016247278835729184,0.0673823356628418,0.05547019839286804,0.011912137269973755,0.013306719893546148,-0.015968063872255467,-0.0013306719893546592
all_462_best_model,asm,brx,asm->brx,1503,0.31736526946107785,0.4703925482368596,0.5562208915502329,0.3983897411840421,0.663443922996521,0.12487457692623138,0.32679635286331177,0.1635049730539322,0.33664757013320923,0.906187624750499,0.8423153692614771,0.874251497005988,labse_baseline,1503,0.1596806387225549,0.281437125748503,0.3393213572854291,0.2236504002564663,0.2670396566390991,0.16642242670059204,0.09377894550561905,0.10208752006292343,0.17326071113348007,0.6533599467731205,0.8243512974051896,0.7388556220891551,0.15768463073852296,0.18895542248835662,0.2168995342648038,0.1747393409275758,0.3964042663574219,0.23301740735769272,0.16338685899972916,0.2528276779773785,0.017964071856287456,0.13539587491683291
all_462_best_model,asm,doi,asm->doi,1503,0.7385229540918163,0.8695941450432468,0.9055222887558216,0.8008919596794845,0.7861736416816711,0.11300256848335266,0.34811586141586304,0.15625812113285065,0.4380577802658081,0.9514304723885563,0.9155023286759814,0.9334664005322688,labse_baseline,1503,0.6793080505655356,0.8270126413838988,0.872255489021956,0.746926277314932,0.5947585105895996,0.17456892132759094,0.19779863953590393,0.13028262555599213,0.3969598710536957,0.8569527611443779,0.9261477045908184,0.8915502328675982,0.05921490352628078,0.042581503659347986,0.03326679973386559,0.05396568236455246,0.19141513109207153,0.1503172218799591,0.04109790921211243,0.09447771124417836,-0.010645375914837052,0.041916167664670656
all_462_best_model,asm,guj,asm->guj,1503,0.9088489687292083,0.959414504324684,0.9767132401862941,0.9337942395841641,0.8670400977134705,0.09069634974002838,0.3616296052932739,0.1512790322303772,0.5054104924201965,0.9767132401862941,0.9467731204258151,0.9617431803060545,labse_baseline,1503,0.9354624085163007,0.9773785761809713,0.9853626081170991,0.9552273938366096,0.7863742113113403,0.11741742491722107,0.30947479605674744,0.1244373768568039,0.4768994152545929,0.957418496340652,0.9640718562874252,0.9607451763140387,-0.026613439787092408,-0.017964071856287345,-0.008649367930804952,-0.02143315425244552,0.08066588640213013,0.05215480923652649,0.028511077165603638,0.019294743845642115,-0.017298735861610126,0.0009980039920158834
all_462_best_model,asm,hin,asm->hin,1503,0.9181636726546906,0.9673985362608117,0.978709248170326,0.9418509846508576,0.8636772632598877,0.08838016539812088,0.36052972078323364,0.15004931390285492,0.503147542476654,0.980705256154358,0.9441117764471058,0.9624085163007319,labse_baseline,1503,0.927478376580173,0.9773785761809713,0.9873586161011311,0.9513179936948887,0.771601140499115,0.12004456669092178,0.31528693437576294,0.12257623672485352,0.45631420612335205,0.9580838323353293,0.9600798403193613,0.9590818363273453,-0.009314703925482393,-0.009980039920159611,-0.008649367930805063,-0.009467009044031083,0.0920761227607727,0.0452427864074707,0.046833336353302,0.022621423819028652,-0.015968063872255578,0.003326679973386537
all_462_best_model,asm,kan,asm->kan,1503,0.8137059214903526,0.9088489687292083,0.9334664005322688,0.857709463966527,0.8163496255874634,0.11048746109008789,0.356860488653183,0.15267905592918396,0.4594891369342804,0.9600798403193613,0.9281437125748503,0.9441117764471059,labse_baseline,1503,0.8369926813040586,0.9281437125748503,0.9474384564204924,0.8780466190236489,0.717513382434845,0.1458239108324051,0.26694637537002563,0.13297289609909058,0.45056700706481934,0.9281437125748503,0.9347970725216235,0.9314703925482368,-0.02328675981370598,-0.019294743845642004,-0.013972055888223589,-0.02033715505712186,0.09883624315261841,0.08991411328315735,0.00892212986946106,0.031936127744511045,-0.006653359946773185,0.01264138389886904
all_462_best_model,asm,kas,asm->kas,1503,0.4431137724550898,0.6021290751829674,0.6706586826347305,0.5190470387391963,0.6976094841957092,0.12796221673488617,0.3366187512874603,0.1630181223154068,0.3609907329082489,0.9101796407185628,0.8589487691284099,0.8845642049234863,labse_baseline,1503,0.36127744510978044,0.5249500998003992,0.58416500332668,0.4401006499815765,0.394939124584198,0.1926521360874176,0.11804089695215225,0.122803695499897,0.27689822763204575,0.7571523619427811,0.8609447771124418,0.8090485695276115,0.08183632734530938,0.07717897538256824,0.08649367930805052,0.07894638875761983,0.30267035961151123,0.21857785433530807,0.08409250527620316,0.1530272787757817,-0.001996007984031878,0.0755156353958748
all_462_best_model,asm,gom,asm->gom,1503,0.7072521623419827,0.8416500332667998,0.8908848968729208,0.7703866814119237,0.7729341387748718,0.11516701430082321,0.3445521891117096,0.15527358651161194,0.42838194966316223,0.9507651363938789,0.9015302727877578,0.9261477045908184,labse_baseline,1503,0.6606786427145709,0.7977378576180971,0.8383233532934131,0.7239943344497912,0.5854130983352661,0.17686030268669128,0.18552549183368683,0.13793718814849854,0.3998876065015793,0.8602794411177644,0.9108449767132402,0.8855622089155023,0.04657351962741185,0.043912175648702645,0.05256154357950771,0.04639234696213246,0.1875210404396057,0.15902669727802277,0.028494343161582947,0.0904856952761145,-0.009314703925482393,0.04058549567531611
all_462_best_model,asm,mai,asm->mai,1503,0.7831004657351963,0.8888888888888888,0.9155023286759814,0.833391902628115,0.7981205582618713,0.1098443865776062,0.3541802763938904,0.15647071599960327,0.44394028186798096,0.959414504324684,0.906187624750499,0.9328010645375915,labse_baseline,1503,0.7744510978043913,0.8809048569527611,0.916833000665336,0.8266817420696215,0.6493164300918579,0.15363113582134247,0.23073138296604156,0.13317623734474182,0.41858504712581635,0.8995342648037259,0.9194943446440452,0.9095143047238856,0.008649367930805063,0.007984031936127733,-0.0013306719893546592,0.006710160558493494,0.14880412817001343,0.12344889342784882,0.025355234742164612,0.05988023952095811,-0.01330671989354626,0.02328675981370587
all_462_best_model,asm,mal,asm->mal,1503,0.8536260811709914,0.9367930805056554,0.9560878243512974,0.8918019661451894,0.835104763507843,0.09645486623048782,0.3575485050678253,0.15195810794830322,0.4775562584400177,0.9733865602129075,0.9367930805056554,0.9550898203592815,labse_baseline,1503,0.8795741849634066,0.9634065202927479,0.9747172322022621,0.9164886999694676,0.7580925226211548,0.12429803609848022,0.2850751578807831,0.12683308124542236,0.4730173647403717,0.9500998003992016,0.9587491683300067,0.9544244843646041,-0.02594810379241519,-0.02661343978709252,-0.018629407850964785,-0.024686733824278217,0.07701224088668823,0.07247334718704224,0.004538893699645996,0.02328675981370587,-0.021956087824351322,0.0006653359946773296
all_462_best_model,asm,mni,asm->mni,1503,0.043912175648702596,0.15103127079174983,0.19760479041916168,0.12032545455216152,0.5933360457420349,0.12393099069595337,0.341651976108551,0.17545609176158905,0.2516840696334839,0.850964737192282,0.7644710578842315,0.8077178975382568,labse_baseline,1503,0.00998003992015968,0.044577511643379905,0.06187624750499002,0.03619687899187262,0.10655361413955688,0.14065279066562653,0.034150052815675735,0.09069199115037918,0.07240356132388115,0.5069860279441117,0.7278775781769794,0.6174318030605456,0.033932135728542916,0.10645375914836992,0.13572854291417166,0.08412857556028891,0.486782431602478,0.3075019232928753,0.17928050830960274,0.3439787092481703,0.03659347970725213,0.19028609447771128
all_462_best_model,asm,mar,asm->mar,1503,0.9121756487025948,0.9627411842980705,0.9747172322022621,0.9355644205657194,0.8629717826843262,0.09157288074493408,0.3612130284309387,0.149684876203537,0.5017587542533875,0.9793745841650033,0.9461077844311377,0.9627411842980705,labse_baseline,1503,0.9221556886227545,0.9747172322022621,0.9833666001330672,0.9448569468903149,0.7880178093910217,0.1193912997841835,0.30534854531288147,0.1238555759191513,0.48266926407814026,0.9587491683300067,0.9667332002661344,0.9627411842980705,-0.009980039920159722,-0.0119760479041916,-0.008649367930805063,-0.00929252632459543,0.07495397329330444,0.05586448311805725,0.019089490175247192,0.020625415834996663,-0.020625415834996663,0.0
all_462_best_model,asm,npi,asm->npi,1503,0.9201596806387226,0.9687292082501663,0.9827012641383899,0.9434514216430199,0.8731515407562256,0.08844006061553955,0.36102181673049927,0.149113729596138,0.5121297240257263,0.9820359281437125,0.9547571523619428,0.9683965402528276,labse_baseline,1503,0.9334664005322688,0.9820359281437125,0.9893546240851631,0.9548270255620829,0.8003742098808289,0.11729717999696732,0.30405616760253906,0.12455829977989197,0.4963180422782898,0.9620758483033932,0.9647371922821024,0.9634065202927478,-0.01330671989354626,-0.01330671989354626,-0.006653359946773185,-0.011375603919063004,0.07277733087539673,0.056965649127960205,0.015811681747436523,0.019960079840319334,-0.009980039920159611,0.004990019960079861
all_462_best_model,asm,ory,asm->ory,1503,0.9048569527611444,0.9660678642714571,0.9793745841650033,0.933758648591955,0.8669637441635132,0.08634033799171448,0.35663557052612305,0.15061306953430176,0.5103281736373901,0.9853626081170991,0.9527611443779108,0.969061876247505,labse_baseline,1503,0.9281437125748503,0.9780439121756487,0.9860279441117764,0.9509136649357383,0.7933717370033264,0.1159256100654602,0.288103848695755,0.12566734850406647,0.5052678883075714,0.9680638722554891,0.9654025282767797,0.9667332002661344,-0.02328675981370587,-0.0119760479041916,-0.006653359946773074,-0.017155016343783247,0.07359200716018677,0.06853172183036804,0.005060285329818726,0.017298735861610015,-0.01264138389886893,0.0023286759813705427
all_462_best_model,asm,pan,asm->pan,1503,0.8962075848303394,0.959414504324684,0.9720558882235529,0.9260831248220093,0.8479543328285217,0.09764375537633896,0.35431423783302307,0.14916129410266876,0.49364009499549866,0.9733865602129075,0.9427811044577512,0.9580838323353293,labse_baseline,1503,0.9101796407185628,0.9707252162341983,0.9846972721224219,0.939197419897755,0.7678881883621216,0.1260221004486084,0.28604942560195923,0.12715938687324524,0.48183876276016235,0.9494344644045243,0.9620758483033932,0.9557551563539588,-0.013972055888223478,-0.01131071190951427,-0.01264138389886893,-0.013114295075745686,0.08006614446640015,0.06826481223106384,0.011801332235336304,0.0239520958083832,-0.019294743845642004,0.0023286759813705427
all_462_best_model,asm,san,asm->san,1503,0.6872920825016633,0.8223552894211577,0.8789088489687292,0.7513985498924982,0.76041179895401,0.11598264425992966,0.3484257161617279,0.15808729827404022,0.4119860827922821,0.9494344644045243,0.895542248835662,0.9224883566200932,labse_baseline,1503,0.5881570192947438,0.7584830339321357,0.812375249500998,0.6679370251563456,0.5263926982879639,0.1773090660572052,0.1724202185869217,0.13150423765182495,0.3539724797010422,0.8363273453093812,0.9041916167664671,0.8702594810379242,0.09913506320691945,0.06387225548902198,0.06653359946773119,0.08346152473615265,0.23401910066604614,0.1760054975748062,0.05801360309123993,0.11310711909514304,-0.008649367930805063,0.05222887558216904
all_462_best_model,asm,sat,asm->sat,1503,0.0332667997338656,0.1709913506320692,0.20758483033932135,0.14396057953136254,0.5969572067260742,0.13239479064941406,0.34072616696357727,0.17713908851146698,0.25623103976249695,0.83166999334664,0.7644710578842315,0.7980705256154358,labse_baseline,1503,0.011310711909514305,0.0332667997338656,0.0499001996007984,0.033359366611852424,0.10966094583272934,0.13802851736545563,0.039559029042720795,0.08596030622720718,0.07010191679000854,0.4856952761144378,0.7445109780439122,0.615103127079175,0.021956087824351295,0.1377245508982036,0.15768463073852296,0.11060121291951011,0.4872962608933449,0.3011671379208565,0.1861291229724884,0.34597471723220224,0.019960079840319334,0.18296739853626076
all_462_best_model,asm,snd,asm->snd,1503,0.6320691949434465,0.7811044577511643,0.8376580172987359,0.7030038869654817,0.747496485710144,0.12018809467554092,0.34278497099876404,0.15585196018218994,0.40471151471138,0.9387890884896873,0.8988689288090486,0.918829008649368,labse_baseline,1503,0.5362608117099135,0.6892880904856953,0.7544910179640718,0.6117976017426476,0.506300151348114,0.17927391827106476,0.1709812432527542,0.12539558112621307,0.3353189080953598,0.8043912175648703,0.8882235528942116,0.846307385229541,0.09580838323353302,0.09181636726546905,0.0831669993346641,0.09120628522283403,0.24119633436203003,0.17180372774600983,0.0693926066160202,0.13439787092481703,0.010645375914836941,0.07252162341982704
all_462_best_model,asm,tam,asm->tam,1503,0.791084497671324,0.8882235528942116,0.9128409846972722,0.8368799004920754,0.7989002466201782,0.1158306747674942,0.35869771242141724,0.15110622346401215,0.440202534198761,0.9434464404524284,0.9214903526280772,0.9324683965402528,labse_baseline,1503,0.8283433133732535,0.9161676646706587,0.9387890884896873,0.869749337296656,0.7121208310127258,0.1396973729133606,0.2927141785621643,0.12369803339242935,0.4194066524505615,0.914836992681304,0.9407850964737192,0.9278110445775116,-0.03725881570192946,-0.027944111776447067,-0.02594810379241519,-0.032869436804580654,0.08677941560745239,0.06598353385925293,0.020795881748199463,0.028609447771124397,-0.019294743845642004,0.004657351962741196
all_462_best_model,asm,tel,asm->tel,1503,0.8782435129740519,0.9454424484364604,0.9614105123087159,0.9109283847610203,0.8457770943641663,0.09570423513650894,0.3635331094264984,0.1518305242061615,0.48224398493766785,0.9707252162341983,0.9354624085163007,0.9530938123752495,labse_baseline,1503,0.8962075848303394,0.9607451763140386,0.9733865602129075,0.9261160484912605,0.7610375881195068,0.12597092986106873,0.2975607216358185,0.12628160417079926,0.46347686648368835,0.9514304723885563,0.9527611443779108,0.9520958083832336,-0.017964071856287456,-0.015302727877578137,-0.0119760479041916,-0.015187663730240164,0.08473950624465942,0.06597238779067993,0.018767118453979492,0.019294743845642004,-0.017298735861610126,0.0009980039920158834
all_462_best_model,asm,urd,asm->urd,1503,0.9221556886227545,0.9700598802395209,0.9800399201596807,0.9450945077318813,0.8708442449569702,0.08558487892150879,0.36015254259109497,0.1512606292963028,0.5106917023658752,0.9840319361277445,0.9527611443779108,0.9683965402528276,labse_baseline,1503,0.9308050565535595,0.9813705921490352,0.9866932801064537,0.9528590609011793,0.7881056666374207,0.11617913842201233,0.3067918121814728,0.12267618626356125,0.4813138544559479,0.9673985362608117,0.9680638722554891,0.9677312042581504,-0.008649367930804952,-0.01131071190951427,-0.006653359946773074,-0.007764553169298027,0.08273857831954956,0.05336073040962219,0.029377847909927368,0.016633399866932796,-0.015302727877578248,0.0006653359946772186
all_462_best_model,ben,asm,ben->asm,1503,0.9101796407185628,0.9700598802395209,0.980705256154358,0.9384657911655614,0.8739862442016602,0.0877494215965271,0.3634532690048218,0.1499696671962738,0.5105329751968384,0.980705256154358,0.9507651363938789,0.9657351962741185,labse_baseline,1503,0.9141716566866267,0.9747172322022621,0.9833666001330672,0.9418949155058781,0.8066039085388184,0.11492498219013214,0.3030710518360138,0.12839235365390778,0.5035328567028046,0.9687292082501663,0.9640718562874252,0.9664005322687957,-0.003992015968063867,-0.004657351962741196,-0.0026613439787092075,-0.003429124340316725,0.0673823356628418,0.06038221716880798,0.0070001184940338135,0.011976047904191711,-0.01330671989354626,-0.0006653359946772186
all_462_best_model,ben,brx,ben->brx,1503,0.3140385894876913,0.4743845642049235,0.5588822355289421,0.3975453990309209,0.645119309425354,0.1251114159822464,0.32410314679145813,0.15754373371601105,0.3210161626338959,0.8908848968729208,0.8303393213572854,0.8606121091151031,labse_baseline,1503,0.12907518296739853,0.21756487025948104,0.2741184298070526,0.1800032456047153,0.23640739917755127,0.16757065057754517,0.08868677914142609,0.10282936692237854,0.14772062003612518,0.6300731869594145,0.8050565535595475,0.717564870259481,0.18496340652029278,0.25681969394544246,0.28476380572188953,0.2175421534262056,0.40871191024780273,0.23541636765003204,0.1732955425977707,0.26081170991350633,0.02528276779773786,0.1430472388556221
all_462_best_model,ben,doi,ben->doi,1503,0.782435129740519,0.9101796407185628,0.9334664005322688,0.8415676390445996,0.7956025004386902,0.11071125417947769,0.35099130868911743,0.15305551886558533,0.44461119174957275,0.9600798403193613,0.9234863606121091,0.9417831004657352,labse_baseline,1503,0.6620093147039254,0.7957418496340652,0.8456420492348636,0.7242761923744274,0.5975862145423889,0.18246422708034515,0.21887657046318054,0.13482844829559326,0.3787096440792084,0.8416500332667998,0.9128409846972722,0.8772455089820359,0.12042581503659355,0.11443779108449759,0.08782435129740518,0.11729144667017222,0.19801628589630127,0.1321147382259369,0.06590154767036438,0.11842980705256156,0.010645375914836941,0.06453759148369931
all_462_best_model,ben,guj,ben->guj,1503,0.9334664005322688,0.9773785761809713,0.9846972721224219,0.953349628405176,0.8914992213249207,0.08359009027481079,0.36863845586776733,0.15034665167331696,0.5228607654571533,0.9833666001330672,0.9520958083832335,0.9677312042581503,labse_baseline,1503,0.9441117764471058,0.9840319361277445,0.9893546240851631,0.962368700792818,0.8655688166618347,0.09320464730262756,0.3864439129829407,0.11691012233495712,0.47912490367889404,0.9753825681969395,0.9707252162341983,0.9730538922155689,-0.010645375914836941,-0.006653359946773185,-0.004657351962741196,-0.009019072387641991,0.025930404663085938,-0.01780545711517334,0.04373586177825928,0.007984031936127733,-0.018629407850964785,-0.005322687957418637
all_462_best_model,ben,hin,ben->hin,1503,0.9467731204258151,0.9866932801064537,0.9926813040585496,0.966843268561456,0.8935064673423767,0.07701950520277023,0.3674565255641937,0.14823724329471588,0.526049941778183,0.9880239520958084,0.9607451763140386,0.9743845642049235,labse_baseline,1503,0.9514304723885563,0.9873586161011311,0.9940119760479041,0.9688992463736489,0.8613099455833435,0.090781569480896,0.3958098292350769,0.1151883602142334,0.4655001163482666,0.9707252162341983,0.9620758483033932,0.9664005322687957,-0.004657351962741196,-0.0006653359946773296,-0.0013306719893545482,-0.0020559778121929106,0.0321965217590332,-0.02835330367088318,0.06054982542991638,0.017298735861610126,-0.0013306719893546592,0.007984031936127733
all_462_best_model,ben,kan,ben->kan,1503,0.8556220891550232,0.9407850964737192,0.9560878243512974,0.8942805708656683,0.8363238573074341,0.10314454883337021,0.3617013096809387,0.15045511722564697,0.47462254762649536,0.9687292082501663,0.9374584165003327,0.9530938123752495,labse_baseline,1503,0.8522954091816367,0.9354624085163007,0.9494344644045243,0.8899042936170136,0.7600024342536926,0.14216478168964386,0.3166112005710602,0.13482928276062012,0.44339123368263245,0.9188290086493679,0.9401197604790419,0.9294743845642048,0.003326679973386537,0.005322687957418526,0.006653359946773074,0.004376277248654636,0.07632142305374146,0.04509010910987854,0.031231313943862915,0.04990019960079839,-0.0026613439787092075,0.023619427811044647
all_462_best_model,ben,kas,ben->kas,1503,0.4737192282102462,0.6280771789753826,0.6939454424484365,0.5503291533593258,0.6871809959411621,0.13047245144844055,0.33840805292129517,0.1582992672920227,0.34877294301986694,0.9015302727877578,0.8576180971390552,0.8795741849634064,labse_baseline,1503,0.3333333333333333,0.4657351962741184,0.5209580838323353,0.40041157601960004,0.35616934299468994,0.20136676728725433,0.11026882380247116,0.12531104683876038,0.24590051919221878,0.716566866267465,0.8369926813040586,0.7767797737857618,0.1403858948769129,0.1623419827012642,0.17298735861610115,0.14991757733972572,0.33101165294647217,0.228139229118824,0.10287242382764816,0.18496340652029275,0.020625415834996663,0.10279441117764465
all_462_best_model,ben,gom,ben->gom,1503,0.7411842980705257,0.8715901530272788,0.9088489687292083,0.8000693913492258,0.776401937007904,0.115324467420578,0.34587645530700684,0.1524134874343872,0.4305254817008972,0.9567531603459747,0.9188290086493679,0.9377910844976713,labse_baseline,1503,0.6360612109115104,0.7764471057884231,0.8196939454424484,0.7010947872891924,0.5848070383071899,0.18597003817558289,0.20678037405014038,0.14381159842014313,0.37802666425704956,0.8389886892880905,0.8982035928143712,0.8685961410512308,0.1051230871590153,0.0951430472388557,0.08915502328675984,0.09897460406003344,0.1915948987007141,0.13909608125686646,0.052498817443847656,0.11776447105788423,0.020625415834996663,0.0691949434464405
all_462_best_model,ben,mai,ben->mai,1503,0.8263473053892215,0.9155023286759814,0.9407850964737192,0.8686613869746616,0.8082208037376404,0.102094866335392,0.35863035917282104,0.1544080525636673,0.44959044456481934,0.9667332002661344,0.9201596806387226,0.9434464404524285,labse_baseline,1503,0.7884231536926147,0.8908848968729208,0.9228210246174318,0.8364670892298942,0.6703078746795654,0.15084980428218842,0.2665567994117737,0.1324998438358307,0.40375107526779175,0.8948769128409847,0.9221556886227545,0.9085163007318696,0.03792415169660679,0.02461743180306053,0.017964071856287456,0.03219429774476734,0.13791292905807495,0.09207355976104736,0.04583936929702759,0.07185628742514971,-0.001996007984031989,0.03493013972055892
all_462_best_model,ben,mal,ben->mal,1503,0.9008649367930806,0.9667332002661344,0.9767132401862941,0.9297345957497226,0.8571112751960754,0.0906684473156929,0.36345699429512024,0.14945347607135773,0.4936542809009552,0.9793745841650033,0.9441117764471058,0.9617431803060545,labse_baseline,1503,0.916833000665336,0.9760479041916168,0.9846972721224219,0.9442781116617858,0.8163030743598938,0.10762840509414673,0.3459768295288086,0.12165722250938416,0.4703262448310852,0.9654025282767797,0.9587491683300067,0.9620758483033932,-0.015968063872255467,-0.009314703925482393,-0.007984031936127733,-0.014543515912063154,0.04080820083618164,0.017480164766311646,0.023328036069869995,0.013972055888223589,-0.014637391882900919,-0.0003326679973386648
all_462_best_model,ben,mni,ben->mni,1503,0.0332667997338656,0.14703925482368596,0.1936127744510978,0.11551617356995261,0.5733837485313416,0.12491825968027115,0.3439154326915741,0.1692889928817749,0.22946831583976746,0.8283433133732535,0.7558216899534265,0.7920825016633399,labse_baseline,1503,0.007984031936127744,0.03592814371257485,0.047238855622089154,0.0296194546900612,0.06589818000793457,0.13301874697208405,0.01206769235432148,0.0876317173242569,0.05383048765361309,0.4737192282102462,0.6839654025282768,0.5788423153692615,0.025282767797737856,0.1111111111111111,0.14637391882900866,0.08589671887989142,0.507485568523407,0.3318477403372526,0.17563782818615437,0.3546240851630073,0.07185628742514971,0.21324018629407848
all_462_best_model,ben,mar,ben->mar,1503,0.9314703925482368,0.980705256154358,0.9860279441117764,0.9537897461965893,0.8872700333595276,0.08060728758573532,0.36726245284080505,0.14937718212604523,0.5200075805187225,0.9860279441117764,0.9507651363938789,0.9683965402528276,labse_baseline,1503,0.948769128409847,0.9860279441117764,0.9926813040585496,0.9661520445438991,0.8614075779914856,0.09226880222558975,0.37717264890670776,0.11718549579381943,0.48423492908477783,0.9733865602129075,0.9673985362608117,0.9703925482368596,-0.017298735861610126,-0.005322687957418415,-0.006653359946773185,-0.012362298347309841,0.025862455368041992,-0.00991019606590271,0.0357726514339447,0.01264138389886893,-0.016633399866932796,-0.001996007984031989
all_462_best_model,ben,npi,ben->npi,1503,0.9414504324683965,0.980705256154358,0.9900199600798403,0.9604167253252202,0.8941256999969482,0.0780898854136467,0.3668348491191864,0.14778877794742584,0.5272908508777618,0.9860279441117764,0.957418496340652,0.9717232202262143,labse_baseline,1503,0.9520958083832335,0.9880239520958084,0.9926813040585496,0.9692251243446075,0.8672890067100525,0.09046691656112671,0.37611857056617737,0.1180109977722168,0.4911704361438751,0.9800399201596807,0.9687292082501663,0.9743845642049235,-0.010645375914836941,-0.007318695941450404,-0.0026613439787093185,-0.008808399019387347,0.026836693286895752,-0.009283721446990967,0.03612041473388672,0.0059880239520957446,-0.01131071190951427,-0.0026613439787092075
all_462_best_model,ben,ory,ben->ory,1503,0.9308050565535595,0.9820359281437125,0.9886892880904857,0.9536641250378545,0.8868722319602966,0.08099518716335297,0.36145445704460144,0.14937198162078857,0.5254177749156952,0.9880239520958084,0.9580838323353293,0.9730538922155689,labse_baseline,1503,0.9394544244843646,0.9813705921490352,0.9893546240851631,0.9595674269050356,0.8491448163986206,0.10200892388820648,0.35095643997192383,0.12044472247362137,0.4981883764266968,0.9660678642714571,0.9693945442448436,0.9677312042581503,-0.008649367930805063,0.0006653359946773296,-0.0006653359946773296,-0.005903301867181132,0.037727415561676025,0.010498017072677612,0.027229398488998413,0.021956087824351322,-0.01131071190951427,0.005322687957418637
all_462_best_model,ben,pan,ben->pan,1503,0.9288090485695276,0.9740518962075848,0.9846972721224219,0.9525636392175233,0.8686160445213318,0.08918220549821854,0.3608321249485016,0.1481349766254425,0.5077839195728302,0.9827012641383899,0.9514304723885563,0.9670658682634731,labse_baseline,1503,0.9347970725216235,0.9840319361277445,0.9906852960745176,0.9582574369956509,0.8307426571846008,0.1056661456823349,0.3552786111831665,0.12076303362846375,0.4754640460014343,0.9667332002661344,0.9640718562874252,0.9654025282767797,-0.005988023952095856,-0.009980039920159722,-0.0059880239520957446,-0.005693797778127618,0.03787338733673096,0.005553513765335083,0.032319873571395874,0.015968063872255467,-0.01264138389886893,0.001663339986693324
all_462_best_model,ben,san,ben->san,1503,0.7012641383898869,0.8449767132401863,0.8948769128409847,0.7676629840360223,0.7555407285690308,0.11966057866811752,0.3486645221710205,0.15585081279277802,0.40687620639801025,0.9401197604790419,0.8995342648037259,0.9198270126413839,labse_baseline,1503,0.5362608117099135,0.697272122421823,0.7658017298735862,0.6145132819336795,0.5129655003547668,0.18435487151145935,0.1872355192899704,0.1310749351978302,0.32572998106479645,0.8130405854956753,0.89354624085163,0.8532934131736527,0.16500332667997342,0.1477045908183633,0.1290751829673985,0.1531497021023428,0.24257522821426392,0.1614290028810501,0.0811462253332138,0.12707917498336663,0.005988023952095856,0.06653359946773119
all_462_best_model,ben,sat,ben->sat,1503,0.034597471723220224,0.1703260146373919,0.2162341982701264,0.15081578800423834,0.5799650549888611,0.13216300308704376,0.34295037388801575,0.1721576750278473,0.23701468110084534,0.8163672654690619,0.7558216899534265,0.7860944777112442,labse_baseline,1503,0.005988023952095809,0.02262142381902861,0.031936127744510975,0.021952381953908643,0.06860402226448059,0.12756694853305817,0.01657971180975437,0.07997738569974899,0.05202431045472622,0.4424484364604125,0.6952761144377911,0.5688622754491018,0.028609447771124417,0.1477045908183633,0.18429807052561542,0.1288634060503297,0.5113610327243805,0.3263706620782614,0.18499037064611912,0.3739188290086494,0.06054557551563533,0.21723220226214235
all_462_best_model,ben,snd,ben->snd,1503,0.6613439787092482,0.803725881570193,0.8556220891550232,0.7314826025932226,0.7487513422966003,0.1213560700416565,0.34490835666656494,0.15070310235023499,0.4038429856300354,0.9334664005322688,0.8942115768463074,0.9138389886892881,labse_baseline,1503,0.4976713240186294,0.6447105788423154,0.6999334664005322,0.5704787178899938,0.49760180711746216,0.19231954216957092,0.1822524219751358,0.13117864727973938,0.31534938514232635,0.7930805056553559,0.8749168330006654,0.8339986693280106,0.1636726546906188,0.15901530272787756,0.15568862275449102,0.1610038847032288,0.2511495351791382,0.16265593469142914,0.08849360048770905,0.1403858948769129,0.019294743845642004,0.07984031936127756
all_462_best_model,ben,tam,ben->tam,1503,0.8416500332667998,0.9201596806387226,0.9354624085163007,0.8793690200733587,0.8248395919799805,0.11328881233930588,0.36379024386405945,0.150201216340065,0.461049348115921,0.957418496340652,0.927478376580173,0.9424484364604124,labse_baseline,1503,0.8769128409846972,0.9441117764471058,0.9587491683300067,0.9092757995597209,0.7831429243087769,0.12486056238412857,0.35980311036109924,0.11959598958492279,0.4233398139476776,0.9288090485695276,0.9447771124417831,0.9367930805056554,-0.03526280771789747,-0.0239520958083832,-0.02328675981370598,-0.029906779486362223,0.04169666767120361,0.003987133502960205,0.03770953416824341,0.028609447771124397,-0.017298735861610126,0.00565535595475708
all_462_best_model,ben,tel,ben->tel,1503,0.9208250166333999,0.9733865602129075,0.9833666001330672,0.9461703601496078,0.8712626695632935,0.0838647112250328,0.36834517121315,0.14989979565143585,0.5029174983501434,0.9840319361277445,0.9467731204258151,0.9654025282767797,labse_baseline,1503,0.9367930805056554,0.9800399201596807,0.9886892880904857,0.9571444277075293,0.8327030539512634,0.10032966732978821,0.3647012710571289,0.12094400823116302,0.4680017828941345,0.9707252162341983,0.959414504324684,0.9650698602794412,-0.015968063872255467,-0.006653359946773185,-0.005322687957418526,-0.010974067557921519,0.03855961561203003,0.003643900156021118,0.03491571545600891,0.01330671989354626,-0.01264138389886893,0.0003326679973385538
all_462_best_model,ben,urd,ben->urd,1503,0.9474384564204924,0.9833666001330672,0.9906852960745176,0.9635856058567297,0.8935932517051697,0.07765592634677887,0.3666112720966339,0.14960625767707825,0.5269819796085358,0.9900199600798403,0.9580838323353293,0.9740518962075848,labse_baseline,1503,0.9527611443779108,0.9886892880904857,0.9946773120425815,0.9692926867120591,0.8652986884117126,0.090615414083004,0.3823886215686798,0.11472100019454956,0.48291006684303284,0.9767132401862941,0.9740518962075848,0.9753825681969395,-0.005322687957418415,-0.005322687957418526,-0.003992015968063867,-0.005707080855329449,0.02829456329345703,-0.0157773494720459,0.04407191276550293,0.013306719893546148,-0.015968063872255467,-0.0013306719893546592
all_462_best_model,brx,asm,brx->asm,1503,0.30671989354624085,0.47238855622089154,0.5455755156353959,0.390975470003588,0.663443922996521,0.12487457692623138,0.3309628963470459,0.15989269316196442,0.3324810266494751,0.9048569527611444,0.8436460412508316,0.874251497005988,labse_baseline,1503,0.1656686626746507,0.28409846972721225,0.3426480372588157,0.22704550616011446,0.2670396566390991,0.16642242670059204,0.09307589381933212,0.10210524499416351,0.173963762819767,0.6533599467731205,0.8170326014637392,0.7351962741184299,0.14105123087159016,0.1882900864936793,0.20292747837658015,0.16392996384347355,0.3964042663574219,0.23788700252771378,0.1585172638297081,0.25149700598802394,0.026613439787092408,0.13905522288755812
all_462_best_model,brx,ben,brx->ben,1503,0.3213572854291417,0.4703925482368596,0.5402528276779773,0.3994033830122031,0.645119309425354,0.1251114159822464,0.3285185396671295,0.15560542047023773,0.3166007697582245,0.8902195608782435,0.8310046573519627,0.8606121091151031,labse_baseline,1503,0.17764471057884232,0.28409846972721225,0.3419827012641384,0.23642268278558345,0.23640739917755127,0.16757065057754517,0.08874716609716415,0.1016785278916359,0.14766023308038712,0.6300731869594145,0.791084497671324,0.7105788423153693,0.1437125748502994,0.18629407850964735,0.19827012641383895,0.16298070022661962,0.40871191024780273,0.23977137356996536,0.16894053667783737,0.260146373918829,0.03992015968063867,0.15003326679973383
all_462_best_model,brx,doi,brx->doi,1503,0.2827677977378576,0.4218230206254158,0.5016633399866933,0.36030419517799556,0.6667569279670715,0.1337546557188034,0.32912924885749817,0.16604170203208923,0.33762767910957336,0.886892880904857,0.8363273453093812,0.8616101131071191,labse_baseline,1503,0.18762475049900199,0.3100465735196274,0.36793080505655357,0.2523599599112621,0.32677939534187317,0.1805734932422638,0.11227394640445709,0.10917289555072784,0.21450544893741608,0.6793080505655356,0.8522954091816367,0.7658017298735862,0.09514304723885561,0.11177644710578843,0.13373253493013976,0.10794423526673347,0.33997753262519836,0.21685530245304108,0.12312223017215729,0.2075848303393214,-0.015968063872255467,0.09580838323353291
all_462_best_model,brx,guj,brx->guj,1503,0.31603459747172324,0.4750499001996008,0.5462408516300732,0.39582506382595933,0.6522080302238464,0.12212970107793808,0.3306652009487152,0.15815457701683044,0.3215428292751312,0.8995342648037259,0.8290086493679308,0.8642714570858283,labse_baseline,1503,0.18097139055222888,0.2761144377910845,0.33532934131736525,0.23435715242661326,0.22917982935905457,0.16878946125507355,0.0844835415482521,0.10298663377761841,0.14469628781080246,0.6187624750499002,0.7751164337990686,0.6969394544244845,0.13506320691949436,0.19893546240851628,0.21091151031270794,0.16146791139934608,0.42302820086479187,0.2461816594004631,0.17684654146432877,0.28077178975382566,0.053892215568862256,0.16733200266134385
all_462_best_model,brx,hin,brx->hin,1503,0.3333333333333333,0.490352628077179,0.5662009314703925,0.41138767128821835,0.6525682210922241,0.12585221230983734,0.32940468192100525,0.1544061303138733,0.32316353917121887,0.9008649367930806,0.844311377245509,0.8725881570192948,labse_baseline,1503,0.20292747837658018,0.30805056553559546,0.36194278110445777,0.2598146005964059,0.23592306673526764,0.1727496236562729,0.08785629272460938,0.10295182466506958,0.14806677401065826,0.6227544910179641,0.7844311377245509,0.7035928143712575,0.13040585495675314,0.18230206254158354,0.20425815036593475,0.15157307069181247,0.4166451543569565,0.24154838919639587,0.1750967651605606,0.27811044577511645,0.05988023952095811,0.16899534264803728
all_462_best_model,brx,kan,brx->kan,1503,0.27944111776447106,0.41583499667332,0.4863606121091151,0.3509878786514089,0.6415460705757141,0.13082914054393768,0.32964280247688293,0.1602369099855423,0.3119032680988312,0.8735861610113107,0.8243512974051896,0.8489687292082502,labse_baseline,1503,0.16101131071190952,0.26147704590818366,0.3226879574184963,0.21876478804145488,0.27091750502586365,0.16870224475860596,0.10413603484630585,0.1055150032043457,0.1667814701795578,0.6360612109115104,0.8170326014637392,0.7265469061876249,0.11842980705256154,0.15435795076513636,0.16367265469061876,0.13222309060995402,0.37062856554985046,0.2255067676305771,0.14512179791927338,0.23752495009980035,0.007318695941450404,0.12242182302062532
all_462_best_model,brx,kas,brx->kas,1503,0.20159680638722555,0.32335329341317365,0.3805721889554225,0.2661985328548665,0.6564615368843079,0.13997894525527954,0.33625805377960205,0.1788959503173828,0.3202034831047058,0.8662674650698603,0.803725881570193,0.8349966733200267,labse_baseline,1503,0.13506320691949433,0.23020625415834997,0.2827677977378576,0.18818450103110626,0.3337462544441223,0.1727450042963028,0.12673352658748627,0.11865315586328506,0.20701272785663605,0.688622754491018,0.8210246174318031,0.7548236859614106,0.06653359946773121,0.09314703925482368,0.0978043912175649,0.07801403182376024,0.32271528244018555,0.20952452719211578,0.11319075524806976,0.17764471057884235,-0.017298735861610126,0.08017298735861611
all_462_best_model,brx,gom,brx->gom,1503,0.25681969394544246,0.41184298070525616,0.48369926813040587,0.33544087396176236,0.6625617742538452,0.13010147213935852,0.32876232266426086,0.16563376784324646,0.33379945158958435,0.895542248835662,0.8310046573519627,0.8632734530938124,labse_baseline,1503,0.18030605455755155,0.2834331337325349,0.34597471723220224,0.23609464900545685,0.3145703077316284,0.1793232560157776,0.10379473119974136,0.10902770608663559,0.21077557653188705,0.6799733865602129,0.852960745176314,0.7664670658682635,0.07651363938789091,0.12840984697272123,0.13772455089820362,0.09934622495630552,0.3479914665222168,0.2249675914645195,0.1230238750576973,0.21556886227544914,-0.021956087824351322,0.0968063872255489
all_462_best_model,brx,mai,brx->mai,1503,0.27944111776447106,0.4218230206254158,0.48769128409846974,0.3555392379934899,0.6520339250564575,0.1349637508392334,0.3295538127422333,0.16219420731067657,0.32248011231422424,0.8802395209580839,0.8283433133732535,0.8542914171656687,labse_baseline,1503,0.16899534264803726,0.28077178975382566,0.3333333333333333,0.2267724418330357,0.2944752275943756,0.17380717396736145,0.10693225264549255,0.10297014564275742,0.18754297494888306,0.6500332667997338,0.8349966733200266,0.7425149700598802,0.1104457751164338,0.14105123087159016,0.15435795076513642,0.12876679616045422,0.3575586974620819,0.22262156009674072,0.1349371373653412,0.23020625415835005,-0.006653359946773074,0.11177644710578849
all_462_best_model,brx,mal,brx->mal,1503,0.2714570858283433,0.4530938123752495,0.5229540918163673,0.3585178457159273,0.6394302248954773,0.13031205534934998,0.33040207624435425,0.158399298787117,0.30902814865112305,0.8775781769793746,0.8203592814371258,0.8489687292082502,labse_baseline,1503,0.1656686626746507,0.27012641383898867,0.3273453093812375,0.22311246344119504,0.24655063450336456,0.1752512902021408,0.09038186073303223,0.10160146653652191,0.15616877377033234,0.6180971390552229,0.7990685296074518,0.7085828343313374,0.10578842315369263,0.18296739853626082,0.1956087824351298,0.13540538227473228,0.39287959039211273,0.24002021551132202,0.1528593748807907,0.25948103792415167,0.021290751829673993,0.14038589487691278
all_462_best_model,brx,mni,brx->mni,1503,0.03260146373918829,0.12441783100465735,0.17165668662674652,0.10573854550755153,0.6272754073143005,0.15114885568618774,0.35420870780944824,0.1998245120048523,0.2730666995048523,0.8183632734530938,0.7584830339321357,0.7884231536926147,labse_baseline,1503,0.01330671989354624,0.05123087159015303,0.07518296739853626,0.04378025364533984,0.1503509134054184,0.1576128602027893,0.054227471351623535,0.10965229570865631,0.09612344205379486,0.5335994677312043,0.7518296739853626,0.6427145708582834,0.019294743845642053,0.07318695941450432,0.09647371922821026,0.06195829186221169,0.47692449390888214,0.2999812364578247,0.17694325745105743,0.28476380572188953,0.006653359946773074,0.1457085828343313
all_462_best_model,brx,mar,brx->mar,1503,0.30671989354624085,0.4697272122421823,0.5449101796407185,0.38742129702563294,0.6450249552726746,0.12481611967086792,0.3290642499923706,0.15513673424720764,0.31596070528030396,0.8855622089155023,0.8343313373253493,0.8599467731204258,labse_baseline,1503,0.16966067864271456,0.2774451097804391,0.3359946773120426,0.22847939589384691,0.2308853566646576,0.16969002783298492,0.08864761888980865,0.1010846272110939,0.14223773777484894,0.6207584830339321,0.7884231536926147,0.7045908183632734,0.1370592149035263,0.19228210246174315,0.20891550232867595,0.15894190113178602,0.41413959860801697,0.24041663110256195,0.17372296750545502,0.2648037258815702,0.04590818363273452,0.15535595475715236
all_462_best_model,brx,npi,brx->npi,1503,0.32202262142381904,0.4856952761144378,0.5575515635395875,0.4006869274330315,0.6472717523574829,0.12498943507671356,0.32897722721099854,0.1527242660522461,0.3182945251464844,0.8962075848303394,0.8396540252827678,0.8679308050565535,labse_baseline,1503,0.18030605455755155,0.29607451763140386,0.3466400532268796,0.23991123404256334,0.23231256008148193,0.17216849327087402,0.08514893054962158,0.10132738202810287,0.14716362953186035,0.6227544910179641,0.7844311377245509,0.7035928143712575,0.1417165668662675,0.18962075848303395,0.21091151031270788,0.16077569339046818,0.414959192276001,0.24382829666137695,0.17113089561462402,0.27345309381237526,0.055222887558216915,0.16433799068529598
all_462_best_model,brx,ory,brx->ory,1503,0.3040585495675316,0.4750499001996008,0.5568862275449101,0.39040520778162524,0.6511868238449097,0.12483149021863937,0.32504013180732727,0.15694350004196167,0.3261466920375824,0.8962075848303394,0.833666001330672,0.8649367930805056,labse_baseline,1503,0.16833000665335995,0.281437125748503,0.33998669328010644,0.23087439438356203,0.24186640977859497,0.17158080637454987,0.0815998911857605,0.10198049992322922,0.16026651859283447,0.6294078509647372,0.8023952095808383,0.7159015302727878,0.13572854291417163,0.1936127744510978,0.21689953426480368,0.15953081339806321,0.4093204140663147,0.24344024062156677,0.16588017344474792,0.2667997338656022,0.031270791749833715,0.14903526280771784
all_462_best_model,brx,pan,brx->pan,1503,0.3033932135728543,0.46506986027944114,0.5362608117099135,0.38487674429704793,0.6343087553977966,0.1348467320203781,0.32269132137298584,0.15194764733314514,0.3116174340248108,0.8629407850964738,0.8416500332667998,0.8522954091816368,labse_baseline,1503,0.18363273453093812,0.2827677977378576,0.3413173652694611,0.23741912002781662,0.22527800500392914,0.17805291712284088,0.0759672299027443,0.1033400297164917,0.14931077510118484,0.6200931470392548,0.782435129740519,0.7012641383898869,0.1197604790419162,0.18230206254158354,0.19494344644045236,0.1474576242692313,0.4090307503938675,0.24672409147024155,0.16230665892362595,0.24284763805721898,0.05921490352628078,0.15103127079174994
all_462_best_model,brx,san,brx->san,1503,0.23353293413173654,0.36260811709913504,0.4357950765136394,0.3039347658281759,0.6467974781990051,0.13110265135765076,0.3337533175945282,0.16781312227249146,0.31304416060447693,0.8762475049900199,0.8223552894211577,0.8493013972055887,labse_baseline,1503,0.1536926147704591,0.2541583499667332,0.3153692614770459,0.20962508356394904,0.30628612637519836,0.16686628758907318,0.11235906928777695,0.11058126389980316,0.19392705708742142,0.6766467065868264,0.8263473053892215,0.7514970059880239,0.07984031936127745,0.10844976713240184,0.1204258150365935,0.09430968226422687,0.34051135182380676,0.22139424830675125,0.11911710351705551,0.19960079840319356,-0.003992015968063867,0.09780439121756479
all_462_best_model,brx,sat,brx->sat,1503,0.03260146373918829,0.15568862275449102,0.20093147039254824,0.13460643064199884,0.6305119395256042,0.16037586331367493,0.3509998917579651,0.20563852787017822,0.27951204776763916,0.8190286094477711,0.7564870259481038,0.7877578176979374,labse_baseline,1503,0.011976047904191617,0.05189620758483034,0.06852960745176315,0.04321413320064625,0.1557995229959488,0.1576223224401474,0.06041937321424484,0.10929642617702484,0.09538014978170395,0.5342648037258816,0.7538256819693946,0.6440452428476381,0.020625415834996674,0.10379241516966069,0.1324018629407851,0.09139229744135259,0.47471241652965546,0.29058051854372025,0.1841318979859352,0.28476380572188953,0.0026613439787092075,0.1437125748502993
all_462_best_model,brx,snd,brx->snd,1503,0.25615435795076513,0.39654025282767796,0.47305389221556887,0.3309973928098787,0.6601247191429138,0.14370335638523102,0.3305158019065857,0.16855862736701965,0.3296089172363281,0.8715901530272788,0.8290086493679308,0.8502994011976048,labse_baseline,1503,0.17498336660013306,0.2894211576846307,0.3373253493013972,0.2347945504455712,0.3399662673473358,0.18071843683719635,0.12732826173305511,0.11358613520860672,0.2126380056142807,0.677977378576181,0.8396540252827678,0.7588157019294743,0.08117099135063208,0.10711909514304724,0.1357285429141717,0.09620284236430751,0.320158451795578,0.20318754017353058,0.11697091162204742,0.1936127744510978,-0.010645375914836941,0.09148369926813049
all_462_best_model,brx,tam,brx->tam,1503,0.27478376580172986,0.39986693280106456,0.47238855622089154,0.34333007161651835,0.6200671792030334,0.13882887363433838,0.33005291223526,0.15741749107837677,0.29001426696777344,0.8502994011976048,0.8223552894211577,0.8363273453093812,labse_baseline,1503,0.1703260146373919,0.27811044577511645,0.3260146373918829,0.22571282707482404,0.23680610954761505,0.16852083802223206,0.08973287045955658,0.10224799066781998,0.14707323908805847,0.612109115103127,0.7890884896872921,0.7005988023952096,0.10445775116433798,0.1217564870259481,0.14637391882900863,0.11761724454169431,0.3832610696554184,0.24032004177570343,0.14294102787971497,0.2381902860944778,0.03326679973386559,0.1357285429141717
all_462_best_model,brx,tel,brx->tel,1503,0.3040585495675316,0.43912175648702595,0.5209580838323353,0.3775559685206547,0.6439111232757568,0.12979905307292938,0.33483222126960754,0.15644986927509308,0.3090789020061493,0.8862275449101796,0.8256819693945442,0.8559547571523619,labse_baseline,1503,0.17365269461077845,0.2860944777112442,0.3426480372588157,0.23337007868037005,0.24407830834388733,0.17467373609542847,0.09233902394771576,0.10415592044591904,0.15173928439617157,0.6174318030605456,0.7977378576180971,0.7075848303393213,0.13040585495675314,0.15302727877578176,0.17831004657351962,0.14418588984028466,0.3998328149318695,0.24249319732189178,0.15733961760997772,0.26879574184963406,0.027944111776447067,0.14836992681304062
all_462_best_model,brx,urd,brx->urd,1503,0.3193612774451098,0.47704590818363274,0.5475715236194278,0.39832462584994843,0.6497305035591125,0.12147057801485062,0.3303469717502594,0.15589171648025513,0.31938353180885315,0.8995342648037259,0.833666001330672,0.866600133067199,labse_baseline,1503,0.17964071856287425,0.29474384564204925,0.3499667332002661,0.23911921777569184,0.22804886102676392,0.16879934072494507,0.0842670202255249,0.10018043965101242,0.143781840801239,0.6161011310711909,0.7777777777777778,0.6969394544244844,0.13972055888223553,0.1823020625415835,0.19760479041916174,0.1592054080742566,0.42168164253234863,0.2460799515247345,0.17560169100761414,0.283433133732535,0.055888223552894245,0.1696606786427146
all_462_best_model,doi,asm,doi->asm,1503,0.7631403858948769,0.8769128409846972,0.9108449767132402,0.8150852374309671,0.7861736416816711,0.11300256848335266,0.351957231760025,0.15188072621822357,0.4342164099216461,0.9494344644045243,0.9181636726546906,0.9337990685296074,labse_baseline,1503,0.7338656021290751,0.8629407850964738,0.8895542248835662,0.7945487884471081,0.5947585105895996,0.17456892132759094,0.19825054705142975,0.1281864196062088,0.39650796353816986,0.8569527611443779,0.9181636726546906,0.8875582168995342,0.029274783765801726,0.013972055888223478,0.021290751829673993,0.02053644898385898,0.19141513109207153,0.15370668470859528,0.03770844638347626,0.09248170326014638,0.0,0.04624085163007319
all_462_best_model,doi,ben,doi->ben,1503,0.7837658017298735,0.906187624750499,0.9334664005322688,0.841722222508326,0.7956025004386902,0.11071125417947769,0.35349759459495544,0.15015558898448944,0.44210490584373474,0.9600798403193613,0.9234863606121091,0.9417831004657352,labse_baseline,1503,0.7850964737192282,0.8962075848303394,0.9221556886227545,0.8363011352323875,0.5975862145423889,0.18246422708034515,0.22154609858989716,0.13319629430770874,0.37604011595249176,0.8403193612774451,0.9075182967398536,0.8739188290086494,-0.0013306719893546592,0.009980039920159611,0.01131071190951427,0.005421087275938485,0.19801628589630127,0.1319514960050583,0.06606478989124298,0.11976047904191622,0.015968063872255467,0.06786427145708585
all_462_best_model,doi,brx,doi->brx,1503,0.3100465735196274,0.4644045242847638,0.5302727877578177,0.39072760867270034,0.6667569279670715,0.1337546557188034,0.3277878165245056,0.16701149940490723,0.3389691114425659,0.8875582168995343,0.8409846972721224,0.8642714570858283,labse_baseline,1503,0.21889554224883567,0.334664005322688,0.3992015968063872,0.2816479005062066,0.32677939534187317,0.1805734932422638,0.11284047365188599,0.11090890318155289,0.21393892168998718,0.677977378576181,0.852960745176314,0.7654690618762475,0.09115103127079172,0.12974051896207583,0.1310711909514305,0.10907970816649376,0.33997753262519836,0.21494734287261963,0.12503018975257874,0.20958083832335328,-0.0119760479041916,0.09880239520958078
all_462_best_model,doi,guj,doi->guj,1503,0.8043912175648703,0.9028609447771124,0.9301397205588823,0.850145313119479,0.8020890355110168,0.11237215995788574,0.3554301857948303,0.15164506435394287,0.4466588497161865,0.9454424484364604,0.9248170326014638,0.935129740518962,labse_baseline,1503,0.7924151696606786,0.8982035928143712,0.9181636726546906,0.840191763638829,0.5938915014266968,0.18464717268943787,0.22305206954479218,0.13055579364299774,0.3708394318819046,0.8330006653359947,0.916833000665336,0.8749168330006654,0.011976047904191711,0.004657351962741196,0.011976047904191711,0.009953549480650081,0.20819753408432007,0.13237811625003815,0.07581941783428192,0.11244178310046571,0.007984031936127733,0.060212907518296666
all_462_best_model,doi,hin,doi->hin,1503,0.8183632734530938,0.9261477045908184,0.9454424484364604,0.8654580766232458,0.8114579916000366,0.11065182834863663,0.3558632731437683,0.15072210133075714,0.4555947184562683,0.9647371922821024,0.9341317365269461,0.9494344644045243,labse_baseline,1503,0.801729873586161,0.9048569527611444,0.9354624085163007,0.8483035325230487,0.6022065281867981,0.18753144145011902,0.2282627522945404,0.13146565854549408,0.3739437758922577,0.83166999334664,0.9155023286759814,0.8735861610113107,0.016633399866932796,0.021290751829673993,0.009980039920159722,0.017154544100197122,0.20925146341323853,0.1276005208492279,0.08165094256401062,0.13306719893546237,0.018629407850964785,0.07584830339321358
all_462_best_model,doi,kan,doi->kan,1503,0.6966067864271457,0.8310046573519627,0.872255489021956,0.7581366342318472,0.7715116739273071,0.1220787763595581,0.35257333517074585,0.154118150472641,0.4189383387565613,0.93812375249501,0.9121756487025948,0.9251497005988024,labse_baseline,1503,0.6852960745176314,0.8276779773785762,0.872255489021956,0.7517180784271325,0.5851699709892273,0.18160484731197357,0.21213436126708984,0.13103769719600677,0.37303560972213745,0.8283433133732535,0.9055222887558216,0.8669328010645376,0.01131071190951427,0.003326679973386537,0.0,0.006418555804714732,0.18634170293807983,0.140438973903656,0.04590272903442383,0.1097804391217565,0.006653359946773185,0.05821689953426479
all_462_best_model,doi,kas,doi->kas,1503,0.44377910844976715,0.6014637391882901,0.667332002661344,0.5204300340379866,0.7044281959533691,0.13192348182201385,0.33940741419792175,0.16689284145832062,0.3650207817554474,0.9075182967398536,0.8536260811709914,0.8805721889554226,labse_baseline,1503,0.39454424484364603,0.5402528276779773,0.6094477711244178,0.4668537171896336,0.43851158022880554,0.19335681200027466,0.13577404618263245,0.12414655089378357,0.3027375340461731,0.7664670658682635,0.8775781769793746,0.8220226214238191,0.049234863606121115,0.06121091151031277,0.05788423153692612,0.05357631684835301,0.2659166157245636,0.2036333680152893,0.06228324770927429,0.1410512308715901,-0.0239520958083832,0.05854956753160345
all_462_best_model,doi,gom,doi->gom,1503,0.6200931470392548,0.7731204258150366,0.8243512974051896,0.6888069438107259,0.751728892326355,0.12650398910045624,0.34246963262557983,0.15854497253894806,0.40925925970077515,0.9301397205588823,0.8995342648037259,0.914836992681304,labse_baseline,1503,0.5914836992681304,0.7391882900864937,0.791084497671324,0.661471932223307,0.5465707778930664,0.1914970725774765,0.17077405750751495,0.13638493418693542,0.37579672038555145,0.8163672654690619,0.8968729208250167,0.8566200931470394,0.028609447771124397,0.03393213572854292,0.03326679973386559,0.02733501158741891,0.20515811443328857,0.17169557511806488,0.033462539315223694,0.11377245508982037,0.0026613439787092075,0.05821689953426468
all_462_best_model,doi,mai,doi->mai,1503,0.7225548902195609,0.8596141051230871,0.8895542248835662,0.785189036618683,0.7875060439109802,0.11741536855697632,0.35306835174560547,0.1596066653728485,0.43443769216537476,0.9447771124417831,0.9001996007984032,0.9224883566200932,labse_baseline,1503,0.7119095143047239,0.8489687292082502,0.8835662009314704,0.7751873630323749,0.6035214066505432,0.1828830987215042,0.19477017223834991,0.13452178239822388,0.4087512344121933,0.850964737192282,0.914836992681304,0.8829008649367931,0.010645375914836941,0.010645375914836941,0.0059880239520957446,0.010001673586308102,0.183984637260437,0.15829817950725555,0.025686457753181458,0.09381237524950103,-0.014637391882900808,0.03958749168330011
all_462_best_model,doi,mal,doi->mal,1503,0.7212242182302062,0.8576180971390552,0.8942115768463074,0.7842268213247204,0.7685544490814209,0.1181730404496193,0.3491736352443695,0.14933393895626068,0.4193808138370514,0.9367930805056554,0.914836992681304,0.9258150365934796,labse_baseline,1503,0.7278775781769794,0.8596141051230871,0.8982035928143712,0.7886289403052028,0.5799059271812439,0.17865993082523346,0.20865000784397125,0.12666131556034088,0.37125591933727264,0.844311377245509,0.9121756487025948,0.8782435129740519,-0.006653359946773185,-0.001996007984031878,-0.003992015968063867,-0.004402118980482372,0.188648521900177,0.14052362740039825,0.04812489449977875,0.09248170326014638,0.0026613439787092075,0.047571523619427736
all_462_best_model,doi,mni,doi->mni,1503,0.0385894876912841,0.13107119095143047,0.18163672654690619,0.11103279839149335,0.5885251760482788,0.13454490900039673,0.3412337601184845,0.17760132253170013,0.2472914159297943,0.8163672654690619,0.7538256819693946,0.7850964737192283,labse_baseline,1503,0.009314703925482368,0.041916167664670656,0.06254158349966733,0.03373985421950538,0.12825335562229156,0.14582954347133636,0.05228622630238533,0.09541969746351242,0.07596712931990623,0.5043246839654025,0.7358616101131071,0.6200931470392548,0.02927478376580173,0.08915502328675981,0.11909514304723885,0.07729294417198798,0.46027182042598724,0.28894753381609917,0.17132428660988808,0.3120425815036594,0.017964071856287456,0.16500332667997353
all_462_best_model,doi,mar,doi->mar,1503,0.803725881570193,0.9048569527611444,0.9341317365269461,0.850289875319732,0.8009510040283203,0.11086132377386093,0.3546353876590729,0.15124279260635376,0.44631561636924744,0.957418496340652,0.9254823685961411,0.9414504324683965,labse_baseline,1503,0.7884231536926147,0.8928809048569527,0.929474384564205,0.8378955127353955,0.6008635759353638,0.18470412492752075,0.2226162850856781,0.13095150887966156,0.37824729084968567,0.83166999334664,0.914836992681304,0.873253493013972,0.015302727877578248,0.011976047904191711,0.004657351962741196,0.01239436258433646,0.20008742809295654,0.13201910257339478,0.06806832551956177,0.12574850299401197,0.010645375914837052,0.06819693945442451
all_462_best_model,doi,npi,doi->npi,1503,0.8130405854956753,0.9115103127079175,0.9334664005322688,0.857835698209017,0.8049982190132141,0.11064180731773376,0.35450515151023865,0.14890797436237335,0.45049306750297546,0.9600798403193613,0.9301397205588823,0.9451097804391217,labse_baseline,1503,0.7957418496340652,0.9035262807717898,0.9321357285429142,0.8448507356258115,0.6062750816345215,0.18332166969776154,0.21938037872314453,0.12967334687709808,0.38689470291137695,0.8409846972721224,0.9188290086493679,0.8799068529607452,0.017298735861610015,0.007984031936127733,0.0013306719893546592,0.012984962583205473,0.19872313737869263,0.13512477278709412,0.06359836459159851,0.1190951430472389,0.011310711909514382,0.06520292747837653
all_462_best_model,doi,ory,doi->ory,1503,0.7890884896872921,0.9101796407185628,0.9387890884896873,0.8442442327055227,0.7955423593521118,0.10609909147024155,0.35040006041526794,0.15249964594841003,0.44514229893684387,0.9627411842980705,0.9234863606121091,0.9431137724550898,labse_baseline,1503,0.7777777777777778,0.89354624085163,0.9174983366600133,0.831094043192507,0.5989484786987305,0.17535950243473053,0.21153879165649414,0.12947052717208862,0.38740968704223633,0.854956753160346,0.9181636726546906,0.8865602129075183,0.01131071190951427,0.016633399866932796,0.021290751829673993,0.01315018951301572,0.19659388065338135,0.1388612687587738,0.057732611894607544,0.10778443113772451,0.005322687957418526,0.056553559547571464
all_462_best_model,doi,pan,doi->pan,1503,0.7904191616766467,0.9088489687292083,0.9301397205588823,0.843241714091267,0.7929369211196899,0.1155846044421196,0.3502133786678314,0.14994044601917267,0.4427235424518585,0.9454424484364604,0.9261477045908184,0.9357950765136394,labse_baseline,1503,0.780439121756487,0.9048569527611444,0.9268130405854956,0.837771855182671,0.5995483994483948,0.18257296085357666,0.20972739160060883,0.13028384745121002,0.38982100784778595,0.8483033932135728,0.9241516966067864,0.8862275449101796,0.009980039920159722,0.003992015968063867,0.003326679973386648,0.00546985890859597,0.19338852167129517,0.1404859870672226,0.05290253460407257,0.09713905522288757,0.001996007984031989,0.049567531603459725
all_462_best_model,doi,san,doi->san,1503,0.564870259481038,0.7285429141716567,0.7877578176979375,0.6421181249926676,0.731072187423706,0.1303771585226059,0.34575024247169495,0.16141077876091003,0.3853219449520111,0.9221556886227545,0.8802395209580839,0.9011976047904192,labse_baseline,1503,0.5129740518962076,0.6719893546240852,0.7431803060545575,0.592079479934585,0.48398345708847046,0.1907861977815628,0.15507112443447113,0.13122640550136566,0.32891233265399933,0.801729873586161,0.8902195608782435,0.8459747172322023,0.05189620758483038,0.056553559547571575,0.044577511643379975,0.05003864505808264,0.2470887303352356,0.19067911803722382,0.05640961229801178,0.12042581503659355,-0.009980039920159611,0.055222887558216915
all_462_best_model,doi,sat,doi->sat,1503,0.03992015968063872,0.17964071856287425,0.2275449101796407,0.15009434944840155,0.6093272566795349,0.12941792607307434,0.3427310287952423,0.1822015792131424,0.2665962278842926,0.8409846972721224,0.7677977378576181,0.8043912175648702,labse_baseline,1503,0.009314703925482368,0.04058549567531603,0.06054557551563539,0.033680618044860944,0.13396689295768738,0.14392831921577454,0.05751226097345352,0.0917973443865776,0.07645463198423386,0.5043246839654025,0.7478376580172987,0.6260811709913506,0.030605455755156354,0.13905522288755823,0.16699933466400532,0.11641373140354061,0.47536036372184753,0.2852187678217888,0.19014159590005875,0.3366600133067199,0.019960079840319334,0.17831004657351956
all_462_best_model,doi,snd,doi->snd,1503,0.6134397870924817,0.7571523619427811,0.8090485695276114,0.6809010518990722,0.7557081580162048,0.13243749737739563,0.3434397578239441,0.15898773074150085,0.41226840019226074,0.9214903526280772,0.8922155688622755,0.9068529607451763,labse_baseline,1503,0.5801729873586161,0.729208250166334,0.7797737857618097,0.6504473650233049,0.5527132749557495,0.19385714828968048,0.1734919250011444,0.1328384280204773,0.3792213499546051,0.8216899534264803,0.8995342648037259,0.8606121091151031,0.03326679973386559,0.027944111776447178,0.029274783765801726,0.030453686875767327,0.20299488306045532,0.16994783282279968,0.03304705023765564,0.09980039920159689,-0.007318695941450404,0.04624085163007319
all_462_best_model,doi,tam,doi->tam,1503,0.6526946107784432,0.7904191616766467,0.8276779773785762,0.7152796461090755,0.7379314303398132,0.13226553797721863,0.34937959909439087,0.15164557099342346,0.38855183124542236,0.9095143047238856,0.8928809048569527,0.9011976047904191,labse_baseline,1503,0.6766467065868264,0.8163672654690619,0.8589487691284099,0.7400539095759828,0.5489510893821716,0.18281181156635284,0.21314573287963867,0.1260644793510437,0.33580535650253296,0.8143712574850299,0.8982035928143712,0.8562874251497006,-0.0239520958083832,-0.02594810379241519,-0.031270791749833715,-0.024774263466907365,0.1889803409576416,0.1362338662147522,0.052746474742889404,0.0951430472388557,-0.005322687957418526,0.04491017964071853
all_462_best_model,doi,tel,doi->tel,1503,0.7445109780439122,0.8749168330006654,0.9041916167664671,0.8027384545655611,0.7833706140518188,0.1190347820520401,0.35657477378845215,0.15143844485282898,0.4267958402633667,0.9441117764471058,0.9128409846972722,0.928476380572189,labse_baseline,1503,0.7584830339321357,0.8669328010645376,0.9015302727877578,0.810973311894319,0.5922307968139648,0.18325670063495636,0.2187006175518036,0.13146552443504333,0.37353017926216125,0.8310046573519627,0.9141716566866267,0.8725881570192947,-0.013972055888223478,0.007984031936127733,0.0026613439787093185,-0.008234857328757839,0.191139817237854,0.13787415623664856,0.053265661001205444,0.11310711909514304,-0.0013306719893545482,0.055888223552894245
all_462_best_model,doi,urd,doi->urd,1503,0.8090485695276114,0.9141716566866267,0.9427811044577512,0.8578781393141679,0.8062957525253296,0.10736153274774551,0.35374701023101807,0.15138591825962067,0.4525487422943115,0.9620758483033932,0.9261477045908184,0.9441117764471059,labse_baseline,1503,0.8077178975382568,0.9088489687292083,0.9367930805056554,0.8541296142358132,0.6022721529006958,0.1808912456035614,0.22025273740291595,0.128630131483078,0.38201941549777985,0.8403193612774451,0.9208250166333999,0.8805721889554226,0.0013306719893545482,0.005322687957418415,0.005988023952095856,0.0037485250783546586,0.2040235996246338,0.1334942728281021,0.07052932679653168,0.1217564870259481,0.005322687957418526,0.06353958749168331
all_462_best_model,guj,asm,guj->asm,1503,0.9088489687292083,0.9647371922821024,0.9767132401862941,0.9362978673868071,0.8670400977134705,0.09069634974002838,0.3641311526298523,0.14919012784957886,0.5029089450836182,0.9760479041916168,0.9467731204258151,0.961410512308716,labse_baseline,1503,0.9141716566866267,0.9713905522288756,0.9813705921490352,0.9400975995131593,0.7863742113113403,0.11741742491722107,0.30905064940452576,0.1259845793247223,0.4773235619068146,0.957418496340652,0.9647371922821024,0.9610778443113772,-0.005322687957418415,-0.006653359946773185,-0.004657351962741085,-0.0037997321263522066,0.08066588640213013,0.05508050322532654,0.02558538317680359,0.018629407850964785,-0.017964071856287345,0.00033266799733877583
all_462_best_model,guj,ben,guj->ben,1503,0.9414504324683965,0.9800399201596807,0.9880239520958084,0.958595519473932,0.8914992213249207,0.08359009027481079,0.36820223927497864,0.14945849776268005,0.523296982049942,0.9833666001330672,0.9567531603459747,0.9700598802395209,labse_baseline,1503,0.9514304723885563,0.9853626081170991,0.9920159680638723,0.9672529860428474,0.8655688166618347,0.09320464730262756,0.38687852025032043,0.11946458369493484,0.4786902964115143,0.9753825681969395,0.9634065202927479,0.9693945442448437,-0.009980039920159722,-0.005322687957418415,-0.003992015968063867,-0.008657466568915417,0.025930404663085938,-0.018676280975341797,0.044606685638427734,0.007984031936127733,-0.006653359946773185,0.0006653359946772186
all_462_best_model,guj,brx,guj->brx,1503,0.32934131736526945,0.48303393213572854,0.562874251497006,0.408719039113054,0.6522080302238464,0.12212970107793808,0.32660165429115295,0.15905609726905823,0.3256063759326935,0.9021956087824351,0.844311377245509,0.873253493013972,labse_baseline,1503,0.1330671989354624,0.22488356620093147,0.2661343978709248,0.18182079552227456,0.22917982935905457,0.16878946125507355,0.08313071727752686,0.1024070531129837,0.1460491120815277,0.6200931470392548,0.7964071856287425,0.7082501663339986,0.19627411842980705,0.25815036593479707,0.2967398536260812,0.22689824359077945,0.42302820086479187,0.2434709370136261,0.17955726385116577,0.2821024617431803,0.04790419161676651,0.16500332667997342
all_462_best_model,guj,doi,guj->doi,1503,0.7937458416500333,0.9035262807717898,0.9281437125748503,0.8460493080787352,0.8020890355110168,0.11237215995788574,0.3525564968585968,0.15474683046340942,0.44953253865242004,0.9454424484364604,0.9228210246174318,0.9341317365269461,labse_baseline,1503,0.6560212907518297,0.7890884896872921,0.8256819693945442,0.7190915850211917,0.5938915014266968,0.18464717268943787,0.21978513896465302,0.13477008044719696,0.37410636246204376,0.8343313373253493,0.9155023286759814,0.8749168330006654,0.13772455089820357,0.1144377910844977,0.1024617431803061,0.1269577230575435,0.20819753408432007,0.1327713578939438,0.07542617619037628,0.11111111111111116,0.007318695941450404,0.05921490352628078
all_462_best_model,guj,hin,guj->hin,1503,0.9434464404524284,0.9780439121756487,0.9840319361277445,0.9601686018911838,0.8978685140609741,0.08344125002622604,0.37065112590789795,0.14950968325138092,0.5272173881530762,0.9827012641383899,0.957418496340652,0.9700598802395209,labse_baseline,1503,0.9534264803725881,0.9880239520958084,0.9920159680638723,0.9696577787292994,0.8742985129356384,0.09431955963373184,0.41306233406066895,0.11434771865606308,0.4612361788749695,0.9693945442448436,0.9673985362608117,0.9683965402528276,-0.009980039920159722,-0.009980039920159722,-0.007984031936127733,-0.009489176838115565,0.023570001125335693,-0.042411208152770996,0.06598120927810669,0.01330671989354626,-0.009980039920159722,0.001663339986693324
all_462_best_model,guj,kan,guj->kan,1503,0.8489687292082502,0.927478376580173,0.9447771124417831,0.8871566085082493,0.8336042761802673,0.10989870131015778,0.36360758543014526,0.15029805898666382,0.46999669075012207,0.9614105123087159,0.9341317365269461,0.9477711244178311,labse_baseline,1503,0.8396540252827678,0.9214903526280772,0.9387890884896873,0.879316814864544,0.7505074739456177,0.1490815281867981,0.3235859274864197,0.13370375335216522,0.426921546459198,0.9161676646706587,0.9394544244843646,0.9278110445775116,0.009314703925482393,0.0059880239520957446,0.0059880239520957446,0.00783979364370524,0.08309680223464966,0.040021657943725586,0.04307514429092407,0.04524284763805719,-0.005322687957418415,0.019960079840319445
all_462_best_model,guj,kas,guj->kas,1503,0.48902195608782434,0.6320691949434465,0.7059214903526281,0.5634751200906573,0.6972835063934326,0.12678262591362,0.34085920453071594,0.15992461144924164,0.3564243018627167,0.9155023286759814,0.8589487691284099,0.8872255489021956,labse_baseline,1503,0.3286759813705922,0.46773120425815035,0.5176314038589488,0.39596809747093115,0.34537652134895325,0.20756663382053375,0.1024438664317131,0.1263982355594635,0.24293265491724014,0.6959414504324684,0.8290086493679308,0.7624750499001995,0.16034597471723216,0.16433799068529614,0.1882900864936793,0.1675070226197261,0.35190698504447937,0.23841533809900284,0.11349164694547653,0.219560878243513,0.029940119760479056,0.12475049900199608
all_462_best_model,guj,gom,guj->gom,1503,0.7677977378576181,0.8815701929474384,0.9141716566866267,0.8192300868660419,0.783786416053772,0.11463210731744766,0.347897469997406,0.15220418572425842,0.43588894605636597,0.9514304723885563,0.9214903526280772,0.9364604125083167,labse_baseline,1503,0.6506986027944112,0.7711244178310046,0.8110445775116434,0.7091831275307814,0.5827683210372925,0.18946625292301178,0.20633913576602936,0.1443977653980255,0.3764291852712631,0.8356620093147039,0.8982035928143712,0.8669328010645376,0.1170991350632069,0.11044577511643383,0.10312707917498332,0.11004695933526054,0.2010180950164795,0.14155833423137665,0.059459760785102844,0.11576846307385236,0.02328675981370598,0.06952761144377906
all_462_best_model,guj,mai,guj->mai,1503,0.8436460412508316,0.9308050565535595,0.9514304723885563,0.8833505353932584,0.8179129362106323,0.10180173069238663,0.3591870069503784,0.1550866812467575,0.4587259292602539,0.9680638722554891,0.9288090485695276,0.9484364604125084,labse_baseline,1503,0.7950765136393879,0.8995342648037259,0.9288090485695276,0.8433660253147863,0.6721198558807373,0.1520700454711914,0.27000051736831665,0.13238267600536346,0.40211933851242065,0.8908848968729208,0.9228210246174318,0.9068529607451763,0.04856952761144373,0.031270791749833604,0.022621423819028652,0.039984510078472035,0.14579308032989502,0.08918648958206177,0.05660659074783325,0.07717897538256824,0.005988023952095856,0.0415834996673321
all_462_best_model,guj,mal,guj->mal,1503,0.895542248835662,0.9580838323353293,0.9727212242182302,0.9244152969066133,0.8561252355575562,0.09627243876457214,0.36471498012542725,0.1496581882238388,0.4914102554321289,0.9693945442448436,0.9454424484364604,0.957418496340652,labse_baseline,1503,0.9141716566866267,0.9700598802395209,0.9773785761809713,0.939122316849919,0.8135159015655518,0.11319395154714584,0.3553301990032196,0.1212894544005394,0.45818570256233215,0.9520958083832335,0.957418496340652,0.9547571523619427,-0.018629407850964674,-0.0119760479041916,-0.004657351962741196,-0.0147070199433057,0.042609333992004395,0.009384781122207642,0.03322455286979675,0.017298735861610126,-0.0119760479041916,0.0026613439787093185
all_462_best_model,guj,mni,guj->mni,1503,0.03127079174983367,0.13506320691949433,0.1763140385894877,0.10692171571661428,0.5754387378692627,0.12314608693122864,0.345070481300354,0.17302413284778595,0.2303682565689087,0.823020625415835,0.7498336660013307,0.7864271457085829,labse_baseline,1503,0.0053226879574184965,0.02927478376580173,0.04524284763805722,0.0256943061502172,0.056770846247673035,0.1301606297492981,0.003484027925878763,0.08766162395477295,0.05328681832179427,0.47305389221556887,0.6613439787092482,0.5671989354624085,0.02594810379241517,0.1057884231536926,0.13107119095143047,0.08122740956639708,0.5186678916215897,0.34158645337447524,0.17708143824711442,0.3499667332002661,0.08848968729208251,0.21922821024617434
all_462_best_model,guj,mar,guj->mar,1503,0.9427811044577512,0.980705256154358,0.9873586161011311,0.9587470519556605,0.8991294503211975,0.08050955832004547,0.3700639605522156,0.1495770812034607,0.5290654897689819,0.9846972721224219,0.9547571523619428,0.9697272122421823,labse_baseline,1503,0.9527611443779108,0.9906852960745176,0.9933466400532269,0.9686454256188657,0.8756943345069885,0.08959347754716873,0.3917098939418793,0.11712601035833359,0.48398444056510925,0.9780439121756487,0.9700598802395209,0.9740518962075848,-0.009980039920159611,-0.009980039920159611,-0.005988023952095856,-0.009898373663205229,0.023435115814208984,-0.021645933389663696,0.04508104920387268,0.006653359946773185,-0.015302727877578137,-0.0043246839654025315
all_462_best_model,guj,npi,guj->npi,1503,0.9500998003992016,0.9833666001330672,0.9900199600798403,0.9669404498689705,0.9030038118362427,0.07812341302633286,0.3700173795223236,0.1476404219865799,0.5329864323139191,0.9840319361277445,0.959414504324684,0.9717232202262143,labse_baseline,1503,0.9567531603459747,0.9880239520958084,0.9933466400532269,0.9720454687648635,0.8799601197242737,0.08813828229904175,0.3914477825164795,0.11798221617937088,0.4885123372077942,0.9800399201596807,0.9720558882235529,0.9760479041916168,-0.006653359946773074,-0.004657351962741196,-0.003326679973386648,-0.005105018895892988,0.023043692111968994,-0.021430402994155884,0.04447409510612488,0.003992015968063867,-0.01264138389886893,-0.0043246839654025315
all_462_best_model,guj,ory,guj->ory,1503,0.9301397205588823,0.9727212242182302,0.978709248170326,0.9501593022462874,0.8844741582870483,0.08717620372772217,0.3643147945404053,0.15020908415317535,0.5201593637466431,0.978709248170326,0.9547571523619428,0.9667332002661344,labse_baseline,1503,0.9334664005322688,0.9760479041916168,0.9846972721224219,0.9548177129632978,0.8462585210800171,0.10456036776304245,0.3650234043598175,0.11982670426368713,0.4812351167201996,0.9580838323353293,0.9673985362608117,0.9627411842980705,-0.003326679973386537,-0.003326679973386648,-0.005988023952095856,-0.004658410717010342,0.03821563720703125,-0.0007086098194122314,0.03892424702644348,0.020625415834996663,-0.01264138389886893,0.003992015968063867
all_462_best_model,guj,pan,guj->pan,1503,0.9268130405854956,0.9720558882235529,0.9820359281437125,0.9498573497652656,0.8791438937187195,0.09204646199941635,0.3638162314891815,0.14873911440372467,0.515327662229538,0.9733865602129075,0.9527611443779108,0.9630738522954092,labse_baseline,1503,0.9467731204258151,0.9773785761809713,0.9860279441117764,0.9631580016383909,0.8472660779953003,0.10814494639635086,0.37076056003570557,0.12103808671236038,0.4765055179595947,0.9627411842980705,0.9654025282767797,0.9640718562874251,-0.019960079840319445,-0.005322687957418415,-0.003992015968063867,-0.013300651873125346,0.03187781572341919,-0.006944328546524048,0.03882214426994324,0.010645375914836941,-0.01264138389886893,-0.0009980039920158834
all_462_best_model,guj,san,guj->san,1503,0.7272122421823021,0.8642714570858283,0.9048569527611444,0.789259791035598,0.7658091187477112,0.1129756048321724,0.3518473207950592,0.15552228689193726,0.413961797952652,0.9494344644045243,0.9101796407185628,0.9298070525615436,labse_baseline,1503,0.5322687957418496,0.6939454424484365,0.7531603459747173,0.6098219578645737,0.509768009185791,0.1808355748653412,0.18838021159172058,0.13075633347034454,0.32138779759407043,0.8083832335329342,0.89354624085163,0.8509647371922822,0.19494344644045247,0.17032601463739183,0.15169660678642716,0.17943783317102424,0.25604110956192017,0.16346710920333862,0.09257400035858154,0.1410512308715901,0.016633399866932796,0.07884231536926145
all_462_best_model,guj,sat,guj->sat,1503,0.034597471723220224,0.15568862275449102,0.21224218230206254,0.14240422685004578,0.5870315432548523,0.12615440785884857,0.34380409121513367,0.17545831203460693,0.24322745203971863,0.8396540252827678,0.7544910179640718,0.7970725216234198,labse_baseline,1503,0.007318695941450432,0.024617431803060547,0.03792415169660679,0.02367739436787134,0.058222509920597076,0.12506546080112457,0.0072557940147817135,0.07901645451784134,0.05096671590581536,0.4517631403858949,0.677977378576181,0.564870259481038,0.027278775781769793,0.13107119095143047,0.17431803060545575,0.11872683248217444,0.5288090333342552,0.33654829720035195,0.19226073613390326,0.3878908848968729,0.0765136393878908,0.23220226214238182
all_462_best_model,guj,snd,guj->snd,1503,0.6986027944111777,0.8310046573519627,0.8749168330006654,0.761215399813563,0.7580316066741943,0.11999649554491043,0.34794437885284424,0.15243741869926453,0.4100872278213501,0.9367930805056554,0.906187624750499,0.9214903526280771,labse_baseline,1503,0.4916833000665336,0.6400532268795742,0.6906187624750499,0.5642338773426508,0.4938579201698303,0.19377540051937103,0.18130119144916534,0.13325025141239166,0.312556728720665,0.7791084497671324,0.8815701929474384,0.8303393213572854,0.20691949434464407,0.1909514304723885,0.18429807052561542,0.19698152247091216,0.264173686504364,0.1666431874036789,0.09753049910068512,0.1576846307385229,0.02461743180306053,0.09115103127079172
all_462_best_model,guj,tam,guj->tam,1503,0.8290086493679308,0.9088489687292083,0.9234863606121091,0.8667979804527158,0.8203270435333252,0.11510487645864487,0.3654724657535553,0.14976942539215088,0.4548545777797699,0.9474384564204924,0.9314703925482368,0.9394544244843646,labse_baseline,1503,0.8695941450432468,0.9334664005322688,0.9474384564204924,0.9001489346882876,0.7816457152366638,0.12624754011631012,0.37192827463150024,0.11823557317256927,0.4097174406051636,0.9308050565535595,0.9500998003992016,0.9404524284763806,-0.040585495675316,-0.02461743180306053,-0.02395209580838331,-0.03335095423557177,0.03868132829666138,-0.006455808877944946,0.04513713717460632,0.016633399866932908,-0.018629407850964785,-0.0009980039920159944
all_462_best_model,guj,tel,guj->tel,1503,0.9075182967398536,0.9627411842980705,0.9727212242182302,0.9335420696941658,0.8679428100585938,0.09317195415496826,0.3709319233894348,0.1509765386581421,0.49701088666915894,0.9720558882235529,0.9481037924151696,0.9600798403193613,labse_baseline,1503,0.9241516966067864,0.9747172322022621,0.9846972721224219,0.9475116123754326,0.8326460719108582,0.1065584048628807,0.37711966037750244,0.12157908082008362,0.4555264115333557,0.9667332002661344,0.9587491683300067,0.9627411842980705,-0.016633399866932796,-0.0119760479041916,-0.011976047904191711,-0.013969542681266822,0.035296738147735596,-0.006187736988067627,0.04148447513580322,0.005322687957418526,-0.010645375914837052,-0.0026613439787092075
all_462_best_model,guj,urd,guj->urd,1503,0.9534264803725881,0.978709248170326,0.9853626081170991,0.9659242770470448,0.9038656949996948,0.07875710725784302,0.3697679936885834,0.1505793035030365,0.5340977013111115,0.9827012641383899,0.9580838323353293,0.9703925482368596,labse_baseline,1503,0.9587491683300067,0.9886892880904857,0.9920159680638723,0.9727260199898741,0.8825376629829407,0.08907174319028854,0.39933469891548157,0.11571018397808075,0.4832029640674591,0.9793745841650033,0.9733865602129075,0.9763805721889554,-0.005322687957418526,-0.009980039920159722,-0.006653359946773185,-0.006801742942829314,0.02132803201675415,-0.029566705226898193,0.050894737243652344,0.003326679973386537,-0.015302727877578137,-0.0059880239520957446
all_462_best_model,hin,asm,hin->asm,1503,0.9188290086493679,0.9707252162341983,0.9780439121756487,0.9429064115721413,0.8636772632598877,0.08838016539812088,0.36397191882133484,0.14820916950702667,0.49970534443855286,0.980705256154358,0.9407850964737192,0.9607451763140387,labse_baseline,1503,0.9135063206919495,0.9700598802395209,0.9767132401862941,0.9381042797696001,0.771601140499115,0.12004456669092178,0.3131653666496277,0.1259557008743286,0.4584357738494873,0.9580838323353293,0.957418496340652,0.9577511643379907,0.005322687957418415,0.0006653359946773296,0.0013306719893545482,0.004802131802541187,0.0920761227607727,0.05080655217170715,0.04126957058906555,0.022621423819028652,-0.016633399866932796,0.0029940119760479833
all_462_best_model,hin,ben,hin->ben,1503,0.9500998003992016,0.9860279441117764,0.9900199600798403,0.9680947028284819,0.8935064673423767,0.07701950520277023,0.36794278025627136,0.14840850234031677,0.5255636870861053,0.9880239520958084,0.9640718562874252,0.9760479041916168,labse_baseline,1503,0.9587491683300067,0.9886892880904857,0.9913506320691949,0.9740007413315139,0.8613099455833435,0.090781569480896,0.39558494091033936,0.117368184030056,0.46572500467300415,0.9707252162341983,0.9614105123087159,0.9660678642714571,-0.008649367930805063,-0.0026613439787093185,-0.0013306719893546592,-0.005906038503032063,0.0321965217590332,-0.027642160654067993,0.059838682413101196,0.017298735861610126,0.0026613439787093185,0.009980039920159722
all_462_best_model,hin,brx,hin->brx,1503,0.35063206919494344,0.5109780439121756,0.5941450432468397,0.431811847937239,0.6525682210922241,0.12585221230983734,0.3268905580043793,0.1568225920200348,0.32567766308784485,0.9008649367930806,0.850964737192282,0.8759148369926812,labse_baseline,1503,0.1370592149035263,0.2268795741849634,0.2721224218230206,0.18582116034665602,0.23592306673526764,0.1727496236562729,0.08668464422225952,0.10392185300588608,0.14923842251300812,0.6240851630073186,0.7937458416500333,0.708915502328676,0.21357285429141715,0.2840984697272122,0.3220226214238191,0.24599068759058296,0.4166451543569565,0.24020591378211975,0.17643924057483673,0.2767797737857619,0.05721889554224879,0.1669993346640053
all_462_best_model,hin,doi,hin->doi,1503,0.8170326014637392,0.9268130405854956,0.9494344644045243,0.8673578889157935,0.8114579916000366,0.11065182834863663,0.35527732968330383,0.15269093215465546,0.4561806619167328,0.9647371922821024,0.9254823685961411,0.9451097804391217,labse_baseline,1503,0.6620093147039254,0.7864271457085829,0.8256819693945442,0.7199229328716729,0.6022065281867981,0.18753144145011902,0.22611315548419952,0.13451817631721497,0.37609337270259857,0.8330006653359947,0.9041916167664671,0.8685961410512308,0.1550232867598138,0.14038589487691278,0.12375249500998009,0.1474349560441206,0.20925146341323853,0.1291641741991043,0.08008728921413422,0.1317365269461077,0.021290751829673993,0.07651363938789091
all_462_best_model,hin,guj,hin->guj,1503,0.936127744510978,0.9767132401862941,0.9846972721224219,0.9554813366143609,0.8978685140609741,0.08344125002622604,0.3708343803882599,0.14929640293121338,0.5270341336727142,0.9827012641383899,0.957418496340652,0.9700598802395209,labse_baseline,1503,0.9500998003992016,0.9833666001330672,0.9893546240851631,0.965500170060996,0.8742985129356384,0.09431955963373184,0.4121950566768646,0.11515936255455017,0.4621034562587738,0.9693945442448436,0.9687292082501663,0.969061876247505,-0.013972055888223589,-0.006653359946773074,-0.004657351962741196,-0.010018833446635123,0.023570001125335693,-0.041360676288604736,0.06493067741394043,0.01330671989354626,-0.01131071190951427,0.0009980039920159944
all_462_best_model,hin,kan,hin->kan,1503,0.872255489021956,0.9407850964737192,0.9580838323353293,0.9054448701529682,0.841183602809906,0.10536506772041321,0.3640676736831665,0.15014567971229553,0.4771159291267395,0.9634065202927479,0.9334664005322688,0.9484364604125084,labse_baseline,1503,0.8469727212242182,0.9288090485695276,0.9407850964737192,0.8847532576388686,0.7536546587944031,0.14559398591518402,0.32991138100624084,0.13496780395507812,0.42374327778816223,0.9181636726546906,0.9354624085163007,0.9268130405854956,0.02528276779773786,0.0119760479041916,0.017298735861610126,0.020691612514099567,0.08752894401550293,0.03415629267692566,0.05337265133857727,0.045242847638057304,-0.001996007984031878,0.02162341982701277
all_462_best_model,hin,kas,hin->kas,1503,0.5143047238855623,0.6506986027944112,0.7132401862940785,0.5829793528457365,0.6940451860427856,0.13021941483020782,0.34097784757614136,0.157583087682724,0.3530673384666443,0.8948769128409847,0.8562874251497006,0.8755821689953427,labse_baseline,1503,0.3147039254823686,0.4457751164337991,0.49700598802395207,0.3791685582486601,0.33941054344177246,0.20726796984672546,0.10157039761543274,0.12543341517448425,0.23784014582633972,0.7039254823685961,0.8263473053892215,0.7651363938789089,0.19960079840319367,0.20492348636061208,0.2162341982701264,0.20381079459707646,0.3546346426010132,0.23940744996070862,0.11522719264030457,0.1909514304723886,0.029940119760479056,0.11044577511643383
all_462_best_model,hin,gom,hin->gom,1503,0.7618097139055223,0.8882235528942116,0.9208250166333999,0.8176026524355304,0.7815990447998047,0.11494757980108261,0.34782177209854126,0.15048983693122864,0.4337772727012634,0.9560878243512974,0.9161676646706587,0.936127744510978,labse_baseline,1503,0.6274118429807053,0.7598137059214903,0.7964071856287425,0.6899964353059134,0.5775608420372009,0.19009889662265778,0.20964926481246948,0.14309872686862946,0.36791157722473145,0.8376580172987359,0.8968729208250167,0.8672654690618763,0.13439787092481703,0.1284098469727213,0.12441783100465742,0.12760621712961706,0.20403820276260376,0.13817250728607178,0.06586569547653198,0.11842980705256145,0.019294743845642004,0.06886227544910173
all_462_best_model,hin,mai,hin->mai,1503,0.8323353293413174,0.927478376580173,0.948769128409847,0.8752934799267614,0.8167516589164734,0.10696125775575638,0.36114880442619324,0.1539178192615509,0.45560285449028015,0.9647371922821024,0.9254823685961411,0.9451097804391217,labse_baseline,1503,0.7791084497671324,0.8775781769793746,0.9128409846972722,0.8270159337044946,0.6691989302635193,0.15574221312999725,0.27510344982147217,0.13242539763450623,0.3940954804420471,0.8822355289421158,0.9234863606121091,0.9028609447771124,0.05322687957418493,0.04990019960079839,0.0359281437125748,0.048277546222266876,0.1475527286529541,0.08604535460472107,0.06150737404823303,0.08250166333998665,0.001996007984031989,0.04224883566200932
all_462_best_model,hin,mal,hin->mal,1503,0.8962075848303394,0.9587491683300067,0.9720558882235529,0.9252261516985902,0.8563096523284912,0.09540311992168427,0.3641982078552246,0.14858803153038025,0.4921114444732666,0.9747172322022621,0.9441117764471058,0.959414504324684,labse_baseline,1503,0.908183632734531,0.9654025282767797,0.9767132401862941,0.9345993078482572,0.8093212842941284,0.11320112645626068,0.36227190494537354,0.12107940018177032,0.4470493793487549,0.9481037924151696,0.9580838323353293,0.9530938123752495,-0.0119760479041916,-0.006653359946773074,-0.004657351962741196,-0.009373156149666939,0.04698836803436279,0.0019263029098510742,0.04506206512451172,0.02661343978709252,-0.013972055888223589,0.00632069194943452
all_462_best_model,hin,mni,hin->mni,1503,0.03992015968063872,0.15036593479707253,0.19427811044577512,0.12835780431322275,0.5747515559196472,0.11842601746320724,0.34548500180244446,0.16759124398231506,0.22926655411720276,0.8383233532934131,0.7524950099800399,0.7954091816367266,labse_baseline,1503,0.005988023952095809,0.033932135728542916,0.046573519627411845,0.025606641193821993,0.04929802566766739,0.1287359744310379,-0.00010185025894315913,0.08850661665201187,0.04939987592661055,0.48369926813040587,0.6726546906187625,0.5781769793745841,0.033932135728542916,0.1164337990685296,0.14770459081836326,0.10275116311940075,0.5254535302519798,0.3455868520613876,0.1798666781905922,0.35462408516300725,0.07984031936127745,0.21723220226214246
all_462_best_model,hin,mar,hin->mar,1503,0.9434464404524284,0.980705256154358,0.9893546240851631,0.9604950847962234,0.896491289138794,0.07850353419780731,0.36966902017593384,0.14857588708400726,0.5268222689628601,0.9893546240851631,0.9560878243512974,0.9727212242182302,labse_baseline,1503,0.9494344644045243,0.9846972721224219,0.9906852960745176,0.9644476219555811,0.8687591552734375,0.09176280349493027,0.40051788091659546,0.1159965991973877,0.46824127435684204,0.9767132401862941,0.9667332002661344,0.9717232202262143,-0.005988023952095856,-0.003992015968063867,-0.0013306719893545482,-0.003952537159357727,0.027732133865356445,-0.03084886074066162,0.058580994606018066,0.01264138389886893,-0.010645375914837052,0.0009980039920158834
all_462_best_model,hin,npi,hin->npi,1503,0.9467731204258151,0.9846972721224219,0.9920159680638723,0.9647333574479222,0.900877058506012,0.07916221767663956,0.3702176511287689,0.14777053892612457,0.530659407377243,0.9860279441117764,0.9607451763140386,0.9733865602129075,labse_baseline,1503,0.9474384564204924,0.9873586161011311,0.9940119760479041,0.9664054936425713,0.8732040524482727,0.09326768666505814,0.4005280137062073,0.11647310107946396,0.47267603874206543,0.9760479041916168,0.9680638722554891,0.9720558882235529,-0.0006653359946773296,-0.0026613439787092075,-0.001996007984031878,-0.0016721361946491209,0.027673006057739258,-0.030310362577438354,0.05798336863517761,0.009980039920159611,-0.007318695941450515,0.0013306719893545482
all_462_best_model,hin,ory,hin->ory,1503,0.9354624085163007,0.9793745841650033,0.9880239520958084,0.9557802483257183,0.886237382888794,0.08156798779964447,0.36425480246543884,0.14907237887382507,0.5219825804233551,0.9846972721224219,0.9607451763140386,0.9727212242182302,labse_baseline,1503,0.9341317365269461,0.9773785761809713,0.9833666001330672,0.9541925459957088,0.8409289717674255,0.104215607047081,0.37266239523887634,0.1193641722202301,0.4682665765285492,0.9647371922821024,0.9687292082501663,0.9667332002661344,0.0013306719893545482,0.001996007984031989,0.004657351962741196,0.0015877023300094883,0.04530841112136841,-0.0084075927734375,0.05371600389480591,0.019960079840319445,-0.007984031936127733,0.0059880239520957446
all_462_best_model,hin,pan,hin->pan,1503,0.9321357285429142,0.9760479041916168,0.9840319361277445,0.9535303830733695,0.8842081427574158,0.08684834837913513,0.36488795280456543,0.148023322224617,0.5193201899528503,0.9853626081170991,0.9547571523619428,0.9700598802395209,labse_baseline,1503,0.9347970725216235,0.9820359281437125,0.9893546240851631,0.9561222923558088,0.8482791185379028,0.10260464996099472,0.3797656297683716,0.11915498971939087,0.46851348876953125,0.9700598802395209,0.9627411842980705,0.9664005322687957,-0.0026613439787093185,-0.0059880239520957446,-0.005322687957418526,-0.002591909282439353,0.03592902421951294,-0.014877676963806152,0.05080670118331909,0.015302727877578137,-0.007984031936127733,0.003659347970725202
all_462_best_model,hin,san,hin->san,1503,0.7145708582834331,0.8576180971390552,0.8942115768463074,0.7798511901593279,0.7558478713035583,0.1214192807674408,0.3504066467285156,0.15552304685115814,0.4054412245750427,0.9367930805056554,0.8982035928143712,0.9174983366600133,labse_baseline,1503,0.5096473719228211,0.6540252827677977,0.7139055222887558,0.5811163359962469,0.4952113628387451,0.18547217547893524,0.18866141140460968,0.13167670369148254,0.30654995143413544,0.7930805056553559,0.8729208250166334,0.8330006653359947,0.20492348636061208,0.20359281437125754,0.18030605455755155,0.198734854163081,0.26063650846481323,0.16174523532390594,0.09889127314090729,0.14371257485029942,0.02528276779773786,0.08449767132401864
all_462_best_model,hin,sat,hin->sat,1503,0.036593479707252165,0.15701929474384566,0.20625415834996674,0.13739766148966026,0.5835467576980591,0.12244527786970139,0.3469543755054474,0.17332103848457336,0.2365923821926117,0.8296739853626082,0.7571523619427811,0.7934131736526946,labse_baseline,1503,0.005988023952095809,0.017298735861610112,0.028609447771124417,0.018449759003781093,0.05060728266835213,0.12380921840667725,0.0037259182427078485,0.08027871698141098,0.04688136442564428,0.44510978043912175,0.6753160345974717,0.5602129075182967,0.030605455755156358,0.13972055888223556,0.17764471057884232,0.11894790248587916,0.532939475029707,0.34322845726273954,0.18971101776696742,0.3845642049234864,0.08183632734530943,0.23320026613439793
all_462_best_model,hin,snd,hin->snd,1503,0.709913506320692,0.8383233532934131,0.8775781769793746,0.7696191983218584,0.7623071074485779,0.12486280500888824,0.34670478105545044,0.1503191441297531,0.41560232639312744,0.9328010645375915,0.9088489687292083,0.9208250166333999,labse_baseline,1503,0.490352628077179,0.6327345309381237,0.6892880904856953,0.5602097366735468,0.5000100135803223,0.20152431726455688,0.18358160555362701,0.13329459726810455,0.31642840802669525,0.7744510978043913,0.8775781769793746,0.8260146373918829,0.21956087824351295,0.2055888223552894,0.1882900864936793,0.20940946164831165,0.2622970938682556,0.16312317550182343,0.09917391836643219,0.15834996673320023,0.031270791749833715,0.09481037924151703
all_462_best_model,hin,tam,hin->tam,1503,0.8483033932135728,0.9208250166333999,0.9421157684630739,0.8828341878090449,0.8283979892730713,0.11214646697044373,0.36442387104034424,0.1491519808769226,0.46397411823272705,0.9520958083832335,0.936127744510978,0.9441117764471058,labse_baseline,1503,0.8682634730538922,0.9394544244843646,0.9560878243512974,0.9009516439270113,0.7887157201766968,0.12460912764072418,0.3806554675102234,0.11774741858243942,0.4080602526664734,0.9301397205588823,0.9427811044577512,0.9364604125083167,-0.019960079840319334,-0.018629407850964674,-0.013972055888223478,-0.018117456117966446,0.03968226909637451,-0.01623159646987915,0.05591386556625366,0.02195608782435121,-0.006653359946773185,0.007651363938789069
all_462_best_model,hin,tel,hin->tel,1503,0.9241516966067864,0.978709248170326,0.9840319361277445,0.9486551438304028,0.8739175200462341,0.08555176109075546,0.3707708418369293,0.14971494674682617,0.5031466782093048,0.9866932801064537,0.9481037924151696,0.9673985362608117,labse_baseline,1503,0.9261477045908184,0.9753825681969395,0.9846972721224219,0.9480827835501388,0.8340977430343628,0.10554661601781845,0.38643041253089905,0.12022410333156586,0.44766733050346375,0.9600798403193613,0.9567531603459747,0.958416500332668,-0.001996007984031989,0.003326679973386537,-0.0006653359946773296,0.0005723602802640837,0.03981977701187134,-0.015659570693969727,0.055479347705841064,0.026613439787092408,-0.008649367930805063,0.008982035928143728
all_462_best_model,hin,urd,hin->urd,1503,0.948769128409847,0.9846972721224219,0.9920159680638723,0.9645254612124342,0.9092321395874023,0.0763029158115387,0.3693891167640686,0.15009306371212006,0.5398430228233337,0.9873586161011311,0.9634065202927479,0.9753825681969395,labse_baseline,1503,0.9520958083832335,0.9860279441117764,0.9926813040585496,0.9677238525063017,0.8874449729919434,0.08860577642917633,0.40865859389305115,0.11439765244722366,0.4787863790988922,0.980705256154358,0.9740518962075848,0.9773785761809715,-0.003326679973386537,-0.0013306719893545482,-0.0006653359946773296,-0.003198391293867453,0.021787166595458984,-0.039269477128982544,0.06105664372444153,0.006653359946773074,-0.010645375914836941,-0.001996007984031989
all_462_best_model,kan,asm,kan->asm,1503,0.823020625415835,0.916833000665336,0.9401197604790419,0.8673696650901509,0.8163496255874634,0.11048746109008789,0.3585841953754425,0.15268301963806152,0.4577654302120209,0.959414504324684,0.9268130405854956,0.9431137724550898,labse_baseline,1503,0.8469727212242182,0.936127744510978,0.9507651363938789,0.8863817067327247,0.717513382434845,0.1458239108324051,0.26424849033355713,0.13355682790279388,0.45326489210128784,0.9281437125748503,0.9454424484364604,0.9367930805056554,-0.0239520958083832,-0.019294743845642004,-0.010645375914837052,-0.01901204164257375,0.09883624315261841,0.09433570504188538,0.004500538110733032,0.031270791749833715,-0.018629407850964785,0.006320691949434409
all_462_best_model,kan,ben,kan->ben,1503,0.8616101131071191,0.9434464404524284,0.9567531603459747,0.8991557770660619,0.8363238573074341,0.10314454883337021,0.361038476228714,0.1511191725730896,0.4752853810787201,0.9687292082501663,0.9374584165003327,0.9530938123752495,labse_baseline,1503,0.8948769128409847,0.9614105123087159,0.9720558882235529,0.9248655180866382,0.7600024342536926,0.14216478168964386,0.3158631920814514,0.13541950285434723,0.4441392421722412,0.9194943446440452,0.9387890884896873,0.9291417165668663,-0.03326679973386559,-0.017964071856287456,-0.015302727877578248,-0.025709741020576327,0.07632142305374146,0.04517528414726257,0.031146138906478882,0.04923486360612106,-0.0013306719893546592,0.0239520958083832
all_462_best_model,kan,brx,kan->brx,1503,0.2927478376580173,0.4311377245508982,0.49833666001330673,0.3662904420627623,0.6415460705757141,0.13082914054393768,0.32774487137794495,0.16430100798606873,0.31380119919776917,0.8755821689953427,0.8176979374584165,0.8466400532268796,labse_baseline,1503,0.15568862275449102,0.2767797737857618,0.3206919494344644,0.21719207340399466,0.27091750502586365,0.16870224475860596,0.10270271450281143,0.10604545474052429,0.16821479052305222,0.6380572188955422,0.8143712574850299,0.7262142381902861,0.1370592149035263,0.15435795076513642,0.17764471057884235,0.14909836865876763,0.37062856554985046,0.22504215687513351,0.14558640867471695,0.23752495009980046,0.003326679973386537,0.12042581503659355
all_462_best_model,kan,doi,kan->doi,1503,0.6906187624750499,0.8356620093147039,0.8822355289421158,0.7592955081255113,0.7715116739273071,0.1220787763595581,0.3501224219799042,0.15568675100803375,0.42138925194740295,0.93812375249501,0.8942115768463074,0.9161676646706587,labse_baseline,1503,0.6400532268795742,0.7791084497671324,0.8223552894211577,0.7042216327298974,0.5851699709892273,0.18160484731197357,0.21010267734527588,0.13365469872951508,0.3750672936439514,0.8323353293413174,0.9028609447771124,0.867598137059215,0.05056553559547572,0.056553559547571464,0.05988023952095811,0.055073875395613925,0.18634170293807983,0.1400197446346283,0.04632195830345154,0.10578842315369263,-0.008649367930805063,0.04856952761144373
all_462_best_model,kan,guj,kan->guj,1503,0.8562874251497006,0.9328010645375915,0.9507651363938789,0.8912147615121989,0.8336042761802673,0.10989870131015778,0.36276811361312866,0.1510317623615265,0.47083616256713867,0.9614105123087159,0.9394544244843646,0.9504324683965402,labse_baseline,1503,0.8755821689953427,0.9540918163672655,0.9647371922821024,0.909642523937784,0.7505074739456177,0.1490815281867981,0.3218013346195221,0.13352307677268982,0.4287061393260956,0.9161676646706587,0.9341317365269461,0.9251497005988024,-0.019294743845642115,-0.021290751829673993,-0.013972055888223478,-0.01842776242558508,0.08309680223464966,0.04096677899360657,0.04213002324104309,0.04524284763805719,0.005322687957418415,0.02528276779773775
all_462_best_model,kan,hin,kan->hin,1503,0.872255489021956,0.9434464404524284,0.959414504324684,0.9061492460408322,0.841183602809906,0.10536506772041321,0.3629406690597534,0.1490228921175003,0.4782429337501526,0.9634065202927479,0.9407850964737192,0.9520958083832336,labse_baseline,1503,0.8902195608782435,0.9560878243512974,0.9693945442448436,0.92106191385834,0.7536546587944031,0.14559398591518402,0.3303316533565521,0.13112501800060272,0.42332300543785095,0.9181636726546906,0.9328010645375915,0.9254823685961411,-0.017964071856287456,-0.01264138389886893,-0.009980039920159611,-0.014912667817507774,0.08752894401550293,0.032609015703201294,0.054919928312301636,0.045242847638057304,0.007984031936127733,0.02661343978709252
all_462_best_model,kan,kas,kan->kas,1503,0.41184298070525616,0.5675316034597472,0.6300731869594145,0.4867583222803404,0.6773319244384766,0.1337650567293167,0.3404756188392639,0.1624298095703125,0.33685630559921265,0.886892880904857,0.8356620093147039,0.8612774451097804,labse_baseline,1503,0.34530938123752497,0.4803725881570193,0.5442448436460412,0.41228306057160446,0.3796079754829407,0.19470994174480438,0.12463326007127762,0.12532059848308563,0.25497471541166306,0.729208250166334,0.8429807052561543,0.7860944777112442,0.06653359946773119,0.0871590153027279,0.0858283433133733,0.07447526170873592,0.2977239489555359,0.2158423587679863,0.08188159018754959,0.157684630738523,-0.007318695941450404,0.07518296739853625
all_462_best_model,kan,gom,kan->gom,1503,0.6713240186294078,0.8083832335329342,0.8483033932135728,0.7353438107879993,0.7567586302757263,0.1259288191795349,0.3453056812286377,0.1540309488773346,0.4114529490470886,0.929474384564205,0.8982035928143712,0.9138389886892881,labse_baseline,1503,0.6307385229540918,0.7857618097139055,0.8283433133732535,0.7013747635482728,0.5790345668792725,0.1823415458202362,0.19642938673496246,0.1400735229253769,0.38260518014431,0.854956753160346,0.8922155688622755,0.8735861610113107,0.040585495675316,0.022621423819028652,0.019960079840319334,0.03396904723972649,0.17772406339645386,0.14887629449367523,0.028847768902778625,0.07451763140385892,0.0059880239520957446,0.04025282767797744
all_462_best_model,kan,mai,kan->mai,1503,0.7265469061876247,0.8516300731869594,0.8915502328675982,0.7848708530837786,0.7797163724899292,0.12102010846138,0.3557758629322052,0.15680603682994843,0.423940509557724,0.9387890884896873,0.9075182967398536,0.9231536926147705,labse_baseline,1503,0.7312042581503659,0.8562874251497006,0.8968729208250167,0.7903939469679332,0.6393172144889832,0.16580986976623535,0.24381737411022186,0.13757531344890594,0.3954998403787613,0.8669328010645376,0.9115103127079175,0.8892215568862276,-0.004657351962741196,-0.004657351962741196,-0.005322687957418526,-0.005523093884154617,0.14039915800094604,0.11195848882198334,0.028440669178962708,0.07185628742514971,-0.003992015968063867,0.03393213572854292
all_462_best_model,kan,mal,kan->mal,1503,0.8356620093147039,0.9141716566866267,0.936127744510978,0.872660696027964,0.8229357004165649,0.11523451656103134,0.35816776752471924,0.1502823680639267,0.4647679328918457,0.9534264803725881,0.9341317365269461,0.9437791084497671,labse_baseline,1503,0.8556220891550232,0.9367930805056554,0.9534264803725881,0.89433128244333,0.7458057403564453,0.14697803556919098,0.2943630516529083,0.13213682174682617,0.451442688703537,0.9228210246174318,0.9454424484364604,0.9341317365269461,-0.019960079840319334,-0.022621423819028652,-0.017298735861610126,-0.02167058641536601,0.07712996006011963,0.06380471587181091,0.013325244188308716,0.030605455755156386,-0.01131071190951427,0.009647371922820946
all_462_best_model,kan,mni,kan->mni,1503,0.03260146373918829,0.13572854291417166,0.18296739853626082,0.11274461291208636,0.5731444358825684,0.13228987157344818,0.34157437086105347,0.1741098314523697,0.2315700650215149,0.8176979374584165,0.7451763140385895,0.781437125748503,labse_baseline,1503,0.004657351962741184,0.0332667997338656,0.049234863606121095,0.02580100515856002,0.08262462913990021,0.13758189976215363,0.021017024293541908,0.08979804068803787,0.0616076048463583,0.4810379241516966,0.7019294743845642,0.5914836992681304,0.02794411177644711,0.10246174318030607,0.13373253493013973,0.08694360775352633,0.49051980674266815,0.32055734656751156,0.1699624601751566,0.33666001330671985,0.043246839654025315,0.1899534264803726
all_462_best_model,kan,mar,kan->mar,1503,0.8629407850964738,0.9394544244843646,0.9534264803725881,0.8968887684003213,0.8367671966552734,0.10823875665664673,0.3620575964450836,0.15070584416389465,0.4747096002101898,0.9627411842980705,0.9328010645375915,0.9477711244178311,labse_baseline,1503,0.8902195608782435,0.957418496340652,0.9700598802395209,0.9204948159830401,0.7611919641494751,0.14518378674983978,0.3178870379924774,0.13357731699943542,0.4433049261569977,0.9254823685961411,0.9354624085163007,0.9304723885562209,-0.027278775781769737,-0.017964071856287456,-0.016633399866932796,-0.02360604758271878,0.07557523250579834,0.0441705584526062,0.03140467405319214,0.03725881570192946,-0.0026613439787092075,0.017298735861610126
all_462_best_model,kan,npi,kan->npi,1503,0.867598137059215,0.9407850964737192,0.9534264803725881,0.9010013324923296,0.8368120789527893,0.10779345035552979,0.36102932691574097,0.1490776389837265,0.47578275203704834,0.9607451763140386,0.9421157684630739,0.9514304723885563,labse_baseline,1503,0.8862275449101796,0.9554224883566201,0.9693945442448436,0.9187279408453949,0.7576466798782349,0.1465384066104889,0.3141367733478546,0.13291674852371216,0.44350990653038025,0.927478376580173,0.936127744510978,0.9318030605455755,-0.018629407850964674,-0.014637391882900919,-0.015968063872255467,-0.017726608353065276,0.07916539907455444,0.04689255356788635,0.03227284550666809,0.03326679973386559,0.005988023952095856,0.01962741184298078
all_462_best_model,kan,ory,kan->ory,1503,0.8542914171656687,0.9347970725216235,0.9494344644045243,0.8912857670695967,0.8315557241439819,0.10533727705478668,0.3582180440425873,0.15177631378173828,0.47333768010139465,0.9614105123087159,0.9401197604790419,0.9507651363938789,labse_baseline,1503,0.8709248170326015,0.9467731204258151,0.9640718562874252,0.905481102850861,0.7454275488853455,0.1438351571559906,0.2973938286304474,0.13120834529399872,0.44803372025489807,0.9221556886227545,0.9401197604790419,0.9311377245508983,-0.016633399866932796,-0.0119760479041916,-0.014637391882900919,-0.014195335781264307,0.08612817525863647,0.06082421541213989,0.025303959846496582,0.03925482368596134,0.0,0.01962741184298067
all_462_best_model,kan,pan,kan->pan,1503,0.8376580172987359,0.9248170326014638,0.9434464404524284,0.8759494711398241,0.8103998899459839,0.11768022924661636,0.35531163215637207,0.14865274727344513,0.4550882577896118,0.9547571523619428,0.9347970725216235,0.9447771124417832,labse_baseline,1503,0.8589487691284099,0.9374584165003327,0.9540918163672655,0.8973124263648553,0.7249096632003784,0.15231755375862122,0.296247273683548,0.13278526067733765,0.42866238951683044,0.9055222887558216,0.9334664005322688,0.9194943446440452,-0.021290751829673993,-0.01264138389886893,-0.010645375914837052,-0.021362955225031177,0.08549022674560547,0.0590643584728241,0.026425868272781372,0.04923486360612117,0.0013306719893546592,0.02528276779773797
all_462_best_model,kan,san,kan->san,1503,0.633399866932801,0.7844311377245509,0.8296739853626082,0.7053191317887864,0.7370314598083496,0.13142099976539612,0.34867891669273376,0.1596352607011795,0.38835254311561584,0.9141716566866267,0.8782435129740519,0.8962075848303392,labse_baseline,1503,0.5535595475715236,0.7285429141716567,0.7791084497671324,0.6339480630101562,0.5104222297668457,0.18207165598869324,0.18076640367507935,0.13534414768218994,0.32965582609176636,0.8157019294743846,0.8782435129740519,0.8469727212242182,0.07984031936127745,0.055888223552894134,0.05056553559547572,0.0713710687786302,0.2266092300415039,0.16791251301765442,0.05869671702384949,0.09846972721224212,0.0,0.04923486360612106
all_462_best_model,kan,sat,kan->sat,1503,0.027278775781769793,0.13373253493013973,0.17764471057884232,0.1141462663996383,0.5765910744667053,0.13790297508239746,0.3423820436000824,0.17883776128292084,0.23420903086662292,0.8070525615435795,0.7451763140385895,0.7761144377910845,labse_baseline,1503,0.005988023952095809,0.023952095808383235,0.03792415169660679,0.024187503187188753,0.08613888174295425,0.13412976264953613,0.025895828381180763,0.08475898206233978,0.06024305336177349,0.4577511643379907,0.7312042581503659,0.5944777112441784,0.021290751829673986,0.1097804391217565,0.13972055888223553,0.08995876321244956,0.49045219272375107,0.31648621521890163,0.17396597750484943,0.34930139720558884,0.013972055888223589,0.1816367265469061
all_462_best_model,kan,snd,kan->snd,1503,0.5961410512308716,0.7385229540918163,0.7964071856287425,0.6656138778077622,0.7322513461112976,0.1312720775604248,0.3451125919818878,0.15524645149707794,0.3871387541294098,0.9174983366600133,0.8755821689953427,0.896540252827678,labse_baseline,1503,0.5262807717897539,0.6666666666666666,0.7232202262142382,0.5960517823668656,0.506149411201477,0.19019046425819397,0.18125852942466736,0.13087919354438782,0.3248908817768097,0.7984031936127745,0.8715901530272788,0.8349966733200267,0.06986027944111772,0.07185628742514971,0.07318695941450426,0.06956209544089653,0.22610193490982056,0.16385406255722046,0.0622478723526001,0.1190951430472389,0.003992015968063867,0.061543579507651325
all_462_best_model,kan,tam,kan->tam,1503,0.7964071856287425,0.8982035928143712,0.9155023286759814,0.8432907276000736,0.8063027858734131,0.1233769878745079,0.3583175837993622,0.15224525332450867,0.4479852020740509,0.9414504324683965,0.9228210246174318,0.9321357285429142,labse_baseline,1503,0.833666001330672,0.914836992681304,0.9401197604790419,0.8733842235928222,0.7288905382156372,0.15442122519016266,0.3054225742816925,0.1328413337469101,0.4234679639339447,0.8968729208250167,0.9281437125748503,0.9125083166999335,-0.03725881570192957,-0.016633399866932796,-0.02461743180306053,-0.030093495992748576,0.07741224765777588,0.05289500951766968,0.0245172381401062,0.044577511643379863,-0.005322687957418526,0.01962741184298067
all_462_best_model,kan,tel,kan->tel,1503,0.8769128409846972,0.9500998003992016,0.9667332002661344,0.9096929746712206,0.8458894491195679,0.10243061929941177,0.3654051423072815,0.15011316537857056,0.4804843068122864,0.9700598802395209,0.9461077844311377,0.9580838323353293,labse_baseline,1503,0.8975382568196939,0.9627411842980705,0.9767132401862941,0.9263330915624436,0.773101806640625,0.1356576830148697,0.31184884905815125,0.13414762914180756,0.46125295758247375,0.9328010645375915,0.9467731204258151,0.9397870924817033,-0.020625415834996663,-0.01264138389886893,-0.009980039920159722,-0.016640116891223022,0.07278764247894287,0.05355629324913025,0.019231349229812622,0.03725881570192946,-0.0006653359946773296,0.01829673985362601
all_462_best_model,kan,urd,kan->urd,1503,0.8589487691284099,0.9334664005322688,0.9534264803725881,0.8939426643662293,0.8309556245803833,0.1074124425649643,0.3611676096916199,0.1508171111345291,0.4697880148887634,0.9614105123087159,0.9347970725216235,0.9481037924151696,labse_baseline,1503,0.8835662009314704,0.9560878243512974,0.9667332002661344,0.9145852679202318,0.7480340600013733,0.1462600976228714,0.31875696778297424,0.13123053312301636,0.42927709221839905,0.9188290086493679,0.9394544244843646,0.9291417165668663,-0.02461743180306053,-0.02262142381902854,-0.01330671989354626,-0.020642603554002492,0.08292156457901001,0.04241064190864563,0.04051092267036438,0.042581503659347986,-0.004657351962741085,0.01896207584830334
all_462_best_model,kas,asm,kas->asm,1503,0.4431137724550898,0.6027944111776448,0.675981370592149,0.523891943598528,0.6976094841957092,0.12796221673488617,0.3449014723300934,0.15714828670024872,0.35270801186561584,0.9035262807717898,0.8642714570858283,0.883898868928809,labse_baseline,1503,0.3805721889554225,0.5515635395874917,0.614105123087159,0.4622909289840226,0.394939124584198,0.1926521360874176,0.12098968029022217,0.12551206350326538,0.27394944429397583,0.7538256819693946,0.854956753160346,0.8043912175648703,0.06254158349966732,0.05123087159015305,0.06187624750498999,0.0616010146145054,0.30267035961151123,0.22391179203987122,0.07875856757164001,0.14970059880239517,0.009314703925482282,0.07950765136393867
all_462_best_model,kas,ben,kas->ben,1503,0.4737192282102462,0.6220891550232868,0.688622754491018,0.5462466763545889,0.6871809959411621,0.13047245144844055,0.34070083498954773,0.15348713099956512,0.3464801609516144,0.8988689288090486,0.8556220891550232,0.8772455089820359,labse_baseline,1503,0.4038589487691284,0.5781769793745841,0.6467065868263473,0.4880162013802082,0.35616934299468994,0.20136676728725433,0.11068563163280487,0.12845399975776672,0.24548371136188507,0.7159015302727878,0.8290086493679308,0.7724550898203593,0.06986027944111778,0.043912175648702645,0.041916167664670656,0.05823047497438072,0.33101165294647217,0.23001520335674286,0.10099644958972931,0.18296739853626076,0.026613439787092408,0.10479041916167664
all_462_best_model,kas,brx,kas->brx,1503,0.20292747837658018,0.33532934131736525,0.4198270126413839,0.27553922023459415,0.6564615368843079,0.13997894525527954,0.33564287424087524,0.17833223938941956,0.3208186626434326,0.8662674650698603,0.8157019294743846,0.8409846972721224,labse_baseline,1503,0.1536926147704591,0.2648037258815702,0.3200266134397871,0.21500253194865687,0.3337462544441223,0.1727450042963028,0.12538456916809082,0.12068718671798706,0.2083616852760315,0.6892880904856953,0.8223552894211577,0.7558216899534265,0.04923486360612109,0.07052561543579505,0.09980039920159678,0.06053668828593728,0.32271528244018555,0.21025830507278442,0.11245697736740112,0.17697937458416502,-0.006653359946773074,0.08516300731869597
all_462_best_model,kas,doi,kas->doi,1503,0.41583499667332,0.5721889554224884,0.654690618762475,0.49496524632035305,0.7044281959533691,0.13192348182201385,0.3422088623046875,0.16542083024978638,0.36221933364868164,0.906187624750499,0.8576180971390552,0.8819028609447771,labse_baseline,1503,0.38323353293413176,0.5269461077844312,0.6087824351297405,0.45725069846753935,0.43851158022880554,0.19335681200027466,0.13952291011810303,0.1280876100063324,0.2989886701107025,0.7651363938789089,0.8729208250166334,0.8190286094477711,0.03260146373918826,0.04524284763805719,0.04590818363273452,0.037714547852813696,0.2659166157245636,0.20268595218658447,0.06323066353797913,0.1410512308715901,-0.015302727877578137,0.06287425149700598
all_462_best_model,kas,guj,kas->guj,1503,0.47571523619427813,0.6453759148369926,0.7032601463739189,0.5573999494092065,0.6972835063934326,0.12678262591362,0.34353071451187134,0.15523646771907806,0.3537527918815613,0.9155023286759814,0.8669328010645376,0.8912175648702595,labse_baseline,1503,0.41783100465735196,0.5668662674650699,0.6407185628742516,0.4917040020188426,0.34537652134895325,0.20756663382053375,0.10310447216033936,0.1305081993341446,0.2422720491886139,0.6952761144377911,0.8196939454424484,0.7574850299401198,0.05788423153692618,0.07850964737192279,0.06254158349966732,0.06569594739036383,0.35190698504447937,0.24042624235153198,0.11148074269294739,0.22022621423819022,0.04723885562208918,0.1337325349301397
all_462_best_model,kas,hin,kas->hin,1503,0.5083166999334664,0.654690618762475,0.7105788423153693,0.5793182475704319,0.6940451860427856,0.13021941483020782,0.3424055874347687,0.15331657230854034,0.35163959860801697,0.8942115768463074,0.8662674650698603,0.8802395209580838,labse_baseline,1503,0.42847638057218895,0.5848303393213573,0.6453759148369926,0.5032073803528282,0.33941054344177246,0.20726796984672546,0.10136467218399048,0.12818630039691925,0.23804587125778198,0.7039254823685961,0.8223552894211577,0.7631403858948769,0.07984031936127745,0.06986027944111772,0.06520292747837664,0.07611086721760374,0.3546346426010132,0.2410409152507782,0.11359372735023499,0.19028609447771128,0.043912175648702645,0.1170991350632069
all_462_best_model,kas,kan,kas->kan,1503,0.40585495675316036,0.5588822355289421,0.624750499001996,0.48303213582078225,0.6773319244384766,0.1337650567293167,0.34157001972198486,0.15901333093643188,0.3357619047164917,0.8862275449101796,0.8489687292082502,0.867598137059215,labse_baseline,1503,0.3666001330671989,0.5329341317365269,0.5954757152361942,0.4488415281280289,0.3796079754829407,0.19470994174480438,0.12346780300140381,0.1249600350856781,0.25614017248153687,0.7305389221556886,0.8542914171656687,0.7924151696606787,0.03925482368596145,0.02594810379241519,0.029274783765801726,0.03419060769275334,0.2977239489555359,0.21810221672058105,0.07962173223495483,0.15568862275449102,-0.005322687957418526,0.07518296739853625
all_462_best_model,kas,gom,kas->gom,1503,0.37059214903526283,0.5123087159015303,0.5808383233532934,0.4430689000816485,0.6787289381027222,0.1389327198266983,0.33718377351760864,0.16311095654964447,0.3415451645851135,0.8795741849634066,0.8396540252827678,0.8596141051230872,labse_baseline,1503,0.3366600133067199,0.4856952761144378,0.5482368596141052,0.4121369332809006,0.40401893854141235,0.19875572621822357,0.12409704178571701,0.12764418125152588,0.27992189675569534,0.7371922821024618,0.863606121091151,0.8003992015968064,0.03393213572854292,0.026613439787092463,0.03260146373918826,0.03093196680074789,0.2747099995613098,0.21308673173189163,0.06162326782941818,0.14238190286094476,-0.0239520958083832,0.05921490352628078
all_462_best_model,kas,mai,kas->mai,1503,0.41317365269461076,0.5768463073852296,0.6307385229540918,0.4936047543991666,0.6898419260978699,0.13539139926433563,0.3410439193248749,0.16387873888015747,0.348798006772995,0.8962075848303394,0.844311377245509,0.8702594810379242,labse_baseline,1503,0.39654025282767796,0.5409181636726547,0.6094477711244178,0.467894343396211,0.399848610162735,0.2057981938123703,0.12246241420507431,0.1249343603849411,0.2773861959576607,0.7332002661343978,0.8715901530272788,0.8023952095808383,0.016633399866932796,0.03592814371257491,0.021290751829673993,0.025710411002955624,0.2899933159351349,0.21858150511980057,0.07141181081533432,0.16300731869594154,-0.02727877578176985,0.06786427145708585
all_462_best_model,kas,mal,kas->mal,1503,0.4111776447105788,0.5854956753160346,0.6553559547571524,0.4921326005903313,0.6729176044464111,0.13504451513290405,0.34012916684150696,0.15470631420612335,0.3327884376049042,0.8915502328675982,0.8629407850964738,0.8772455089820359,labse_baseline,1503,0.37192282102461743,0.5515635395874917,0.6194278110445776,0.455470031422157,0.36241474747657776,0.20158453285694122,0.11188183724880219,0.12607067823410034,0.2505329102277756,0.709913506320692,0.8436460412508316,0.7767797737857618,0.03925482368596139,0.03393213572854292,0.0359281437125748,0.03666256916817434,0.3105028569698334,0.22824732959270477,0.0822555273771286,0.1816367265469062,0.019294743845642115,0.10046573519627411
all_462_best_model,kas,mni,kas->mni,1503,0.034597471723220224,0.1317365269461078,0.17964071856287425,0.10783096346756327,0.6107174754142761,0.15033675730228424,0.3532958924770355,0.19302333891391754,0.2574215829372406,0.8070525615435795,0.7598137059214903,0.7834331337325349,labse_baseline,1503,0.010645375914836993,0.05189620758483034,0.07318695941450433,0.04280828608343031,0.19781112670898438,0.15866823494434357,0.10442552715539932,0.11725399643182755,0.09338559955358505,0.5728542914171657,0.7065868263473054,0.6397205588822356,0.02395209580838323,0.07984031936127746,0.10645375914836992,0.06502267738413295,0.41290634870529175,0.2488703653216362,0.16403598338365555,0.2341982701264138,0.05322687957418493,0.1437125748502993
all_462_best_model,kas,mar,kas->mar,1503,0.4564204923486361,0.6194278110445776,0.677977378576181,0.5354762663987417,0.6875852942466736,0.12828759849071503,0.3412478566169739,0.15371116995811462,0.3463374376296997,0.9055222887558216,0.8629407850964738,0.8842315369261478,labse_baseline,1503,0.4151696606786427,0.5681969394544245,0.6387225548902196,0.4898026650599698,0.3495389521121979,0.20264720916748047,0.10773912072181702,0.12777309119701385,0.24179983139038086,0.7119095143047239,0.83166999334664,0.7717897538256819,0.04125083166999338,0.05123087159015305,0.03925482368596145,0.04567360133877191,0.3380463421344757,0.23350873589515686,0.10453760623931885,0.1936127744510977,0.031270791749833715,0.11244178310046582
all_462_best_model,kas,npi,kas->npi,1503,0.49367930805056554,0.6380572188955422,0.699268130405855,0.564662778101136,0.6901017427444458,0.12938013672828674,0.34149491786956787,0.15354269742965698,0.34860682487487793,0.9028609447771124,0.8609447771124418,0.8819028609447771,labse_baseline,1503,0.42980705256154356,0.5848303393213573,0.64604125083167,0.5042444295875018,0.351900190114975,0.2051483541727066,0.10428288578987122,0.12620414793491364,0.24761730432510376,0.718562874251497,0.8349966733200266,0.7767797737857618,0.06387225548902198,0.05322687957418493,0.05322687957418504,0.060418348513634146,0.3382015526294708,0.23721203207969666,0.10098952054977417,0.18429807052561542,0.02594810379241519,0.1051230871590153
all_462_best_model,kas,ory,kas->ory,1503,0.4717232202262142,0.6234198270126414,0.6852960745176314,0.5476584600076903,0.6909481883049011,0.1279178410768509,0.3389809727668762,0.1554165780544281,0.3519672155380249,0.9035262807717898,0.8649367930805056,0.8842315369261478,labse_baseline,1503,0.39454424484364603,0.5562208915502329,0.626746506986028,0.4728377528326377,0.3598918318748474,0.20358365774154663,0.10333027690649033,0.12736180424690247,0.2565615549683571,0.7178975382568197,0.8423153692614771,0.7801064537591484,0.07717897538256818,0.06719893546240852,0.05854956753160345,0.07482070717505257,0.3310563564300537,0.2356506958603859,0.09540566056966782,0.18562874251497008,0.02262142381902854,0.10412508316699931
all_462_best_model,kas,pan,kas->pan,1503,0.47771124417831007,0.6453759148369926,0.7025948103792415,0.5569221782891999,0.68487149477005,0.13887597620487213,0.3370682895183563,0.15285003185272217,0.3478032052516937,0.8855622089155023,0.8669328010645376,0.87624750499002,labse_baseline,1503,0.4138389886892881,0.5701929474384564,0.6407185628742516,0.4922867485217435,0.35279443860054016,0.21320289373397827,0.09663739055395126,0.12931545078754425,0.2561570480465889,0.7092481703260146,0.8356620093147039,0.7724550898203593,0.06387225548902198,0.07518296739853625,0.06187624750498999,0.0646354297674564,0.3320770561695099,0.24043089896440506,0.09164615720510483,0.1763140385894877,0.031270791749833715,0.10379241516966076
all_462_best_model,kas,san,kas->san,1503,0.3486360612109115,0.5083166999334664,0.5768463073852296,0.42937149395248486,0.6780527234077454,0.13408587872982025,0.34227296710014343,0.16501662135124207,0.33577975630760193,0.89354624085163,0.8416500332667998,0.867598137059215,labse_baseline,1503,0.32667997338656024,0.4856952761144378,0.5442448436460412,0.4056640869800994,0.41403985023498535,0.17802992463111877,0.13721615076065063,0.12401363998651505,0.2768236994743347,0.7658017298735862,0.8669328010645376,0.8163672654690619,0.021956087824351267,0.022621423819028597,0.032601463739188374,0.023707406972385436,0.26401287317276,0.2050568163394928,0.05895605683326721,0.12774451097804385,-0.02528276779773786,0.05123087159015305
all_462_best_model,kas,sat,kas->sat,1503,0.03127079174983367,0.15701929474384566,0.20359281437125748,0.13126740755461977,0.6239060163497925,0.15382567048072815,0.3517099916934967,0.19756588339805603,0.2721960246562958,0.8137059214903526,0.7584830339321357,0.7860944777112442,labse_baseline,1503,0.008649367930805056,0.047238855622089154,0.06786427145708583,0.04507045844793309,0.20793354511260986,0.15799027681350708,0.1150391474366188,0.11615904420614243,0.09289439767599106,0.5528942115768463,0.7192282102461743,0.6360612109115102,0.02262142381902861,0.1097804391217565,0.13572854291417163,0.08619694910668668,0.4159724712371826,0.2366708442568779,0.17930162698030472,0.26081170991350633,0.03925482368596134,0.15003326679973394
all_462_best_model,kas,snd,kas->snd,1503,0.36793080505655357,0.5136393878908849,0.5948103792415169,0.4436902675881146,0.6902170777320862,0.13973720371723175,0.3407290279865265,0.167056605219841,0.3494880497455597,0.8915502328675982,0.8469727212242182,0.8692614770459082,labse_baseline,1503,0.34331337325349304,0.5063206919494344,0.5688622754491018,0.4217817001126163,0.4460168182849884,0.19347955286502838,0.15116803348064423,0.1298111081123352,0.2948487848043442,0.7531603459747173,0.8735861610113107,0.813373253493014,0.02461743180306053,0.007318695941450515,0.025948103792415078,0.021908567475498297,0.24420025944709778,0.18956099450588226,0.054639264941215515,0.1383898868928809,-0.02661343978709252,0.055888223552894134
all_462_best_model,kas,tam,kas->tam,1503,0.3666001330671989,0.5335994677312043,0.5894876912840985,0.4467712569992609,0.6474922299385071,0.14307062327861786,0.3405851423740387,0.1542416363954544,0.3069070875644684,0.8622754491017964,0.8270126413838988,0.8446440452428476,labse_baseline,1503,0.3313373253493014,0.5076513639387891,0.571523619427811,0.4148745038537254,0.33338072896003723,0.19876603782176971,0.10802769660949707,0.12681423127651215,0.22535303235054016,0.6932801064537591,0.8143712574850299,0.7538256819693945,0.035262807717897526,0.02594810379241519,0.017964071856287456,0.03189675314553553,0.31411150097846985,0.23255744576454163,0.08155405521392822,0.16899534264803728,0.01264138389886893,0.09081836327345316
all_462_best_model,kas,tel,kas->tel,1503,0.4517631403858949,0.5994677312042581,0.6620093147039254,0.5261843583459068,0.6831264495849609,0.13326169550418854,0.3456716537475586,0.1543288230895996,0.33745479583740234,0.8882235528942116,0.8569527611443779,0.8725881570192948,labse_baseline,1503,0.3978709248170326,0.5695276114437791,0.6413838988689288,0.4781382847969528,0.36012083292007446,0.2027420550584793,0.1108839139342308,0.12949398159980774,0.24923691898584366,0.7192282102461743,0.8389886892880905,0.7791084497671323,0.053892215568862256,0.029940119760479056,0.020625415834996663,0.048046073548954016,0.3230056166648865,0.2347877398133278,0.08821787685155869,0.16899534264803728,0.017964071856287456,0.09347970725216248
all_462_best_model,kas,urd,kas->urd,1503,0.5209580838323353,0.6560212907518297,0.7052561543579507,0.5875031961645985,0.7040790915489197,0.13023267686367035,0.3424958288669586,0.15463703870773315,0.36158326268196106,0.8975382568196939,0.8729208250166334,0.8852295409181636,labse_baseline,1503,0.447771124417831,0.6047904191616766,0.6553559547571524,0.5213471851541238,0.35831257700920105,0.21306413412094116,0.10165651887655258,0.12935876846313477,0.25665605813264847,0.7085828343313373,0.8369926813040586,0.7727877578176979,0.07318695941450432,0.05123087159015305,0.04990019960079839,0.06615601101047464,0.34576651453971863,0.24083930999040604,0.10492720454931259,0.18895542248835662,0.0359281437125748,0.11244178310046571
all_462_best_model,gom,asm,gom->asm,1503,0.7232202262142382,0.8489687292082502,0.8822355289421158,0.7822015324344039,0.7729341387748718,0.11516701430082321,0.3468267619609833,0.15051856637001038,0.42610737681388855,0.9500998003992016,0.9121756487025948,0.9311377245508983,labse_baseline,1503,0.7072521623419827,0.8283433133732535,0.8749168330006654,0.7679457109866653,0.5854130983352661,0.17686030268669128,0.18795274198055267,0.1329415887594223,0.39746035635471344,0.8602794411177644,0.9135063206919495,0.886892880904857,0.015968063872255467,0.020625415834996663,0.007318695941450404,0.014255821447738626,0.1875210404396057,0.1588740199804306,0.02864702045917511,0.08982035928143717,-0.0013306719893546592,0.04424484364604131
all_462_best_model,gom,ben,gom->ben,1503,0.7491683300066534,0.8735861610113107,0.9101796407185628,0.8050198952404634,0.776401937007904,0.115324467420578,0.3455185890197754,0.14898544549942017,0.43088334798812866,0.9567531603459747,0.9161676646706587,0.9364604125083167,labse_baseline,1503,0.7544910179640718,0.8829008649367931,0.9128409846972722,0.8124876604665052,0.5848070383071899,0.18597003817558289,0.20992259681224823,0.1399519294500351,0.3748844414949417,0.8369926813040586,0.8968729208250167,0.8669328010645376,-0.005322687957418415,-0.009314703925482393,-0.0026613439787093185,-0.007467765226041867,0.1915948987007141,0.13559599220752716,0.05599890649318695,0.11976047904191611,0.019294743845642004,0.06952761144377906
all_462_best_model,gom,brx,gom->brx,1503,0.27478376580172986,0.42381902860944776,0.49966733200266134,0.35347891274876353,0.6625617742538452,0.13010147213935852,0.3232871890068054,0.1663103699684143,0.3392745852470398,0.8995342648037259,0.8389886892880905,0.8692614770459082,labse_baseline,1503,0.18695941450432468,0.3107119095143047,0.37325349301397204,0.25244886359447904,0.3145703077316284,0.1793232560157776,0.10543492436408997,0.1121324971318245,0.20913538336753845,0.6793080505655356,0.8376580172987359,0.7584830339321358,0.08782435129740518,0.11310711909514304,0.1264138389886893,0.10103004915428448,0.3479914665222168,0.21785226464271545,0.13013920187950134,0.22022621423819033,0.0013306719893545482,0.11077844311377238
all_462_best_model,gom,doi,gom->doi,1503,0.6134397870924817,0.7644710578842315,0.8190286094477711,0.6854157294557496,0.751728892326355,0.12650398910045624,0.3412861227989197,0.15949766337871552,0.4104427695274353,0.9301397205588823,0.89354624085163,0.9118429807052562,labse_baseline,1503,0.605455755156354,0.7458416500332667,0.8030605455755156,0.6732052339487439,0.5465707778930664,0.1914970725774765,0.1714010387659073,0.13402709364891052,0.3751697391271591,0.8163672654690619,0.9055222887558216,0.8609447771124418,0.007984031936127733,0.018629407850964785,0.015968063872255467,0.012210495507005703,0.20515811443328857,0.1698850840330124,0.035273030400276184,0.11377245508982037,-0.0119760479041916,0.050898203592814384
all_462_best_model,gom,guj,gom->guj,1503,0.7731204258150366,0.8789088489687292,0.9101796407185628,0.8219802030017804,0.783786416053772,0.11463210731744766,0.3483671545982361,0.14987225830554962,0.4354192614555359,0.9507651363938789,0.9221556886227545,0.9364604125083167,labse_baseline,1503,0.7644710578842315,0.8815701929474384,0.9121756487025948,0.8189425408180524,0.5827683210372925,0.18946625292301178,0.20995427668094635,0.14065894484519958,0.37281404435634613,0.8343313373253493,0.8968729208250167,0.865602129075183,0.008649367930805063,-0.0026613439787092075,-0.001996007984031989,0.0030376621837280293,0.2010180950164795,0.13841287791728973,0.06260521709918976,0.11643379906852969,0.02528276779773786,0.07085828343313372
all_462_best_model,gom,hin,gom->hin,1503,0.7651363938789089,0.8769128409846972,0.9095143047238856,0.8167873195785321,0.7815990447998047,0.11494757980108261,0.34907057881355286,0.15056543052196503,0.43252846598625183,0.9554224883566201,0.9161676646706587,0.9357950765136394,labse_baseline,1503,0.7664670658682635,0.8769128409846972,0.9155023286759814,0.8186347391018152,0.5775608420372009,0.19009889662265778,0.21497999131679535,0.14085066318511963,0.3625808507204056,0.8369926813040586,0.8942115768463074,0.865602129075183,-0.0013306719893546592,0.0,-0.0059880239520957446,-0.0018474195232830448,0.20403820276260376,0.1340905874967575,0.06994761526584625,0.11842980705256156,0.021956087824351322,0.07019294743845639
all_462_best_model,gom,kan,gom->kan,1503,0.6506986027944112,0.801729873586161,0.8449767132401863,0.7214834454954209,0.7567586302757263,0.1259288191795349,0.3472368121147156,0.15441446006298065,0.40952181816101074,0.9288090485695276,0.8962075848303394,0.9125083166999335,labse_baseline,1503,0.6872920825016633,0.825016633399867,0.8682634730538922,0.7511386539426985,0.5790345668792725,0.1823415458202362,0.20057447254657745,0.1380184441804886,0.378460094332695,0.8516300731869594,0.9008649367930806,0.87624750499002,-0.03659347970725213,-0.02328675981370598,-0.02328675981370587,-0.029655208447277648,0.17772406339645386,0.14666233956813812,0.031061723828315735,0.07717897538256824,-0.004657351962741196,0.036260811709913465
all_462_best_model,gom,kas,gom->kas,1503,0.35994677312042583,0.5163007318695941,0.5768463073852296,0.43905448975665157,0.6787289381027222,0.1389327198266983,0.33579370379447937,0.16630536317825317,0.3429352343082428,0.8802395209580839,0.8429807052561543,0.8616101131071191,labse_baseline,1503,0.3479707252162342,0.47771124417831007,0.5402528276779773,0.4161633053839267,0.40401893854141235,0.19875572621822357,0.12340071052312851,0.12658089399337769,0.28061822801828384,0.7371922821024618,0.8649367930805056,0.8010645375914838,0.011976047904191656,0.03858948769128406,0.03659347970725224,0.02289118437272486,0.2747099995613098,0.21239299327135086,0.062317006289958954,0.1430472388556221,-0.021956087824351322,0.06054557551563533
all_462_best_model,gom,mai,gom->mai,1503,0.6393878908848969,0.7717897538256819,0.8203592814371258,0.7018147893937071,0.7531065940856934,0.12586462497711182,0.3440081775188446,0.15828606486320496,0.40909841656684875,0.927478376580173,0.8915502328675982,0.9095143047238856,labse_baseline,1503,0.6553559547571524,0.7877578176979375,0.8389886892880905,0.7164068972092661,0.5650157332420349,0.18917475640773773,0.18109266459941864,0.13944679498672485,0.38392306864261627,0.8276779773785762,0.8995342648037259,0.863606121091151,-0.015968063872255467,-0.015968063872255578,-0.018629407850964674,-0.014592107815558975,0.18809086084365845,0.16291551291942596,0.025175347924232483,0.09980039920159678,-0.007984031936127733,0.045908183632734634
all_462_best_model,gom,mal,gom->mal,1503,0.6959414504324684,0.825016633399867,0.8682634730538922,0.7583293632895796,0.7572125196456909,0.12048228085041046,0.3451904058456421,0.15077108144760132,0.41202211380004883,0.9341317365269461,0.9088489687292083,0.9214903526280772,labse_baseline,1503,0.7085828343313373,0.8429807052561543,0.8842315369261478,0.769713831375934,0.5741848945617676,0.18627360463142395,0.19978633522987366,0.13611000776290894,0.3743985593318939,0.8396540252827678,0.8942115768463074,0.8669328010645376,-0.01264138389886893,-0.017964071856287345,-0.015968063872255578,-0.011384468086354405,0.18302762508392334,0.14540407061576843,0.03762355446815491,0.09447771124417836,0.014637391882900919,0.054557551563539586
all_462_best_model,gom,mni,gom->mni,1503,0.03992015968063872,0.1603459747172322,0.2049234863606121,0.13003902682987187,0.5943922996520996,0.13405203819274902,0.3399607539176941,0.17899923026561737,0.2544315457344055,0.8363273453093812,0.7571523619427811,0.7967398536260812,labse_baseline,1503,0.00665335994677312,0.04324683965402528,0.06520292747837658,0.03490449542210758,0.11249280720949173,0.1531076431274414,0.03198699280619621,0.09516159445047379,0.08050581440329552,0.4863606121091151,0.7544910179640718,0.6204258150365934,0.0332667997338656,0.1170991350632069,0.13972055888223553,0.09513453140776429,0.4818994924426079,0.3079737611114979,0.17392573133111,0.34996673320026617,0.0026613439787093185,0.1763140385894878
all_462_best_model,gom,mar,gom->mar,1503,0.7771124417831005,0.8822355289421158,0.9128409846972722,0.8266603835148533,0.7910916209220886,0.11597422510385513,0.3490196168422699,0.1494881510734558,0.4420720040798187,0.9547571523619428,0.9201596806387226,0.9374584165003327,labse_baseline,1503,0.7744510978043913,0.8915502328675982,0.9201596806387226,0.8278073290950454,0.6036739349365234,0.189125657081604,0.21277612447738647,0.14189493656158447,0.39089781045913696,0.8403193612774451,0.9055222887558216,0.8729208250166334,0.0026613439787092075,-0.009314703925482393,-0.007318695941450404,-0.0011469455801921269,0.18741768598556519,0.13624349236488342,0.05117419362068176,0.1144377910844977,0.014637391882900919,0.06453759148369931
all_462_best_model,gom,npi,gom->npi,1503,0.7797737857618097,0.8835662009314704,0.9181636726546906,0.827563462099424,0.7814433574676514,0.11585788428783417,0.34768781065940857,0.14839589595794678,0.4337555468082428,0.9494344644045243,0.9188290086493679,0.9341317365269461,labse_baseline,1503,0.7598137059214903,0.8875582168995343,0.9201596806387226,0.8159387750300742,0.586826741695404,0.18993379175662994,0.20747606456279755,0.1405995637178421,0.3793506771326065,0.833666001330672,0.8975382568196939,0.865602129075183,0.019960079840319334,-0.003992015968063867,-0.001996007984031989,0.011624687069349826,0.19461661577224731,0.14021174609661102,0.05440486967563629,0.11576846307385225,0.021290751829673993,0.06852960745176317
all_462_best_model,gom,ory,gom->ory,1503,0.7498336660013307,0.8715901530272788,0.9088489687292083,0.805004851542465,0.7745389938354492,0.11310075968503952,0.34387192130088806,0.15131507813930511,0.43066707253456116,0.948769128409847,0.9115103127079175,0.9301397205588822,labse_baseline,1503,0.7471723220226214,0.8729208250166334,0.9035262807717898,0.804148033410927,0.5836530923843384,0.18198145925998688,0.1994713991880417,0.1363496482372284,0.3841816931962967,0.8516300731869594,0.9075182967398536,0.8795741849634064,0.0026613439787093185,-0.0013306719893545482,0.005322687957418526,0.0008568181315380397,0.19088590145111084,0.14440052211284637,0.046485379338264465,0.09713905522288757,0.003992015968063867,0.05056553559547572
all_462_best_model,gom,pan,gom->pan,1503,0.7418496340652029,0.863606121091151,0.9015302727877578,0.7987101398610558,0.7598102688789368,0.12473627179861069,0.3403764069080353,0.14831440150737762,0.4194338619709015,0.9341317365269461,0.9095143047238856,0.9218230206254159,labse_baseline,1503,0.7411842980705257,0.8609447771124418,0.9048569527611444,0.7981282712147085,0.5692827105522156,0.19458892941474915,0.19342663884162903,0.1410539597272873,0.37585607171058655,0.8369926813040586,0.8968729208250167,0.8669328010645376,0.0006653359946772186,0.0026613439787092075,-0.003326679973386648,0.0005818686463472389,0.1905275583267212,0.14694976806640625,0.04357779026031494,0.09713905522288757,0.01264138389886893,0.05489021956087825
all_462_best_model,gom,san,gom->san,1503,0.5196274118429807,0.6986027944111777,0.7638057218895542,0.6024344011937321,0.7194658517837524,0.13068030774593353,0.3414366841316223,0.15974882245063782,0.3780291676521301,0.9135063206919495,0.8762475049900199,0.8948769128409847,labse_baseline,1503,0.5129740518962076,0.6699933466400533,0.7245508982035929,0.5870220175655335,0.4808387756347656,0.19090458750724792,0.1521778404712677,0.13343040645122528,0.3286609351634979,0.791084497671324,0.8829008649367931,0.8369926813040586,0.006653359946773074,0.028609447771124397,0.03925482368596134,0.015412383628198634,0.23862707614898682,0.18925884366035461,0.0493682324886322,0.12242182302062543,-0.006653359946773185,0.05788423153692612
all_462_best_model,gom,sat,gom->sat,1503,0.030605455755156354,0.1596806387225549,0.2049234863606121,0.1395142745581361,0.5985344052314758,0.1390077918767929,0.336618036031723,0.18405424058437347,0.2619163691997528,0.8310046573519627,0.7604790419161677,0.7957418496340651,labse_baseline,1503,0.007984031936127744,0.03592814371257485,0.05123087159015303,0.03332503759424687,0.11565344035625458,0.15134203433990479,0.036720626056194305,0.09179744869470596,0.07893281430006027,0.4743845642049235,0.7538256819693946,0.614105123087159,0.02262142381902861,0.12375249500998003,0.1536926147704591,0.10618923696388921,0.48288096487522125,0.2998974099755287,0.18298355489969254,0.35662009314703924,0.006653359946773074,0.1816367265469061
all_462_best_model,gom,snd,gom->snd,1503,0.5229540918163673,0.6946107784431138,0.7544910179640718,0.6034805196599488,0.7306658029556274,0.1329314410686493,0.34088462591171265,0.1612158715724945,0.3897811770439148,0.9141716566866267,0.874251497005988,0.8942115768463074,labse_baseline,1503,0.500998003992016,0.6686626746506986,0.7365269461077845,0.5836841898960181,0.5091222524642944,0.19840452075004578,0.16211073100566864,0.13471747934818268,0.3470115214586258,0.8010645375914837,0.8842315369261478,0.8426480372588157,0.021956087824351322,0.02594810379241519,0.017964071856287345,0.019796329763930642,0.221543550491333,0.178773894906044,0.042769655585289,0.11310711909514304,-0.009980039920159722,0.051563539587491714
all_462_best_model,gom,tam,gom->tam,1503,0.6320691949434465,0.7644710578842315,0.8137059214903526,0.6964751351503344,0.7282362580299377,0.1344989389181137,0.34547433257102966,0.15101346373558044,0.3827619254589081,0.9035262807717898,0.8928809048569527,0.8982035928143712,labse_baseline,1503,0.6600133067198936,0.7924151696606786,0.8403193612774451,0.7231147772830245,0.5392951369285583,0.1911773681640625,0.20098617672920227,0.13729669153690338,0.3383089601993561,0.8137059214903526,0.8895542248835662,0.8516300731869594,-0.027944111776447067,-0.027944111776447067,-0.02661343978709252,-0.0266396421326901,0.1889411211013794,0.1444881558418274,0.044452965259552,0.08982035928143717,0.003326679973386537,0.04657351962741185
all_462_best_model,gom,tel,gom->tel,1503,0.7278775781769794,0.854956753160346,0.8948769128409847,0.7891295085680975,0.7738509178161621,0.1144232302904129,0.35222283005714417,0.15221935510635376,0.42162808775901794,0.9474384564204924,0.9121756487025948,0.9298070525615436,labse_baseline,1503,0.7285429141716567,0.8576180971390552,0.8928809048569527,0.7912122277869165,0.584547221660614,0.18675513565540314,0.2095094919204712,0.1393185704946518,0.3750377297401428,0.8429807052561543,0.8862275449101796,0.864604125083167,-0.0006653359946773296,-0.0026613439787092075,0.001996007984031989,-0.0020827192188189736,0.1893036961555481,0.14271333813667297,0.04659035801887512,0.10445775116433809,0.02594810379241519,0.06520292747837664
all_462_best_model,gom,urd,gom->urd,1503,0.7564870259481038,0.8755821689953427,0.9128409846972722,0.8115494667386207,0.777545154094696,0.11280689388513565,0.34706294536590576,0.14997874200344086,0.4304822087287903,0.9567531603459747,0.9128409846972722,0.9347970725216235,labse_baseline,1503,0.7471723220226214,0.8769128409846972,0.9188290086493679,0.8084458059132986,0.5768754482269287,0.18698060512542725,0.20906729996204376,0.13907472789287567,0.36780814826488495,0.8383233532934131,0.8975382568196939,0.8679308050565535,0.009314703925482393,-0.0013306719893545482,-0.0059880239520957446,0.0031036608253220965,0.20066970586776733,0.137995645403862,0.06267406046390533,0.11842980705256156,0.015302727877578248,0.06686626746506996
all_462_best_model,mai,asm,mai->asm,1503,0.7937458416500333,0.8982035928143712,0.914836992681304,0.8402844152838097,0.7981205582618713,0.1098443865776062,0.354469358921051,0.15279370546340942,0.4436511993408203,0.959414504324684,0.9201596806387226,0.9397870924817033,labse_baseline,1503,0.7957418496340652,0.9115103127079175,0.9354624085163007,0.8464861020049117,0.6493164300918579,0.15363113582134247,0.22945959866046906,0.13295267522335052,0.41985683143138885,0.8995342648037259,0.9214903526280772,0.9105123087159015,-0.001996007984031989,-0.01330671989354626,-0.020625415834996663,-0.0062016867211019955,0.14880412817001343,0.12500976026058197,0.023794367909431458,0.05988023952095811,-0.0013306719893546592,0.029274783765801837
all_462_best_model,mai,ben,mai->ben,1503,0.8210246174318031,0.916833000665336,0.9414504324683965,0.8659282692983421,0.8082208037376404,0.102094866335392,0.35590171813964844,0.1518944799900055,0.45231908559799194,0.9673985362608117,0.927478376580173,0.9474384564204923,labse_baseline,1503,0.8396540252827678,0.9394544244843646,0.9587491683300067,0.88657548454834,0.6703078746795654,0.15084980428218842,0.26579228043556213,0.1366673856973648,0.4045155942440033,0.8948769128409847,0.9135063206919495,0.9041916167664671,-0.018629407850964674,-0.02262142381902854,-0.017298735861610126,-0.020647215249997908,0.13791292905807495,0.0901094377040863,0.04780349135398865,0.07252162341982704,0.013972055888223478,0.043246839654025204
all_462_best_model,mai,brx,mai->brx,1503,0.2860944777112442,0.4457751164337991,0.5129740518962076,0.36568181699738955,0.6520339250564575,0.1349637508392334,0.32523834705352783,0.16496004164218903,0.3267955780029297,0.8815701929474384,0.8389886892880905,0.8602794411177644,labse_baseline,1503,0.19228210246174318,0.3166999334664005,0.3652694610778443,0.2551940758735059,0.2944752275943756,0.17380717396736145,0.10518639534711838,0.10706037282943726,0.18928883224725723,0.6513639387890885,0.8476380572188955,0.749500998003992,0.093812375249501,0.12907518296739856,0.1477045908183633,0.11048774112388365,0.3575586974620819,0.22005195170640945,0.13750674575567245,0.23020625415834994,-0.008649367930805063,0.1107784431137725
all_462_best_model,mai,doi,mai->doi,1503,0.7351962741184298,0.8629407850964738,0.8975382568196939,0.7950567727338073,0.7875060439109802,0.11741536855697632,0.34984344244003296,0.15907606482505798,0.43766260147094727,0.9454424484364604,0.908183632734531,0.9268130405854957,labse_baseline,1503,0.7092481703260146,0.8489687292082502,0.8829008649367931,0.7746688234957329,0.6035214066505432,0.1828830987215042,0.19492286443710327,0.13753445446491241,0.40859854221343994,0.850964737192282,0.9088489687292083,0.8799068529607452,0.02594810379241519,0.013972055888223589,0.014637391882900808,0.02038794923807441,0.183984637260437,0.1549205780029297,0.029064059257507324,0.09447771124417836,-0.0006653359946773296,0.04690618762475052
all_462_best_model,mai,guj,mai->guj,1503,0.846307385229541,0.9281437125748503,0.9461077844311377,0.8843801293266221,0.8179129362106323,0.10180173069238663,0.3597447872161865,0.15286609530448914,0.4581681489944458,0.9673985362608117,0.929474384564205,0.9484364604125084,labse_baseline,1503,0.8702594810379242,0.9474384564204924,0.9600798403193613,0.9031727012190609,0.6721198558807373,0.1520700454711914,0.27119430899620056,0.13507793843746185,0.40092554688453674,0.8895542248835662,0.9121756487025948,0.9008649367930806,-0.0239520958083832,-0.019294743845642115,-0.013972055888223589,-0.01879257189243877,0.14579308032989502,0.08855047821998596,0.05724260210990906,0.07784431137724557,0.017298735861610126,0.04757152361942785
all_462_best_model,mai,hin,mai->hin,1503,0.8403193612774451,0.9261477045908184,0.9434464404524284,0.8822490076377092,0.8167516589164734,0.10696125775575638,0.35838764905929565,0.1518862247467041,0.45836400985717773,0.9647371922821024,0.9347970725216235,0.949767132401863,labse_baseline,1503,0.8616101131071191,0.9427811044577512,0.959414504324684,0.8992709900214706,0.6691989302635193,0.15574221312999725,0.27591466903686523,0.1344314068555832,0.39328426122665405,0.8822355289421158,0.9101796407185628,0.8962075848303392,-0.021290751829673993,-0.016633399866932796,-0.015968063872255578,-0.017021982383761403,0.1475527286529541,0.08247298002243042,0.06507974863052368,0.08250166333998665,0.02461743180306064,0.0535595475715237
all_462_best_model,mai,kan,mai->kan,1503,0.7338656021290751,0.8522954091816367,0.8862275449101796,0.7887866159324712,0.7797163724899292,0.12102010846138,0.35563284158706665,0.15620794892311096,0.42408353090286255,0.9387890884896873,0.9115103127079175,0.9251497005988024,labse_baseline,1503,0.7644710578842315,0.8822355289421158,0.9108449767132402,0.8190978947105851,0.6393172144889832,0.16580986976623535,0.24562899768352509,0.1418517678976059,0.39368821680545807,0.8669328010645376,0.8922155688622755,0.8795741849634066,-0.030605455755156386,-0.029940119760479056,-0.02461743180306053,-0.030311278778113904,0.14039915800094604,0.11000384390354156,0.03039531409740448,0.07185628742514971,0.019294743845642004,0.04557551563539586
all_462_best_model,mai,kas,mai->kas,1503,0.42847638057218895,0.590818363273453,0.6613439787092482,0.5082347568304689,0.6898419260978699,0.13539139926433563,0.33752790093421936,0.1657654196023941,0.3523140251636505,0.8975382568196939,0.8483033932135728,0.8729208250166334,labse_baseline,1503,0.3985362608117099,0.5375914836992681,0.5994677312042581,0.46783071981696794,0.399848610162735,0.2057981938123703,0.11964920908212662,0.12597085535526276,0.28019940108060837,0.7345309381237525,0.863606121091151,0.7990685296074518,0.029940119760479056,0.05322687957418493,0.0618762475049901,0.04040403701350098,0.2899933159351349,0.21787869185209274,0.07211462408304214,0.16300731869594143,-0.015302727877578137,0.07385229540918159
all_462_best_model,mai,gom,mai->gom,1503,0.6387225548902196,0.7784431137724551,0.83166999334664,0.7068599016401033,0.7531065940856934,0.12586462497711182,0.3437068462371826,0.15620461106300354,0.40939974784851074,0.9281437125748503,0.9001996007984032,0.9141716566866267,labse_baseline,1503,0.6407185628742516,0.7751164337990686,0.8150365934797072,0.7021267681091392,0.5650157332420349,0.18917475640773773,0.17821992933750153,0.14208874106407166,0.3867958039045334,0.8310046573519627,0.8928809048569527,0.8619427811044578,-0.001996007984031989,0.003326679973386537,0.016633399866932796,0.004733133530964051,0.18809086084365845,0.1654869168996811,0.022603943943977356,0.09713905522288757,0.007318695941450515,0.05222887558216893
all_462_best_model,mai,mal,mai->mal,1503,0.7724550898203593,0.863606121091151,0.9008649367930806,0.816729660263877,0.7779046297073364,0.11334360390901566,0.3539120554924011,0.15257243812084198,0.4239925742149353,0.9474384564204924,0.9128409846972722,0.9301397205588823,labse_baseline,1503,0.7930805056553559,0.8855622089155023,0.927478376580173,0.8391354633809553,0.6396932005882263,0.15616196393966675,0.24989591538906097,0.13333185017108917,0.38979728519916534,0.8755821689953427,0.908183632734531,0.8918829008649368,-0.020625415834996663,-0.021956087824351322,-0.026613439787092408,-0.022405803117078293,0.1382114291191101,0.10401614010334015,0.03419528901576996,0.07185628742514971,0.004657351962741196,0.038256819693945454
all_462_best_model,mai,mni,mai->mni,1503,0.02594810379241517,0.1104457751164338,0.1543579507651364,0.09238304185607783,0.5650015473365784,0.14087143540382385,0.33715060353279114,0.17595362663269043,0.22785094380378723,0.7890884896872921,0.7524950099800399,0.770791749833666,labse_baseline,1503,0.004657351962741184,0.04590818363273453,0.06453759148369927,0.03297016144635974,0.11212765425443649,0.1412801295518875,0.043017663061618805,0.08803210407495499,0.06910999119281769,0.49234863606121093,0.729208250166334,0.6107784431137724,0.021290751829673986,0.06453759148369928,0.08982035928143713,0.059412880409718094,0.4528738930821419,0.29413294047117233,0.15874095261096954,0.29673985362608113,0.02328675981370598,0.16001330671989367
all_462_best_model,mai,mar,mai->mar,1503,0.8436460412508316,0.9208250166333999,0.9427811044577512,0.8790504512709142,0.8145819306373596,0.10387992858886719,0.35879969596862793,0.1528080552816391,0.4557822346687317,0.9687292082501663,0.9281437125748503,0.9484364604125083,labse_baseline,1503,0.8476380572188955,0.9341317365269461,0.9554224883566201,0.8880852924394114,0.6749132871627808,0.15516021847724915,0.26859402656555176,0.13645024597644806,0.406319260597229,0.8942115768463074,0.9095143047238856,0.9018629407850964,-0.003992015968063867,-0.01330671989354626,-0.01264138389886893,-0.009034841168497176,0.13966864347457886,0.09020566940307617,0.049462974071502686,0.07451763140385892,0.018629407850964674,0.04657351962741185
all_462_best_model,mai,npi,mai->npi,1503,0.8489687292082502,0.9341317365269461,0.9481037924151696,0.8863438234607987,0.8232550024986267,0.10464895516633987,0.358875036239624,0.15201719105243683,0.4643799662590027,0.9680638722554891,0.9308050565535595,0.9494344644045243,labse_baseline,1503,0.8576180971390552,0.9447771124417831,0.9627411842980705,0.8979907620223836,0.6857922077178955,0.15394838154315948,0.2677147388458252,0.1368856430053711,0.4180774688720703,0.89354624085163,0.9181636726546906,0.9058549567531603,-0.008649367930805063,-0.010645375914836941,-0.014637391882900919,-0.01164693856158494,0.1374627947807312,0.09116029739379883,0.04630249738693237,0.07451763140385903,0.01264138389886893,0.04357950765136398
all_462_best_model,mai,ory,mai->ory,1503,0.825016633399867,0.9155023286759814,0.9401197604790419,0.8667221223947087,0.8041338324546814,0.10215306282043457,0.35286834836006165,0.1528361737728119,0.45126548409461975,0.9667332002661344,0.9341317365269461,0.9504324683965403,labse_baseline,1503,0.8296739853626082,0.929474384564205,0.9547571523619428,0.8761083436610729,0.6638062000274658,0.1518552452325821,0.25219494104385376,0.13374243676662445,0.41161125898361206,0.8988689288090486,0.914836992681304,0.9068529607451763,-0.004657351962741196,-0.013972055888223589,-0.014637391882900919,-0.009386221266364236,0.14032763242721558,0.10067340731620789,0.03965422511100769,0.06786427145708585,0.019294743845642115,0.04357950765136398
all_462_best_model,mai,pan,mai->pan,1503,0.8216899534264803,0.914836992681304,0.9367930805056554,0.8657789691461695,0.8001037836074829,0.1078551858663559,0.352586954832077,0.1507699340581894,0.4475168287754059,0.959414504324684,0.9308050565535595,0.9451097804391217,labse_baseline,1503,0.8383233532934131,0.9328010645375915,0.9514304723885563,0.882906433543518,0.6589635014533997,0.15431518852710724,0.25140950083732605,0.135789155960083,0.4075540006160736,0.8875582168995343,0.9155023286759814,0.9015302727877579,-0.016633399866932796,-0.017964071856287456,-0.014637391882900919,-0.01712746439734858,0.14114028215408325,0.10117745399475098,0.039962828159332275,0.07185628742514971,0.015302727877578137,0.04357950765136387
all_462_best_model,mai,san,mai->san,1503,0.648037258815702,0.8003992015968064,0.8496340652029275,0.7211913898644985,0.7574978470802307,0.1266471892595291,0.35029029846191406,0.16204971075057983,0.40720754861831665,0.9354624085163007,0.89354624085163,0.9145043246839654,labse_baseline,1503,0.6014637391882901,0.7658017298735862,0.8296739853626082,0.6793707986580582,0.5333532094955444,0.18899238109588623,0.17213140428066254,0.13699384033679962,0.3612218052148819,0.833666001330672,0.886892880904857,0.8602794411177646,0.04657351962741185,0.03459747172322025,0.019960079840319334,0.04182059120644033,0.22414463758468628,0.17815889418125153,0.04598574340343475,0.10179640718562866,0.006653359946773074,0.05422488356620081
all_462_best_model,mai,sat,mai->sat,1503,0.02661343978709248,0.13439787092481703,0.17964071856287425,0.11591079912567621,0.5876386761665344,0.13930289447307587,0.33762943744659424,0.18221718072891235,0.2500092387199402,0.8090485695276114,0.7558216899534265,0.782435129740519,labse_baseline,1503,0.005988023952095809,0.03526280771789754,0.0499001996007984,0.029989993001088688,0.11601061373949051,0.14024287462234497,0.0474955253303051,0.0824027955532074,0.06851508840918541,0.4630738522954092,0.7578176979374585,0.6104457751164338,0.02062541583499667,0.09913506320691949,0.12974051896207583,0.08592080612458752,0.4716280624270439,0.29013391211628914,0.18149415031075478,0.3459747172322022,-0.001996007984031989,0.17198935462408516
all_462_best_model,mai,snd,mai->snd,1503,0.614105123087159,0.7684630738522954,0.8150365934797072,0.6855705690369239,0.7478087544441223,0.13176341354846954,0.3441420793533325,0.15962624549865723,0.4036666750907898,0.9208250166333999,0.8882235528942116,0.9045242847638058,labse_baseline,1503,0.5874916833000665,0.737857618097139,0.7930805056553559,0.66065421902533,0.5302499532699585,0.19468769431114197,0.17079026997089386,0.1344568282365799,0.35945968329906464,0.8163672654690619,0.8842315369261478,0.8502994011976048,0.02661343978709252,0.030605455755156386,0.021956087824351322,0.02491635001159398,0.21755880117416382,0.17335180938243866,0.04420699179172516,0.10445775116433798,0.003992015968063867,0.05422488356620092
all_462_best_model,mai,tam,mai->tam,1503,0.6912840984697272,0.8077178975382568,0.8502994011976048,0.749443996137869,0.7490144371986389,0.12889359891414642,0.35379233956336975,0.15331803262233734,0.39522209763526917,0.9241516966067864,0.8922155688622755,0.908183632734531,labse_baseline,1503,0.7538256819693946,0.8682634730538922,0.9048569527611444,0.806904126031198,0.6108816862106323,0.15927506983280182,0.25663623213768005,0.13203255832195282,0.35424545407295227,0.852960745176314,0.895542248835662,0.874251497005988,-0.06254158349966743,-0.06054557551563533,-0.054557551563539586,-0.05746012989332894,0.1381327509880066,0.0971561074256897,0.040976643562316895,0.07119095143047238,-0.003326679973386537,0.03393213572854292
all_462_best_model,mai,tel,mai->tel,1503,0.7837658017298735,0.8862275449101796,0.9095143047238856,0.8309620163690243,0.7901409268379211,0.11390721052885056,0.3587910830974579,0.15296299755573273,0.43134984374046326,0.9514304723885563,0.9234863606121091,0.9374584165003327,labse_baseline,1503,0.8163672654690619,0.916833000665336,0.9354624085163007,0.8607147491754512,0.6541625261306763,0.15757949650287628,0.2615853548049927,0.13628573715686798,0.3925771713256836,0.8815701929474384,0.8995342648037259,0.8905522288755822,-0.032601463739188374,-0.030605455755156386,-0.025948103792415078,-0.029752732806426874,0.13597840070724487,0.09720572829246521,0.03877267241477966,0.06986027944111783,0.0239520958083832,0.04690618762475052
all_462_best_model,mai,urd,mai->urd,1503,0.8436460412508316,0.9268130405854956,0.9500998003992016,0.8825943582017391,0.814298152923584,0.10081541538238525,0.35717618465423584,0.15352095663547516,0.45712196826934814,0.9660678642714571,0.9234863606121091,0.9447771124417831,labse_baseline,1503,0.8609447771124418,0.9494344644045243,0.9634065202927479,0.9015761595391077,0.6697842478752136,0.1503191441297531,0.26759839057922363,0.13579778373241425,0.40218585729599,0.8942115768463074,0.9174983366600133,0.9058549567531604,-0.017298735861610126,-0.022621423819028652,-0.01330671989354626,-0.018981801337368598,0.14451390504837036,0.08957779407501221,0.054936110973358154,0.07185628742514971,0.0059880239520957446,0.03892215568862267
all_462_best_model,mal,asm,mal->asm,1503,0.8695941450432468,0.9394544244843646,0.9627411842980705,0.9039761593857178,0.835104763507843,0.09645486623048782,0.3590273857116699,0.15055696666240692,0.4760773777961731,0.9733865602129075,0.9321357285429142,0.9527611443779108,labse_baseline,1503,0.8882235528942116,0.9614105123087159,0.9713905522288756,0.9197062788702274,0.7580925226211548,0.12429803609848022,0.28254055976867676,0.12814247608184814,0.475551962852478,0.9507651363938789,0.9534264803725881,0.9520958083832336,-0.018629407850964785,-0.021956087824351322,-0.008649367930805063,-0.01573011948450953,0.07701224088668823,0.07648682594299316,0.0005254149436950684,0.02262142381902854,-0.021290751829673993,0.0006653359946772186
all_462_best_model,mal,ben,mal->ben,1503,0.9041916167664671,0.9660678642714571,0.978709248170326,0.9336042873287265,0.8571112751960754,0.0906684473156929,0.363574355840683,0.15008392930030823,0.49353691935539246,0.9793745841650033,0.9500998003992016,0.9647371922821024,labse_baseline,1503,0.9314703925482368,0.9800399201596807,0.9880239520958084,0.9541251858539587,0.8163030743598938,0.10762840509414673,0.3463636636734009,0.12339351326227188,0.4699394106864929,0.9654025282767797,0.9587491683300067,0.9620758483033932,-0.027278775781769737,-0.013972055888223589,-0.009314703925482393,-0.0205208985252322,0.04080820083618164,0.017210692167282104,0.023597508668899536,0.013972055888223589,-0.008649367930805063,0.0026613439787092075
all_462_best_model,mal,brx,mal->brx,1503,0.27944111776447106,0.4431137724550898,0.5242847638057219,0.3645693474817114,0.6394302248954773,0.13031205534934998,0.32553040981292725,0.16063107550144196,0.31389981508255005,0.8835662009314704,0.823020625415835,0.8532934131736527,labse_baseline,1503,0.1490352628077179,0.24085163007318697,0.29208250166334,0.2002138193185646,0.24655063450336456,0.1752512902021408,0.08999591320753098,0.10250118374824524,0.1565547212958336,0.6187624750499002,0.8090485695276114,0.7139055222887558,0.13040585495675316,0.20226214238190285,0.23220226214238188,0.16435552816314677,0.39287959039211273,0.23553449660539627,0.15734509378671646,0.2648037258815702,0.013972055888223589,0.1393878908848969
all_462_best_model,mal,doi,mal->doi,1503,0.7145708582834331,0.854956753160346,0.8962075848303394,0.7819876797496287,0.7685544490814209,0.1181730404496193,0.3489249646663666,0.15381069481372833,0.4196294844150543,0.9367930805056554,0.8995342648037259,0.9181636726546907,labse_baseline,1503,0.6380572188955422,0.7784431137724551,0.8243512974051896,0.704571649744733,0.5799059271812439,0.17865993082523346,0.2091379314661026,0.1322731375694275,0.3707679957151413,0.844311377245509,0.9121756487025948,0.8782435129740519,0.07651363938789091,0.07651363938789091,0.07185628742514971,0.07741603000489572,0.188648521900177,0.13978703320026398,0.048861488699913025,0.09248170326014638,-0.01264138389886893,0.03992015968063878
all_462_best_model,mal,guj,mal->guj,1503,0.8975382568196939,0.957418496340652,0.9700598802395209,0.925094379960919,0.8561252355575562,0.09627243876457214,0.36560705304145813,0.14990165829658508,0.490518182516098,0.9687292082501663,0.948769128409847,0.9587491683300067,labse_baseline,1503,0.9288090485695276,0.9753825681969395,0.9846972721224219,0.9506548856986298,0.8135159015655518,0.11319395154714584,0.3555150032043457,0.12085361033678055,0.45800089836120605,0.9520958083832335,0.957418496340652,0.9547571523619427,-0.031270791749833715,-0.017964071856287456,-0.014637391882900919,-0.025560505737710737,0.042609333992004395,0.010092049837112427,0.03251728415489197,0.016633399866932796,-0.008649367930805063,0.003992015968063978
all_462_best_model,mal,hin,mal->hin,1503,0.9068529607451763,0.9600798403193613,0.9727212242182302,0.9324153169170082,0.8563096523284912,0.09540311992168427,0.3646969497203827,0.14849016070365906,0.4916127026081085,0.9747172322022621,0.9507651363938789,0.9627411842980705,labse_baseline,1503,0.9241516966067864,0.9773785761809713,0.9840319361277445,0.9488880260899212,0.8093212842941284,0.11320112645626068,0.3636379539966583,0.11950421333312988,0.4456833302974701,0.9481037924151696,0.9527611443779108,0.9504324683965402,-0.017298735861610126,-0.017298735861610015,-0.011310711909514382,-0.01647270917291299,0.04698836803436279,0.0010589957237243652,0.04592937231063843,0.02661343978709252,-0.001996007984031878,0.012308715901530376
all_462_best_model,mal,kan,mal->kan,1503,0.833666001330672,0.9181636726546906,0.936127744510978,0.8705961004726639,0.8229357004165649,0.11523451656103134,0.36006954312324524,0.15162836015224457,0.4628661572933197,0.9527611443779108,0.9268130405854956,0.9397870924817032,labse_baseline,1503,0.8542914171656687,0.9328010645375915,0.9481037924151696,0.8888630516333352,0.7458057403564453,0.14697803556919098,0.2973218858242035,0.1338280290365219,0.4484838545322418,0.9194943446440452,0.9414504324683965,0.9304723885562209,-0.020625415834996663,-0.014637391882900919,-0.0119760479041916,-0.01826695116067134,0.07712996006011963,0.06274765729904175,0.01438230276107788,0.03326679973386559,-0.014637391882900919,0.009314703925482282
all_462_best_model,mal,kas,mal->kas,1503,0.4251497005988024,0.5755156353958749,0.64604125083167,0.49940260878731263,0.6729176044464111,0.13504451513290405,0.33736327290534973,0.1589621603488922,0.3355543315410614,0.8915502328675982,0.8456420492348636,0.8685961410512308,labse_baseline,1503,0.3320026613439787,0.47105788423153694,0.530938123752495,0.40080568651854437,0.36241474747657776,0.20158453285694122,0.11292604357004166,0.12530939280986786,0.2494887039065361,0.709913506320692,0.83166999334664,0.770791749833666,0.0931470392548237,0.10445775116433798,0.11510312707917492,0.09859692226876826,0.3105028569698334,0.22443722933530807,0.0860656276345253,0.1816367265469062,0.013972055888223589,0.09780439121756479
all_462_best_model,mal,gom,mal->gom,1503,0.7012641383898869,0.8290086493679308,0.8695941450432468,0.7618927488607322,0.7572125196456909,0.12048228085041046,0.3462110757827759,0.1527366042137146,0.41100144386291504,0.9341317365269461,0.9048569527611444,0.9194943446440453,labse_baseline,1503,0.6413838988689288,0.7784431137724551,0.812375249500998,0.7040541307935535,0.5741848945617676,0.18627360463142395,0.19787825644016266,0.13988015055656433,0.3763066381216049,0.8409846972721224,0.8982035928143712,0.8695941450432468,0.05988023952095811,0.05056553559547572,0.05721889554224879,0.057838618067178715,0.18302762508392334,0.14833281934261322,0.03469480574131012,0.0931470392548237,0.006653359946773185,0.0499001996007985
all_462_best_model,mal,mai,mal->mai,1503,0.7558216899534265,0.872255489021956,0.9108449767132402,0.8103429300831104,0.7779046297073364,0.11334360390901566,0.35585346817970276,0.15504688024520874,0.42205116152763367,0.9474384564204924,0.9048569527611444,0.9261477045908184,labse_baseline,1503,0.7451763140385895,0.854956753160346,0.9035262807717898,0.7981780617314718,0.6396932005882263,0.15616196393966675,0.2519994080066681,0.13142383098602295,0.3876937925815582,0.8755821689953427,0.9188290086493679,0.8972055888223553,0.010645375914836941,0.017298735861610015,0.007318695941450404,0.012164868351638658,0.1382114291191101,0.10385406017303467,0.03435736894607544,0.07185628742514971,-0.013972055888223478,0.02894211576846306
all_462_best_model,mal,mni,mal->mni,1503,0.025282767797737856,0.13373253493013973,0.1703260146373919,0.10902566885987704,0.5663976669311523,0.1287909895181656,0.3424624502658844,0.17292319238185883,0.22393521666526794,0.812375249500998,0.7438456420492349,0.7781104457751165,labse_baseline,1503,0.00665335994677312,0.03526280771789754,0.049234863606121095,0.028619187197262745,0.06753713637590408,0.13365709781646729,0.012661372311413288,0.0882452130317688,0.054875764064490795,0.47904191616766467,0.677977378576181,0.5785096473719229,0.018629407850964737,0.09846972721224219,0.1210911510312708,0.0804064816626143,0.49886053055524826,0.3298010779544711,0.16905945260077715,0.33333333333333337,0.06586826347305386,0.19960079840319356
all_462_best_model,mal,mar,mal->mar,1503,0.9021956087824351,0.9614105123087159,0.9740518962075848,0.9298615665124068,0.8555619716644287,0.09245602041482925,0.36531519889831543,0.1494341492652893,0.4902467727661133,0.9753825681969395,0.9394544244843646,0.957418496340652,labse_baseline,1503,0.927478376580173,0.9800399201596807,0.9860279441117764,0.9506376014255263,0.8144611120223999,0.11132100224494934,0.3481738567352295,0.12200931459665298,0.4662872552871704,0.9567531603459747,0.9534264803725881,0.9550898203592815,-0.02528276779773786,-0.018629407850964785,-0.0119760479041916,-0.020776034913119523,0.04110085964202881,0.017141342163085938,0.02395951747894287,0.018629407850964785,-0.013972055888223589,0.0023286759813705427
all_462_best_model,mal,npi,mal->npi,1503,0.9108449767132402,0.9640718562874252,0.978709248170326,0.9361091597877901,0.857575535774231,0.09304086118936539,0.36319029331207275,0.14841899275779724,0.4943852424621582,0.9727212242182302,0.9507651363938789,0.9617431803060545,labse_baseline,1503,0.9334664005322688,0.9820359281437125,0.9860279441117764,0.9539536434229227,0.8164884448051453,0.11215193569660187,0.34607377648353577,0.12175007909536362,0.4704146683216095,0.9614105123087159,0.957418496340652,0.959414504324684,-0.022621423819028652,-0.017964071856287345,-0.007318695941450404,-0.01784448363513258,0.04108709096908569,0.017116516828536987,0.023970574140548706,0.01131071190951427,-0.006653359946773074,0.0023286759813705427
all_462_best_model,mal,ory,mal->ory,1503,0.8882235528942116,0.9600798403193613,0.9713905522288756,0.9194325374712286,0.8511754274368286,0.09712889045476913,0.35934197902679443,0.1511252224445343,0.4918334484100342,0.9700598802395209,0.9474384564204924,0.9587491683300067,labse_baseline,1503,0.908183632734531,0.9727212242182302,0.9833666001330672,0.9364090735479329,0.8014762997627258,0.11712989211082458,0.3252996504306793,0.12462732195854187,0.4761766493320465,0.9614105123087159,0.9587491683300067,0.9600798403193613,-0.019960079840319334,-0.012641383898868819,-0.0119760479041916,-0.01697653607670435,0.04969912767410278,0.03404232859611511,0.01565679907798767,0.008649367930805063,-0.01131071190951427,-0.0013306719893546592
all_462_best_model,mal,pan,mal->pan,1503,0.8822355289421158,0.9540918163672655,0.9660678642714571,0.9167486000576529,0.8322041630744934,0.10443257540464401,0.3570142984390259,0.14861516654491425,0.47518986463546753,0.9627411842980705,0.9421157684630739,0.9524284763805722,labse_baseline,1503,0.9055222887558216,0.9607451763140386,0.9747172322022621,0.9340247675671005,0.7859717011451721,0.12398713827133179,0.32768625020980835,0.12454530596733093,0.45828545093536377,0.9414504324683965,0.9534264803725881,0.9474384564204923,-0.02328675981370587,-0.006653359946773074,-0.008649367930805063,-0.017276167509447604,0.04623246192932129,0.02932804822921753,0.01690441370010376,0.021290751829673993,-0.01131071190951427,0.004990019960079861
all_462_best_model,mal,san,mal->san,1503,0.6513639387890885,0.8263473053892215,0.8629407850964738,0.7279453259967524,0.742149829864502,0.11983858048915863,0.34826433658599854,0.1567482352256775,0.3938854932785034,0.9354624085163007,0.8809048569527611,0.908183632734531,labse_baseline,1503,0.5495675316034597,0.7145708582834331,0.7757817697937458,0.6256162118840294,0.507265567779541,0.18124739825725555,0.18017053604125977,0.1302150934934616,0.32709503173828125,0.8176979374584165,0.886892880904857,0.8522954091816367,0.10179640718562877,0.11177644710578838,0.08715901530272796,0.10232911411272305,0.23488426208496094,0.16809380054473877,0.06679046154022217,0.11776447105788423,-0.005988023952095856,0.055888223552894245
all_462_best_model,mal,sat,mal->sat,1503,0.023952095808383235,0.13572854291417166,0.1709913506320692,0.11715746422391335,0.5651295781135559,0.1369607150554657,0.3408600687980652,0.1755523383617401,0.22426950931549072,0.7977378576180971,0.7451763140385895,0.7714570858283434,labse_baseline,1503,0.00665335994677312,0.028609447771124417,0.03992015968063872,0.02550020431312286,0.06955377012491226,0.12831516563892365,0.01748022809624672,0.08186706900596619,0.05207354202866554,0.4504324683965403,0.7012641383898869,0.5758483033932136,0.017298735861610116,0.10711909514304724,0.13107119095143047,0.09165725991079049,0.49557580798864365,0.32337984070181847,0.17219596728682518,0.34730538922155685,0.043912175648702645,0.1956087824351298
all_462_best_model,mal,snd,mal->snd,1503,0.5994677312042581,0.7584830339321357,0.8143712574850299,0.6754003423251523,0.728588879108429,0.12630073726177216,0.345024049282074,0.15290144085884094,0.383564829826355,0.927478376580173,0.8755821689953427,0.9015302727877579,labse_baseline,1503,0.48502994011976047,0.6420492348636061,0.7052561543579507,0.562415335809361,0.49035215377807617,0.18961834907531738,0.17786209285259247,0.12913410365581512,0.3124900609254837,0.7917498336660014,0.8782435129740519,0.8349966733200267,0.11443779108449764,0.11643379906852958,0.10911510312707917,0.11298500651579135,0.23823672533035278,0.1671619564294815,0.07107476890087128,0.13572854291417158,-0.0026613439787092075,0.06653359946773119
all_462_best_model,mal,tam,mal->tam,1503,0.823020625415835,0.906187624750499,0.9208250166333999,0.8628294429882015,0.8196181058883667,0.11770406365394592,0.3628981411457062,0.15071532130241394,0.4567199647426605,0.9447771124417831,0.9228210246174318,0.9337990685296074,labse_baseline,1503,0.8709248170326015,0.93812375249501,0.9514304723885563,0.9030176023409393,0.7736926674842834,0.1322537064552307,0.33466675877571106,0.12257643043994904,0.4390259087085724,0.9328010645375915,0.9461077844311377,0.9394544244843646,-0.04790419161676651,-0.031936127744511045,-0.030605455755156386,-0.040188159352737785,0.04592543840408325,0.028231382369995117,0.017694056034088135,0.0119760479041916,-0.02328675981370598,-0.005655355954757191
all_462_best_model,mal,tel,mal->tel,1503,0.8915502328675982,0.9540918163672655,0.9673985362608117,0.9209890573045251,0.856839120388031,0.09678196907043457,0.3668573498725891,0.1504647582769394,0.4899817705154419,0.9720558882235529,0.9414504324683965,0.9567531603459747,labse_baseline,1503,0.9088489687292083,0.9660678642714571,0.9773785761809713,0.9355976401827099,0.810897707939148,0.11749418079853058,0.3390214741230011,0.12501369416713715,0.47187623381614685,0.9520958083832335,0.9567531603459747,0.9544244843646041,-0.017298735861610126,-0.0119760479041916,-0.009980039920159611,-0.014608582878184784,0.04594141244888306,0.027835875749588013,0.018105536699295044,0.019960079840319445,-0.015302727877578137,0.0023286759813705427
all_462_best_model,mal,urd,mal->urd,1503,0.895542248835662,0.9567531603459747,0.9727212242182302,0.9235838378822496,0.8560613393783569,0.09667714685201645,0.3639352023601532,0.1498609036207199,0.49212613701820374,0.9673985362608117,0.9441117764471058,0.9557551563539588,labse_baseline,1503,0.9228210246174318,0.9753825681969395,0.9846972721224219,0.9452333367028439,0.8132064342498779,0.11617454141378403,0.35239750146865845,0.11955583840608597,0.4608089327812195,0.9507651363938789,0.9587491683300067,0.9547571523619428,-0.027278775781769737,-0.018629407850964785,-0.011976047904191711,-0.021649498820594304,0.042854905128479004,0.011537700891494751,0.03131720423698425,0.016633399866932796,-0.014637391882900919,0.0009980039920159944
all_462_best_model,mni,asm,mni->asm,1503,0.03260146373918829,0.09381237524950099,0.14105123087159016,0.07476831999762322,0.5933360457420349,0.12393099069595337,0.3445128798484802,0.1749003380537033,0.2488231658935547,0.8489687292082502,0.7624750499001997,0.8057218895542249,labse_baseline,1503,0.007984031936127744,0.024617431803060547,0.0385894876912841,0.023356729083463347,0.10655361413955688,0.14065279066562653,0.03541591763496399,0.08878897875547409,0.0711376965045929,0.5036593479707252,0.7298735861610113,0.6167664670658682,0.024617431803060547,0.06919494344644045,0.10246174318030607,0.05141159091415987,0.486782431602478,0.30909696221351624,0.1776854693889618,0.34530938123752497,0.032601463739188374,0.18895542248835662
all_462_best_model,mni,ben,mni->ben,1503,0.034597471723220224,0.09913506320691949,0.1430472388556221,0.07423829706584964,0.5733837485313416,0.12491825968027115,0.34147199988365173,0.16858859360218048,0.23191174864768982,0.8303393213572854,0.7578176979374585,0.7940785096473719,labse_baseline,1503,0.007318695941450432,0.023952095808383235,0.03526280771789754,0.020734787172906544,0.06589818000793457,0.13301874697208405,0.011217806488275528,0.08835488557815552,0.05468037351965904,0.4737192282102462,0.6932801064537591,0.5834996673320026,0.027278775781769793,0.07518296739853625,0.10778443113772455,0.0535035098929431,0.507485568523407,0.3302541933953762,0.17723137512803078,0.3566200931470392,0.06453759148369931,0.21057884231536927
all_462_best_model,mni,brx,mni->brx,1503,0.03260146373918829,0.08516300731869594,0.1277445109780439,0.07155957264758539,0.6272754073143005,0.15114885568618774,0.3552324175834656,0.20242524147033691,0.27204298973083496,0.8176979374584165,0.7544910179640718,0.7860944777112442,labse_baseline,1503,0.0053226879574184965,0.023952095808383235,0.03792415169660679,0.020849645802147227,0.1503509134054184,0.1576128602027893,0.053650688380002975,0.1091449111700058,0.09670022502541542,0.5349301397205589,0.739853626081171,0.6373918829008649,0.027278775781769793,0.06121091151031271,0.08982035928143711,0.050709926845438166,0.47692449390888214,0.3015817292034626,0.17534276470541954,0.28276779773785754,0.014637391882900808,0.14870259481037928
all_462_best_model,mni,doi,mni->doi,1503,0.02927478376580173,0.09248170326014638,0.1437125748502994,0.07137211586523552,0.5885251760482788,0.13454490900039673,0.3397625982761383,0.17994579672813416,0.2487625777721405,0.8170326014637392,0.7578176979374585,0.7874251497005988,labse_baseline,1503,0.003992015968063872,0.021290751829673986,0.033932135728542916,0.017729807266292287,0.12825335562229156,0.14582954347133636,0.0508875697851181,0.09390508383512497,0.07736578583717346,0.5063206919494344,0.7365269461077845,0.6214238190286094,0.02528276779773786,0.07119095143047238,0.10978043912175647,0.053642308598943235,0.46027182042598724,0.2888750284910202,0.17139679193496704,0.31071190951430483,0.021290751829673993,0.1660013306719894
all_462_best_model,mni,guj,mni->guj,1503,0.031936127744510975,0.09314703925482369,0.14637391882900866,0.07381652551743416,0.5754387378692627,0.12314608693122864,0.3452383875846863,0.17300328612327576,0.23020035028457642,0.823020625415835,0.7491683300066534,0.7860944777112442,labse_baseline,1503,0.009314703925482368,0.023952095808383235,0.0385894876912841,0.0231700356676303,0.056770846247673035,0.1301606297492981,0.0041445414535701275,0.08957360684871674,0.05262630479410291,0.4717232202262142,0.6713240186294078,0.571523619427811,0.022621423819028607,0.06919494344644045,0.10778443113772457,0.050646489849803855,0.5186678916215897,0.34109384613111615,0.1775740454904735,0.35129740518962077,0.07784431137724557,0.21457085828343314
all_462_best_model,mni,hin,mni->hin,1503,0.034597471723220224,0.09647371922821024,0.15169660678642716,0.07676418899186184,0.5747515559196472,0.11842601746320724,0.3440173268318176,0.17082054913043976,0.2307342290878296,0.8396540252827678,0.7458416500332667,0.7927478376580173,labse_baseline,1503,0.00665335994677312,0.02262142381902861,0.034597471723220224,0.02121293756539666,0.04929802566766739,0.1287359744310379,-0.0010755585972219706,0.08894219994544983,0.05037358426488936,0.48436460412508314,0.6726546906187625,0.5785096473719228,0.027944111776447105,0.07385229540918163,0.11709913506320693,0.05555125142646518,0.5254535302519798,0.3450928854290396,0.18036064482294023,0.35528942115768464,0.07318695941450426,0.21423819028609448
all_462_best_model,mni,kan,mni->kan,1503,0.028609447771124417,0.08183632734530938,0.12840984697272123,0.06670005946566472,0.5731444358825684,0.13228987157344818,0.34242478013038635,0.1749846339225769,0.230719655752182,0.8176979374584165,0.7558216899534265,0.7867598137059215,labse_baseline,1503,0.009314703925482368,0.01929474384564205,0.0332667997338656,0.021283942110304998,0.08262462913990021,0.13758189976215363,0.019902048632502556,0.08821329474449158,0.06272258050739765,0.4856952761144378,0.716566866267465,0.6011310711909514,0.01929474384564205,0.06254158349966733,0.09514304723885564,0.04541611735535972,0.49051980674266815,0.3225227314978838,0.16799707524478436,0.33200266134397866,0.03925482368596145,0.18562874251497008
all_462_best_model,mni,kas,mni->kas,1503,0.03260146373918829,0.08715901530272788,0.12907518296739853,0.06977444926680686,0.6107174754142761,0.15033675730228424,0.35201743245124817,0.19525904953479767,0.25870004296302795,0.8070525615435795,0.7638057218895542,0.7854291417165669,labse_baseline,1503,0.003992015968063872,0.015968063872255488,0.0332667997338656,0.018363589643373864,0.19781112670898438,0.15866823494434357,0.10647260397672653,0.11791826784610748,0.09133852273225784,0.571523619427811,0.7145708582834331,0.6430472388556221,0.028609447771124417,0.07119095143047238,0.09580838323353294,0.05141085962343299,0.41290634870529175,0.24554482847452164,0.1673615202307701,0.23552894211576847,0.04923486360612106,0.14238190286094476
all_462_best_model,mni,gom,mni->gom,1503,0.03260146373918829,0.09381237524950099,0.13972055888223553,0.07367385621892356,0.5943922996520996,0.13405203819274902,0.3420034646987915,0.18199802935123444,0.2523888349533081,0.8356620093147039,0.761144377910845,0.7984031936127745,labse_baseline,1503,0.0053226879574184965,0.01996007984031936,0.03792415169660679,0.019838167440400026,0.11249280720949173,0.1531076431274414,0.03160880506038666,0.09542132914066315,0.08088400214910507,0.48769128409846974,0.7631403858948769,0.6254158349966733,0.027278775781769793,0.07385229540918163,0.10179640718562874,0.05383568877852353,0.4818994924426079,0.31039465963840485,0.17150483280420303,0.3479707252162342,-0.001996007984031878,0.17298735861610115
all_462_best_model,mni,mai,mni->mai,1503,0.027944111776447105,0.07984031936127745,0.11976047904191617,0.06354374948972645,0.5650015473365784,0.14087143540382385,0.340168833732605,0.1785314977169037,0.2248327136039734,0.7837658017298735,0.7425149700598802,0.7631403858948769,labse_baseline,1503,0.005988023952095809,0.0166333998669328,0.028609447771124417,0.017864390847850988,0.11212765425443649,0.1412801295518875,0.04303169250488281,0.08524984121322632,0.06909596174955368,0.4916833000665336,0.7332002661343978,0.6124417831004657,0.021956087824351295,0.06320691949434465,0.09115103127079174,0.04567935864187546,0.4528738930821419,0.29713714122772217,0.1557367518544197,0.29208250166333993,0.009314703925482393,0.15069860279441116
all_462_best_model,mni,mal,mni->mal,1503,0.02594810379241517,0.08449767132401863,0.12840984697272123,0.06382079282179053,0.5663976669311523,0.1287909895181656,0.3419930040836334,0.1725652515888214,0.22440466284751892,0.812375249500998,0.7458416500332667,0.7791084497671323,labse_baseline,1503,0.0053226879574184965,0.017298735861610112,0.03127079174983367,0.018234747082480327,0.06753713637590408,0.13365709781646729,0.013644751161336899,0.0870012417435646,0.053892385214567184,0.4763805721889554,0.6839654025282768,0.5801729873586161,0.02062541583499667,0.06719893546240852,0.09713905522288757,0.0455860457393102,0.49886053055524826,0.3283482529222965,0.17051227763295174,0.33599467731204263,0.06187624750498999,0.19893546240851623
all_462_best_model,mni,mar,mni->mar,1503,0.03127079174983367,0.09048569527611444,0.14105123087159016,0.07181505709144353,0.5685112476348877,0.12267646938562393,0.34156492352485657,0.16981862485408783,0.22694632411003113,0.8310046573519627,0.7438456420492349,0.7874251497005988,labse_baseline,1503,0.008649367930805056,0.01929474384564205,0.027278775781769793,0.020124596970776173,0.06301040947437286,0.12804792821407318,0.01072762068361044,0.08691152185201645,0.052282788790762424,0.49101796407185627,0.6660013306719893,0.5785096473719228,0.02262142381902861,0.0711909514304724,0.11377245508982037,0.05169046012066736,0.5055008381605148,0.33083730284124613,0.1746635353192687,0.33998669328010644,0.07784431137724557,0.20891550232867606
all_462_best_model,mni,npi,mni->npi,1503,0.031936127744510975,0.09314703925482369,0.14570858283433133,0.07223175944233412,0.5699840784072876,0.11765081435441971,0.34264954924583435,0.1691972017288208,0.22733452916145325,0.8296739853626082,0.7538256819693946,0.7917498336660014,labse_baseline,1503,0.00665335994677312,0.02262142381902861,0.031936127744510975,0.01966571550486131,0.058548081666231155,0.1265459507703781,0.0049704755656421185,0.08732475340366364,0.05357760610058904,0.4870259481037924,0.6813040585495675,0.58416500332668,0.025282767797737856,0.07052561543579508,0.11377245508982035,0.052566043937472814,0.5114359967410564,0.33767907368019223,0.1737569230608642,0.34264803725881576,0.07252162341982704,0.2075848303393214
all_462_best_model,mni,ory,mni->ory,1503,0.03127079174983367,0.09115103127079174,0.1430472388556221,0.0724544729388896,0.5760096311569214,0.12542514503002167,0.3390656113624573,0.17243482172489166,0.2369440197944641,0.8296739853626082,0.7564870259481038,0.793080505655356,labse_baseline,1503,0.005988023952095809,0.021956087824351298,0.03592814371257485,0.020510969365094806,0.06636585295200348,0.13473601639270782,0.008414136245846748,0.08781678974628448,0.05795171670615673,0.48170326014637393,0.7139055222887558,0.5978043912175649,0.02528276779773786,0.06919494344644045,0.10711909514304724,0.05194350357379479,0.5096437782049179,0.3306514751166105,0.17899230308830738,0.34797072521623423,0.042581503659347986,0.19527611443779114
all_462_best_model,mni,pan,mni->pan,1503,0.03260146373918829,0.10179640718562874,0.15635395874916833,0.07584735383766612,0.5741812586784363,0.12311262637376785,0.34091123938560486,0.16891466081142426,0.23327001929283142,0.825016633399867,0.7544910179640718,0.7897538256819694,labse_baseline,1503,0.007318695941450432,0.02661343978709248,0.04058549567531603,0.022758486765288202,0.06885677576065063,0.12940771877765656,0.010702814906835556,0.08718401193618774,0.05815396085381508,0.4863606121091151,0.7052561543579507,0.5958083832335329,0.02528276779773786,0.07518296739853626,0.1157684630738523,0.05308886707237792,0.5053244829177856,0.3302084244787693,0.17511605843901634,0.3386560212907519,0.04923486360612106,0.19394544244843648
all_462_best_model,mni,san,mni->san,1503,0.024617431803060547,0.07850964737192283,0.12375249500998003,0.062191370748880676,0.5880338549613953,0.13536852598190308,0.3450206518173218,0.1862535923719406,0.2430132031440735,0.8163672654690619,0.7478376580172987,0.7821024617431803,labse_baseline,1503,0.005988023952095809,0.02262142381902861,0.034597471723220224,0.020386487643917914,0.14049524068832397,0.14699037373065948,0.05905503034591675,0.09725595265626907,0.08144021034240723,0.5296074517631404,0.729208250166334,0.6294078509647372,0.018629407850964737,0.05588822355289422,0.08915502328675981,0.04180488310496276,0.4475386142730713,0.28596562147140503,0.16157299280166626,0.2867598137059215,0.018629407850964785,0.15269461077844315
all_462_best_model,mni,sat,mni->sat,1503,0.047238855622089154,0.1823020625415835,0.2268795741849634,0.16132626212878723,0.8158003687858582,0.21010012924671173,0.41617652773857117,0.26272183656692505,0.399623841047287,0.825016633399867,0.8003992015968064,0.8127079174983367,labse_baseline,1503,0.03992015968063872,0.16234198270126413,0.2049234863606121,0.14031192593010305,0.9232303500175476,0.1315625160932541,0.6949549913406372,0.2262313961982727,0.2282753586769104,0.8476380572188955,0.6467065868263473,0.7471723220226214,0.0073186959414504316,0.01996007984031936,0.021956087824351295,0.021014336198684175,-0.10742998123168945,-0.27877846360206604,0.1713484823703766,-0.02262142381902854,0.15369261477045915,0.0655355954757153
all_462_best_model,mni,snd,mni->snd,1503,0.025282767797737856,0.06786427145708583,0.11177644710578842,0.05856604224964709,0.5758969187736511,0.14662736654281616,0.34334757924079895,0.18567483127117157,0.23254933953285217,0.7817697937458417,0.7551563539587491,0.7684630738522954,labse_baseline,1503,0.007318695941450432,0.017298735861610112,0.031936127744510975,0.01864801644568123,0.1277131587266922,0.15783415734767914,0.05305328592658043,0.09941758960485458,0.07465987280011177,0.47305389221556887,0.7405189620758483,0.6067864271457086,0.017964071856287425,0.05056553559547572,0.07984031936127745,0.03991802580396586,0.4481837600469589,0.2902942933142185,0.1578894667327404,0.3087159015302728,0.014637391882900808,0.16167664670658677
all_462_best_model,mni,tam,mni->tam,1503,0.021956087824351298,0.06852960745176315,0.10379241516966067,0.054944186123284035,0.5519741177558899,0.13545288145542145,0.34450921416282654,0.1727336347103119,0.20746490359306335,0.7844311377245509,0.7278775781769794,0.7561543579507651,labse_baseline,1503,0.0053226879574184965,0.015302727877578177,0.02661343978709248,0.016890989143719254,0.05722564086318016,0.1322687864303589,0.008812770247459412,0.08934760093688965,0.04841287061572075,0.4750499001996008,0.6679973386560213,0.571523619427811,0.016633399866932803,0.05322687957418497,0.0771789753825682,0.03805319697956478,0.49474847689270973,0.3356964439153671,0.1590520329773426,0.30938123752495006,0.05988023952095811,0.18463073852295409
all_462_best_model,mni,tel,mni->tel,1503,0.031936127744510975,0.08715901530272788,0.1370592149035263,0.07078437778253335,0.5787999033927917,0.12300954014062881,0.3477707803249359,0.17085833847522736,0.23102912306785583,0.8236859614105123,0.7518296739853626,0.7877578176979374,labse_baseline,1503,0.0053226879574184965,0.01996007984031936,0.037258815701929474,0.019272095530218376,0.06385933607816696,0.13559964299201965,0.009882322512567043,0.0887826606631279,0.05397701356559992,0.4624085163007319,0.6986027944111777,0.5805056553559548,0.026613439787092477,0.06719893546240852,0.09980039920159682,0.05151228225231498,0.5149405673146248,0.33788845781236887,0.17705210950225592,0.36127744510978044,0.05322687957418493,0.20725216234198263
all_462_best_model,mni,urd,mni->urd,1503,0.03526280771789754,0.09115103127079174,0.1483699268130406,0.07595593845466651,0.5770254731178284,0.11449989676475525,0.3429974913597107,0.1715015023946762,0.23402798175811768,0.8489687292082502,0.7524950099800399,0.800731869594145,labse_baseline,1503,0.00998003992015968,0.024617431803060547,0.03592814371257485,0.02373346131352386,0.04721863195300102,0.12458561360836029,-0.002323389984667301,0.08685410767793655,0.049542021937668324,0.49101796407185627,0.6506986027944112,0.5708582834331337,0.02528276779773786,0.0665335994677312,0.11244178310046574,0.052222477141142656,0.5298068411648273,0.345320881344378,0.18448595982044935,0.3579507651363939,0.10179640718562877,0.22987358616101128
all_462_best_model,mar,asm,mar->asm,1503,0.9141716566866267,0.9673985362608117,0.9780439121756487,0.9392190364380053,0.8629717826843262,0.09157288074493408,0.3630405068397522,0.1503494828939438,0.499931275844574,0.9793745841650033,0.9441117764471058,0.9617431803060545,labse_baseline,1503,0.9048569527611444,0.9667332002661344,0.9773785761809713,0.9323833179646223,0.7880178093910217,0.1193912997841835,0.30280783772468567,0.1267174482345581,0.48520997166633606,0.9600798403193613,0.9587491683300067,0.959414504324684,0.009314703925482282,0.0006653359946773296,0.0006653359946773296,0.006835718473383046,0.07495397329330444,0.06023266911506653,0.014721304178237915,0.019294743845642004,-0.014637391882900919,0.0023286759813705427
all_462_best_model,mar,ben,mar->ben,1503,0.9427811044577512,0.9846972721224219,0.9886892880904857,0.9616589308868785,0.8872700333595276,0.08060728758573532,0.3676101565361023,0.14996661245822906,0.5196598768234253,0.9860279441117764,0.9540918163672655,0.9700598802395209,labse_baseline,1503,0.9500998003992016,0.9860279441117764,0.9893546240851631,0.9670918608766862,0.8614075779914856,0.09226880222558975,0.3776910603046417,0.11936154216527939,0.48371651768684387,0.9733865602129075,0.9640718562874252,0.9687292082501664,-0.007318695941450404,-0.0013306719893545482,-0.0006653359946773296,-0.005432929989807711,0.025862455368041992,-0.010080903768539429,0.03594335913658142,0.01264138389886893,-0.009980039920159722,0.0013306719893545482
all_462_best_model,mar,brx,mar->brx,1503,0.3200266134397871,0.48436460412508314,0.5642049234863606,0.40320062863002526,0.6450249552726746,0.12481611967086792,0.3250226080417633,0.15810734033584595,0.32000234723091125,0.886892880904857,0.8349966733200266,0.8609447771124418,labse_baseline,1503,0.12574850299401197,0.22288755821689954,0.2761144377910845,0.1770792391453226,0.2308853566646576,0.16969002783298492,0.08676894754171371,0.10233066976070404,0.14411640912294388,0.6234198270126414,0.7977378576180971,0.7105788423153693,0.19427811044577514,0.2614770459081836,0.2880904856952761,0.22612138948470267,0.41413959860801697,0.2382536605000496,0.17588593810796738,0.26347305389221554,0.03725881570192946,0.1503659347970725
all_462_best_model,mar,doi,mar->doi,1503,0.7944111776447106,0.9028609447771124,0.9354624085163007,0.8488302041875763,0.8009510040283203,0.11086132377386093,0.35280346870422363,0.15448462963104248,0.4481475353240967,0.957418496340652,0.9201596806387226,0.9387890884896872,labse_baseline,1503,0.654690618762475,0.7984031936127745,0.8310046573519627,0.7209099082154979,0.6008635759353638,0.18470412492752075,0.21969351172447205,0.13384796679019928,0.3811700642108917,0.8356620093147039,0.9161676646706587,0.8759148369926812,0.13972055888223556,0.10445775116433798,0.10445775116433798,0.12792029597207832,0.20008742809295654,0.1331099569797516,0.06697747111320496,0.1217564870259481,0.003992015968063867,0.06287425149700598
all_462_best_model,mar,guj,mar->guj,1503,0.9427811044577512,0.978709248170326,0.9853626081170991,0.9596143187471013,0.8991294503211975,0.08050955832004547,0.3704693615436554,0.15054215490818024,0.5286600887775421,0.9846972721224219,0.9580838323353293,0.9713905522288756,labse_baseline,1503,0.9540918163672655,0.9860279441117764,0.9900199600798403,0.9700491043883337,0.8756943345069885,0.08959347754716873,0.3911820650100708,0.11719869077205658,0.4845122694969177,0.9780439121756487,0.9713905522288756,0.9747172322022621,-0.01131071190951427,-0.007318695941450404,-0.004657351962741196,-0.010434785641232347,0.023435115814208984,-0.020712703466415405,0.04414781928062439,0.006653359946773185,-0.01330671989354626,-0.003326679973386537
all_462_best_model,mar,hin,mar->hin,1503,0.9434464404524284,0.9833666001330672,0.9893546240851631,0.9619790204621388,0.896491289138794,0.07850353419780731,0.3697150647640228,0.15020275115966797,0.5267762243747711,0.9893546240851631,0.959414504324684,0.9743845642049236,labse_baseline,1503,0.948769128409847,0.9853626081170991,0.9900199600798403,0.9659566470174576,0.8687591552734375,0.09176280349493027,0.4007605314254761,0.11503694951534271,0.4679986238479614,0.9767132401862941,0.9667332002661344,0.9717232202262143,-0.005322687957418526,-0.001996007984031878,-0.0006653359946772186,-0.003977626555318858,0.027732133865356445,-0.031045466661453247,0.05877760052680969,0.01264138389886893,-0.007318695941450404,0.0026613439787093185
all_462_best_model,mar,kan,mar->kan,1503,0.854956753160346,0.9374584165003327,0.9520958083832335,0.8935817195623476,0.8367671966552734,0.10823875665664673,0.3634481430053711,0.15123920142650604,0.47331905364990234,0.9620758483033932,0.9374584165003327,0.949767132401863,labse_baseline,1503,0.854956753160346,0.929474384564205,0.9427811044577512,0.8901865060852063,0.7611919641494751,0.14518378674983978,0.31931203603744507,0.13508786261081696,0.44187992811203003,0.9248170326014638,0.9414504324683965,0.9331337325349301,0.0,0.007984031936127733,0.009314703925482282,0.0033952134771412235,0.07557523250579834,0.044136106967926025,0.031439125537872314,0.03725881570192946,-0.003992015968063867,0.016633399866932796
all_462_best_model,mar,kas,mar->kas,1503,0.48369926813040587,0.6373918829008649,0.6959414504324684,0.5571407525366978,0.6875852942466736,0.12828759849071503,0.339290589094162,0.15876659750938416,0.3482947051525116,0.906187624750499,0.8469727212242182,0.8765801729873586,labse_baseline,1503,0.3253493013972056,0.4743845642049235,0.52228875582169,0.3950849443434381,0.3495389521121979,0.20264720916748047,0.10742760449647903,0.12373049557209015,0.24211134761571884,0.7119095143047239,0.83166999334664,0.7717897538256819,0.1583499667332003,0.16300731869594143,0.17365269461077837,0.1620558081932597,0.3380463421344757,0.23186298459768295,0.10618335753679276,0.19427811044577503,0.015302727877578137,0.10479041916167664
all_462_best_model,mar,gom,mar->gom,1503,0.7704590818363274,0.886892880904857,0.9214903526280772,0.8241427121010079,0.7910916209220886,0.11597422510385513,0.3500448763370514,0.15319806337356567,0.44104674458503723,0.9547571523619428,0.9115103127079175,0.9331337325349301,labse_baseline,1503,0.6826347305389222,0.7937458416500333,0.8290086493679308,0.7344129459144657,0.6036739349365234,0.189125657081604,0.2095470279455185,0.14480359852313995,0.39412690699100494,0.8409846972721224,0.908183632734531,0.8745841650033267,0.08782435129740518,0.0931470392548237,0.09248170326014638,0.08972976618654216,0.18741768598556519,0.1404978483915329,0.04691983759403229,0.11377245508982037,0.003326679973386537,0.05854956753160345
all_462_best_model,mar,mai,mar->mai,1503,0.8429807052561543,0.9268130405854956,0.9461077844311377,0.8811391593118164,0.8145819306373596,0.10387992858886719,0.3596141040325165,0.1546565294265747,0.45496782660484314,0.9680638722554891,0.9194943446440452,0.9437791084497671,labse_baseline,1503,0.7937458416500333,0.8948769128409847,0.9241516966067864,0.8409386727546004,0.6749132871627808,0.15516021847724915,0.2673172056674957,0.13309088349342346,0.40759608149528503,0.895542248835662,0.9254823685961411,0.9105123087159015,0.04923486360612106,0.031936127744510934,0.021956087824351322,0.040200486557215975,0.13966864347457886,0.09229689836502075,0.047371745109558105,0.07252162341982704,-0.005988023952095856,0.03326679973386559
all_462_best_model,mar,mal,mar->mal,1503,0.8995342648037259,0.9620758483033932,0.9740518962075848,0.9286530302446944,0.8555619716644287,0.09245602041482925,0.3644242286682129,0.15040813386440277,0.4911377429962158,0.9753825681969395,0.9407850964737192,0.9580838323353293,labse_baseline,1503,0.9088489687292083,0.9720558882235529,0.9820359281437125,0.9377854766395416,0.8144611120223999,0.11132100224494934,0.3483070433139801,0.12218069285154343,0.4661540687084198,0.9567531603459747,0.957418496340652,0.9570858283433133,-0.009314703925482393,-0.009980039920159722,-0.007984031936127733,-0.009132446394847227,0.04110085964202881,0.016117185354232788,0.02498367428779602,0.018629407850964785,-0.016633399866932796,0.0009980039920159944
all_462_best_model,mar,mni,mar->mni,1503,0.03260146373918829,0.1370592149035263,0.17764471057884232,0.11223099957796183,0.5685112476348877,0.12267646938562393,0.34327933192253113,0.16919361054897308,0.22523191571235657,0.8296739853626082,0.7524950099800399,0.791084497671324,labse_baseline,1503,0.0053226879574184965,0.0332667997338656,0.04258150365934797,0.024841697144317568,0.06301040947437286,0.12804792821407318,0.009815248660743237,0.08562706410884857,0.05319516081362963,0.4930139720558882,0.6799733865602129,0.5864936793080505,0.027278775781769793,0.1037924151696607,0.13506320691949436,0.08738930243364426,0.5055008381605148,0.3334640832617879,0.17203675489872694,0.33666001330671996,0.07252162341982704,0.20459081836327353
all_462_best_model,mar,npi,mar->npi,1503,0.9467731204258151,0.9833666001330672,0.9880239520958084,0.9651272902796819,0.8975067734718323,0.08063256740570068,0.3693438768386841,0.14843255281448364,0.5281628966331482,0.9853626081170991,0.9587491683300067,0.9720558882235528,labse_baseline,1503,0.9481037924151696,0.9880239520958084,0.9920159680638723,0.9673292326418289,0.8740001916885376,0.09251369535923004,0.38114872574806213,0.11810246109962463,0.49285146594047546,0.978709248170326,0.9707252162341983,0.9747172322022621,-0.0013306719893545482,-0.004657351962741196,-0.003992015968063867,-0.0022019423621469913,0.023506581783294678,-0.011804848909378052,0.03531143069267273,0.006653359946773074,-0.0119760479041916,-0.0026613439787093185
all_462_best_model,mar,ory,mar->ory,1503,0.9268130405854956,0.978709248170326,0.9860279441117764,0.9518755696763285,0.8795396685600281,0.08333058655261993,0.36261671781539917,0.14990109205245972,0.5169229507446289,0.9827012641383899,0.959414504324684,0.9710578842315369,labse_baseline,1503,0.9334664005322688,0.9820359281437125,0.9873586161011311,0.9558619012714468,0.8400177359580994,0.10417163372039795,0.3538830876350403,0.12096754461526871,0.4861346483230591,0.9654025282767797,0.9660678642714571,0.9657351962741184,-0.006653359946773185,-0.003326679973386537,-0.0013306719893546592,-0.003986331595118298,0.03952193260192871,0.008733630180358887,0.030788302421569824,0.017298735861610126,-0.006653359946773074,0.005322687957418526
all_462_best_model,mar,pan,mar->pan,1503,0.9241516966067864,0.978709248170326,0.9880239520958084,0.9501924525428318,0.871778666973114,0.08829382807016373,0.36212897300720215,0.14890533685684204,0.5096496939659119,0.9840319361277445,0.957418496340652,0.9707252162341983,labse_baseline,1503,0.9341317365269461,0.9827012641383899,0.9886892880904857,0.956670305637131,0.8367985486984253,0.10525065660476685,0.3590904474258423,0.1204269602894783,0.477708101272583,0.9707252162341983,0.9627411842980705,0.9667332002661344,-0.009980039920159722,-0.003992015968063867,-0.0006653359946773296,-0.0064778530942991575,0.03498011827468872,0.0030385255813598633,0.03194159269332886,0.01330671989354626,-0.005322687957418526,0.003992015968063867
all_462_best_model,mar,san,mar->san,1503,0.7132401862940785,0.8542914171656687,0.89354624085163,0.7786708381684326,0.7622177600860596,0.12165819108486176,0.35038483142852783,0.15599003434181213,0.41183292865753174,0.9414504324683965,0.9048569527611444,0.9231536926147705,labse_baseline,1503,0.552228875582169,0.7152361942781105,0.7697937458416501,0.6284857886757459,0.5172756910324097,0.18651358783245087,0.18847940862178802,0.13200156390666962,0.32879628241062164,0.8117099135063207,0.8875582168995343,0.8496340652029275,0.16101131071190944,0.13905522288755823,0.12375249500997998,0.15018504949268674,0.2449420690536499,0.1619054228067398,0.0830366462469101,0.12974051896207583,0.017298735861610126,0.07351962741184304
all_462_best_model,mar,sat,mar->sat,1503,0.03260146373918829,0.15701929474384566,0.19693945442448438,0.13301692966115122,0.579674243927002,0.12574687600135803,0.34304186701774597,0.17280881106853485,0.23663237690925598,0.823020625415835,0.7544910179640718,0.7887558216899534,labse_baseline,1503,0.008649367930805056,0.02262142381902861,0.037258815701929474,0.02309589010395945,0.0658809244632721,0.1226617619395256,0.014393051154911518,0.07748016715049744,0.05148787330836058,0.4530938123752495,0.6926147704590818,0.5728542914171657,0.023952095808383235,0.13439787092481703,0.1596806387225549,0.10992103955719178,0.5137933194637299,0.32864881586283445,0.1851445036008954,0.3699268130405855,0.06187624750498999,0.2159015302727877
all_462_best_model,mar,snd,mar->snd,1503,0.6826347305389222,0.8176979374584165,0.8695941450432468,0.74644549814886,0.7550397515296936,0.12316969782114029,0.3467813730239868,0.15316390991210938,0.4082583785057068,0.9401197604790419,0.8982035928143712,0.9191616766467066,labse_baseline,1503,0.5123087159015303,0.6586826347305389,0.7125748502994012,0.5826820810618827,0.5000473260879517,0.1937071681022644,0.1828496754169464,0.1317337155342102,0.31719765067100525,0.7864271457085829,0.8775781769793746,0.8320026613439787,0.17032601463739194,0.15901530272787756,0.15701929474384568,0.16376341708697728,0.25499242544174194,0.1639316976070404,0.09106072783470154,0.15369261477045904,0.020625415834996663,0.08715901530272785
all_462_best_model,mar,tam,mar->tam,1503,0.8283433133732535,0.9128409846972722,0.9354624085163007,0.8688551607543289,0.8213365077972412,0.11568567901849747,0.36584627628326416,0.15128394961357117,0.45549023151397705,0.9481037924151696,0.9281437125748503,0.9381237524950099,labse_baseline,1503,0.8629407850964738,0.9308050565535595,0.9481037924151696,0.8963233926610832,0.7819600105285645,0.12575407326221466,0.3639703094959259,0.11909937113523483,0.41798970103263855,0.9228210246174318,0.9481037924151696,0.9354624085163007,-0.03459747172322025,-0.017964071856287345,-0.01264138389886893,-0.027468231906754292,0.03937649726867676,0.0018759667873382568,0.0375005304813385,0.02528276779773786,-0.019960079840319334,0.0026613439787092075
all_462_best_model,mar,tel,mar->tel,1503,0.9121756487025948,0.9660678642714571,0.9780439121756487,0.9382128084091672,0.8681042790412903,0.09060214459896088,0.37024936079978943,0.1506129503250122,0.49785491824150085,0.9760479041916168,0.9474384564204924,0.9617431803060545,labse_baseline,1503,0.9214903526280772,0.9740518962075848,0.980705256154358,0.9455728161044348,0.832562267780304,0.10522350668907166,0.36827796697616577,0.12141305953264236,0.4642843008041382,0.9640718562874252,0.959414504324684,0.9617431803060545,-0.009314703925482393,-0.007984031936127733,-0.0026613439787093185,-0.0073600076952675675,0.03554201126098633,0.0019713938236236572,0.03357061743736267,0.0119760479041916,-0.0119760479041916,0.0
all_462_best_model,mar,urd,mar->urd,1503,0.9507651363938789,0.9800399201596807,0.9880239520958084,0.9652322018266041,0.895082414150238,0.07670192420482635,0.36856019496917725,0.1508752405643463,0.5265222191810608,0.9880239520958084,0.9580838323353293,0.9730538922155689,labse_baseline,1503,0.9527611443779108,0.9866932801064537,0.9900199600798403,0.9681746502299529,0.8691666126251221,0.08987181633710861,0.38726866245269775,0.11574193090200424,0.4818979501724243,0.980705256154358,0.9727212242182302,0.9767132401862941,-0.001996007984031878,-0.006653359946773074,-0.001996007984031878,-0.002942448403348785,0.025915801525115967,-0.018708467483520508,0.044624269008636475,0.007318695941450404,-0.014637391882900808,-0.003659347970725202
all_462_best_model,npi,asm,npi->asm,1503,0.9214903526280772,0.9747172322022621,0.9860279441117764,0.9467083689489145,0.8731515407562256,0.08844006061553955,0.3631962835788727,0.14843153953552246,0.5099552571773529,0.980705256154358,0.9534264803725881,0.9670658682634731,labse_baseline,1503,0.9228210246174318,0.9733865602129075,0.9827012641383899,0.9450369759638003,0.8003742098808289,0.11729717999696732,0.30242788791656494,0.12760613858699799,0.4979463219642639,0.9620758483033932,0.9647371922821024,0.9634065202927478,-0.0013306719893545482,0.0013306719893546592,0.003326679973386537,0.0016713929851142062,0.07277733087539673,0.06076839566230774,0.01200893521308899,0.018629407850964785,-0.01131071190951427,0.003659347970725313
all_462_best_model,npi,ben,npi->ben,1503,0.9474384564204924,0.9833666001330672,0.9920159680638723,0.9651478068527202,0.8941256999969482,0.0780898854136467,0.36726266145706177,0.14834478497505188,0.5268630385398865,0.9860279441117764,0.9607451763140386,0.9733865602129075,labse_baseline,1503,0.9560878243512974,0.9866932801064537,0.9920159680638723,0.9713119672613342,0.8672890067100525,0.09046691656112671,0.37743985652923584,0.11945733428001404,0.48984915018081665,0.9800399201596807,0.9680638722554891,0.9740518962075848,-0.008649367930804952,-0.003326679973386537,0.0,-0.006164160408614006,0.026836693286895752,-0.010177195072174072,0.037013888359069824,0.0059880239520957446,-0.007318695941450515,-0.0006653359946773296
all_462_best_model,npi,brx,npi->brx,1503,0.32801064537591484,0.48769128409846974,0.5635395874916833,0.4103206956315189,0.6472717523574829,0.12498943507671356,0.3264891803264618,0.15576767921447754,0.3207825720310211,0.8975382568196939,0.8436460412508316,0.8705921490352628,labse_baseline,1503,0.13572854291417166,0.2262142381902861,0.2821024617431803,0.18503963993654238,0.23231256008148193,0.17216849327087402,0.08557233214378357,0.10242374986410141,0.14674022793769836,0.6227544910179641,0.7964071856287425,0.7095808383233533,0.19228210246174318,0.26147704590818366,0.281437125748503,0.22528105569497653,0.414959192276001,0.24091684818267822,0.17404234409332275,0.2747837658017298,0.04723885562208918,0.16101131071190955
all_462_best_model,npi,doi,npi->doi,1503,0.8057218895542249,0.9155023286759814,0.9401197604790419,0.8559587347582613,0.8049982190132141,0.11064180731773376,0.35369518399238586,0.15371739864349365,0.45130303502082825,0.9600798403193613,0.9288090485695276,0.9444444444444444,labse_baseline,1503,0.6799733865602129,0.8030605455755156,0.8456420492348636,0.7379072393922409,0.6062750816345215,0.18332166969776154,0.21893087029457092,0.13510943949222565,0.38734421133995056,0.8409846972721224,0.9181636726546906,0.8795741849634064,0.12574850299401197,0.11244178310046571,0.09447771124417825,0.11805149536602044,0.19872313737869263,0.13476431369781494,0.06395882368087769,0.1190951430472389,0.010645375914837052,0.06487025948103797
all_462_best_model,npi,guj,npi->guj,1503,0.9481037924151696,0.9846972721224219,0.9893546240851631,0.9641843952631812,0.9030038118362427,0.07812341302633286,0.3696379065513611,0.1482498049736023,0.5333659052848816,0.9840319361277445,0.9614105123087159,0.9727212242182302,labse_baseline,1503,0.9580838323353293,0.9886892880904857,0.9946773120425815,0.9723435672038466,0.8799601197242737,0.08813828229904175,0.39148932695388794,0.11577848345041275,0.48847079277038574,0.9800399201596807,0.9773785761809713,0.978709248170326,-0.009980039920159722,-0.003992015968063867,-0.005322687957418415,-0.0081591719406654,0.023043692111968994,-0.021851420402526855,0.04489511251449585,0.003992015968063867,-0.015968063872255467,-0.005988023952095856
all_462_best_model,npi,hin,npi->hin,1503,0.948769128409847,0.9840319361277445,0.9906852960745176,0.9666088765003391,0.900877058506012,0.07916221767663956,0.36988312005996704,0.1487434059381485,0.5309939384460449,0.9860279441117764,0.9640718562874252,0.9750499001996008,labse_baseline,1503,0.9587491683300067,0.9886892880904857,0.9940119760479041,0.9731525308074296,0.8732040524482727,0.09326768666505814,0.40200722217559814,0.11477463692426682,0.47119683027267456,0.9760479041916168,0.9680638722554891,0.9720558882235529,-0.009980039920159722,-0.004657351962741196,-0.003326679973386537,-0.006543654307090474,0.027673006057739258,-0.032124102115631104,0.05979710817337036,0.009980039920159611,-0.003992015968063867,0.0029940119760478723
all_462_best_model,npi,kan,npi->kan,1503,0.8616101131071191,0.9354624085163007,0.9540918163672655,0.8976350494040362,0.8368120789527893,0.10779345035552979,0.36234188079833984,0.14936646819114685,0.47447019815444946,0.9607451763140386,0.9401197604790419,0.9504324683965402,labse_baseline,1503,0.8522954091816367,0.9341317365269461,0.9494344644045243,0.8899256060523192,0.7576466798782349,0.1465384066104889,0.31639188528060913,0.134474977850914,0.44125479459762573,0.9268130405854956,0.9421157684630739,0.9344644045242847,0.009314703925482393,0.0013306719893545482,0.004657351962741196,0.007709443351716971,0.07916539907455444,0.04594999551773071,0.03321540355682373,0.03393213572854292,-0.001996007984031989,0.015968063872255467
all_462_best_model,npi,kas,npi->kas,1503,0.5056553559547572,0.6487025948103793,0.7045908183632734,0.575222056215449,0.6901017427444458,0.12938013672828674,0.33986780047416687,0.1560889184474945,0.35023394227027893,0.9028609447771124,0.8589487691284099,0.8809048569527611,labse_baseline,1503,0.34331337325349304,0.47704590818363274,0.5216234198270127,0.40859670863026154,0.351900190114975,0.2051483541727066,0.10419600456953049,0.12459772080183029,0.2477041855454445,0.718562874251497,0.833666001330672,0.7761144377910845,0.16234198270126415,0.17165668662674655,0.18296739853626076,0.16662534758518743,0.3382015526294708,0.23567179590463638,0.10252975672483444,0.18429807052561542,0.02528276779773786,0.10479041916167664
all_462_best_model,npi,gom,npi->gom,1503,0.7578176979374585,0.8802395209580839,0.9188290086493679,0.8153973017916643,0.7814433574676514,0.11585788428783417,0.3484099805355072,0.15126536786556244,0.43303337693214417,0.948769128409847,0.9174983366600133,0.9331337325349301,labse_baseline,1503,0.6620093147039254,0.7850964737192282,0.8176979374584165,0.7173819929368619,0.586826741695404,0.18993379175662994,0.20567931234836578,0.1454416960477829,0.38114742934703827,0.8343313373253493,0.9001996007984032,0.8672654690618762,0.09580838323353302,0.0951430472388557,0.10113107119095144,0.09801530885480236,0.19461661577224731,0.14273066818714142,0.051885947585105896,0.1144377910844977,0.017298735861610126,0.06586826347305397
all_462_best_model,npi,mai,npi->mai,1503,0.8469727212242182,0.9347970725216235,0.9567531603459747,0.8873783489631369,0.8232550024986267,0.10464895516633987,0.36045169830322266,0.15338164567947388,0.46280330419540405,0.9680638722554891,0.9248170326014638,0.9464404524284764,labse_baseline,1503,0.8216899534264803,0.906187624750499,0.9328010645375915,0.8607579088449172,0.6857922077178955,0.15394838154315948,0.26732778549194336,0.1331849843263626,0.41846442222595215,0.89354624085163,0.9268130405854956,0.9101796407185628,0.02528276779773786,0.028609447771124508,0.0239520958083832,0.026620440118219735,0.1374627947807312,0.0931239128112793,0.044338881969451904,0.07451763140385903,-0.001996007984031878,0.036260811709913576
all_462_best_model,npi,mal,npi->mal,1503,0.8968729208250167,0.9640718562874252,0.9773785761809713,0.928028595058634,0.857575535774231,0.09304086118936539,0.36282530426979065,0.14759346842765808,0.4947502315044403,0.9727212242182302,0.948769128409847,0.9607451763140386,labse_baseline,1503,0.9108449767132402,0.9733865602129075,0.9813705921490352,0.9401028889275198,0.8164884448051453,0.11215193569660187,0.3460131287574768,0.12222921848297119,0.47047531604766846,0.9614105123087159,0.9620758483033932,0.9617431803060545,-0.013972055888223478,-0.009314703925482282,-0.003992015968063867,-0.01207429386888581,0.04108709096908569,0.016812175512313843,0.02427491545677185,0.01131071190951427,-0.01330671989354626,-0.0009980039920159944
all_462_best_model,npi,mni,npi->mni,1503,0.039254823685961414,0.1383898868928809,0.17831004657351962,0.11006033897383695,0.5699840784072876,0.11765081435441971,0.3436283767223358,0.1665559709072113,0.22635570168495178,0.8283433133732535,0.7518296739853626,0.790086493679308,labse_baseline,1503,0.007318695941450432,0.03792415169660679,0.05123087159015303,0.02992618350227499,0.058548081666231155,0.1265459507703781,0.005772881209850311,0.08625955879688263,0.052775200456380844,0.48502994011976047,0.6746506986027944,0.5798403193612774,0.03193612774451098,0.10046573519627411,0.1270791749833666,0.08013415547156195,0.5114359967410564,0.3378554955124855,0.17358050122857094,0.34331337325349304,0.07717897538256824,0.2102461743180306
all_462_best_model,npi,mar,npi->mar,1503,0.9481037924151696,0.9827012641383899,0.9886892880904857,0.9637319799148902,0.8975067734718323,0.08063256740570068,0.3687933385372162,0.14842863380908966,0.5287134349346161,0.9853626081170991,0.9560878243512974,0.9707252162341982,labse_baseline,1503,0.9520958083832335,0.9873586161011311,0.9926813040585496,0.9682170990142097,0.8740001916885376,0.09251369535923004,0.38105055689811707,0.11805476993322372,0.49294963479042053,0.978709248170326,0.9713905522288756,0.9750499001996008,-0.003992015968063867,-0.004657351962741196,-0.003992015968063867,-0.004485119099319479,0.023506581783294678,-0.012257218360900879,0.03576380014419556,0.006653359946773074,-0.015302727877578248,-0.0043246839654026425
all_462_best_model,npi,ory,npi->ory,1503,0.929474384564205,0.9820359281437125,0.9893546240851631,0.9541410690761386,0.8852962851524353,0.08170831203460693,0.36338865756988525,0.14949606359004974,0.52190762758255,0.9860279441117764,0.9580838323353293,0.9720558882235528,labse_baseline,1503,0.9421157684630739,0.9866932801064537,0.9920159680638723,0.9616942594125264,0.8475233912467957,0.10298590362071991,0.35503050684928894,0.12063974887132645,0.4924928843975067,0.9713905522288756,0.9680638722554891,0.9697272122421823,-0.01264138389886893,-0.004657351962741196,-0.0026613439787092075,-0.007553190336387794,0.03777289390563965,0.008358150720596313,0.029414743185043335,0.014637391882900808,-0.009980039920159722,0.0023286759813705427
all_462_best_model,npi,pan,npi->pan,1503,0.9347970725216235,0.9820359281437125,0.9886892880904857,0.9588224886485962,0.8806177377700806,0.085543692111969,0.3633233308792114,0.1483425348997116,0.5172944068908691,0.9860279441117764,0.9600798403193613,0.9730538922155689,labse_baseline,1503,0.9474384564204924,0.9820359281437125,0.9906852960745176,0.966414813296823,0.8488855361938477,0.10223338752985,0.36127686500549316,0.12088103592395782,0.4876086711883545,0.9720558882235529,0.9680638722554891,0.970059880239521,-0.01264138389886893,0.0,-0.001996007984031878,-0.007592324648226789,0.03173220157623291,0.0020464658737182617,0.02968573570251465,0.013972055888223478,-0.007984031936127733,0.0029940119760478723
all_462_best_model,npi,san,npi->san,1503,0.7245508982035929,0.8642714570858283,0.9035262807717898,0.7881311643636748,0.766761302947998,0.11945300549268723,0.35086581110954285,0.15597186982631683,0.4158954918384552,0.9467731204258151,0.9075182967398536,0.9271457085828343,labse_baseline,1503,0.5681969394544245,0.7252162341982701,0.7777777777777778,0.6440824865716996,0.5217995643615723,0.1857874095439911,0.18730710446834564,0.13262887299060822,0.3344924598932266,0.8117099135063207,0.895542248835662,0.8536260811709914,0.15635395874916835,0.13905522288755823,0.12574850299401197,0.14404867779197517,0.24496173858642578,0.1635587066411972,0.08140303194522858,0.13506320691949436,0.0119760479041916,0.07351962741184292
all_462_best_model,npi,sat,npi->sat,1503,0.02927478376580173,0.1603459747172322,0.20758483033932135,0.13973588945625143,0.5760403275489807,0.12567473948001862,0.34463536739349365,0.16937902569770813,0.23140496015548706,0.8256819693945442,0.7511643379906853,0.7884231536926147,labse_baseline,1503,0.007318695941450432,0.023286759813705923,0.033932135728542916,0.022455618801147558,0.059821002185344696,0.12184681743383408,0.010211381129920483,0.07817515730857849,0.04960962105542421,0.4597471723220226,0.6892880904856953,0.5745176314038589,0.021956087824351298,0.13705921490352627,0.17365269461077842,0.11728027065510387,0.516219325363636,0.33442398626357317,0.18179533910006285,0.3659347970725216,0.06187624750498999,0.2139055222887558
all_462_best_model,npi,snd,npi->snd,1503,0.6786427145708582,0.8243512974051896,0.8689288090485695,0.7463395013135938,0.752642035484314,0.1231374591588974,0.34605732560157776,0.1518094837665558,0.4065847098827362,0.936127744510978,0.9008649367930806,0.9184963406520292,labse_baseline,1503,0.5109780439121756,0.6493679308050565,0.6999334664005322,0.5789467019739507,0.4970368444919586,0.19561028480529785,0.17883411049842834,0.13321848213672638,0.3182027339935303,0.7837658017298735,0.884896872920825,0.8343313373253493,0.16766467065868262,0.17498336660013314,0.16899534264803728,0.16739279933964313,0.25560519099235535,0.16722321510314941,0.08838197588920593,0.1523619427811045,0.015968063872255578,0.08416500332667998
all_462_best_model,npi,tam,npi->tam,1503,0.8376580172987359,0.9141716566866267,0.936127744510978,0.8747708023540338,0.8210819363594055,0.11485971510410309,0.364035427570343,0.14935998618602753,0.4570465087890625,0.9481037924151696,0.9328010645375915,0.9404524284763806,labse_baseline,1503,0.867598137059215,0.9341317365269461,0.9507651363938789,0.9000399881262522,0.7802532911300659,0.12730422616004944,0.3625781536102295,0.11855721473693848,0.4176751375198364,0.927478376580173,0.9560878243512974,0.9417831004657351,-0.029940119760479056,-0.019960079840319445,-0.014637391882900919,-0.025269185772218372,0.0408286452293396,0.0014572739601135254,0.039371371269226074,0.020625415834996663,-0.02328675981370587,-0.0013306719893545482
all_462_best_model,npi,tel,npi->tel,1503,0.9221556886227545,0.9773785761809713,0.9840319361277445,0.9478182363361399,0.8713792562484741,0.08791641145944595,0.3694811761379242,0.1500784158706665,0.5018980801105499,0.9813705921490352,0.948769128409847,0.9650698602794411,labse_baseline,1503,0.9314703925482368,0.9747172322022621,0.9866932801064537,0.9521601753322105,0.8344005346298218,0.10694228112697601,0.36769160628318787,0.12121336907148361,0.4667089283466339,0.9600798403193613,0.9620758483033932,0.9610778443113772,-0.009314703925482282,0.0026613439787092075,-0.0026613439787092075,-0.0043419389960706045,0.036978721618652344,0.0017895698547363281,0.035189151763916016,0.021290751829673882,-0.01330671989354626,0.003992015968063867
all_462_best_model,npi,urd,npi->urd,1503,0.9567531603459747,0.9900199600798403,0.9913506320691949,0.9715996326115851,0.9060062766075134,0.07261811941862106,0.36932459473609924,0.1485649049282074,0.5366816818714142,0.9906852960745176,0.9673985362608117,0.9790419161676647,labse_baseline,1503,0.9620758483033932,0.9920159680638723,0.9953426480372588,0.9756357438942602,0.8817934393882751,0.08614924550056458,0.3884027898311615,0.11502287536859512,0.49339064955711365,0.9820359281437125,0.9760479041916168,0.9790419161676647,-0.005322687957418526,-0.001996007984031989,-0.003992015968063867,-0.004036111282675114,0.02421283721923828,-0.019078195095062256,0.04329103231430054,0.008649367930805063,-0.008649367930805063,0.0
all_462_best_model,ory,asm,ory->asm,1503,0.9128409846972722,0.9673985362608117,0.9793745841650033,0.9394921035899302,0.8669637441635132,0.08634033799171448,0.35988903045654297,0.15103211998939514,0.5070747137069702,0.9846972721224219,0.9447771124417831,0.9647371922821024,labse_baseline,1503,0.9288090485695276,0.9760479041916168,0.9840319361277445,0.9508190485458543,0.7933717370033264,0.1159256100654602,0.2872185707092285,0.1305704414844513,0.5061531662940979,0.9687292082501663,0.9614105123087159,0.9650698602794411,-0.015968063872255467,-0.008649367930805063,-0.004657351962741196,-0.011326944955924123,0.07359200716018677,0.07267045974731445,0.0009215474128723145,0.015968063872255578,-0.016633399866932796,-0.0003326679973386648
all_462_best_model,ory,ben,ory->ben,1503,0.93812375249501,0.9820359281437125,0.9886892880904857,0.9587396980129215,0.8868722319602966,0.08099518716335297,0.3629329204559326,0.15163949131965637,0.523939311504364,0.9880239520958084,0.9500998003992016,0.969061876247505,labse_baseline,1503,0.9540918163672655,0.9900199600798403,0.9933466400532269,0.9704728201334208,0.8491448163986206,0.10200892388820648,0.3531147241592407,0.12370137870311737,0.4960300922393799,0.9660678642714571,0.9687292082501663,0.9673985362608117,-0.015968063872255467,-0.007984031936127733,-0.004657351962741196,-0.011733122120499373,0.037727415561676025,0.009818196296691895,0.02790921926498413,0.021956087824351322,-0.018629407850964674,0.001663339986693213
all_462_best_model,ory,brx,ory->brx,1503,0.3273453093812375,0.49500998003992014,0.5788423153692615,0.412092306962393,0.6511868238449097,0.12483149021863937,0.3221244215965271,0.15933582186698914,0.32906240224838257,0.8982035928143712,0.8536260811709914,0.8759148369926812,labse_baseline,1503,0.15236194278110446,0.25482368596141053,0.3120425815036593,0.20710112695695693,0.24186640977859497,0.17158080637454987,0.07935533672571182,0.1032409518957138,0.16251107305288315,0.6307385229540918,0.8130405854956753,0.7218895542248835,0.17498336660013306,0.2401862940785096,0.26679973386560213,0.2049911800054361,0.4093204140663147,0.24276908487081528,0.16655132919549942,0.2674650698602794,0.04058549567531611,0.1540252827677977
all_462_best_model,ory,doi,ory->doi,1503,0.7937458416500333,0.908183632734531,0.9387890884896873,0.8468518219507823,0.7955423593521118,0.10609909147024155,0.34867963194847107,0.15602993965148926,0.44686272740364075,0.9634065202927479,0.9201596806387226,0.9417831004657352,labse_baseline,1503,0.6939454424484365,0.8310046573519627,0.8649367930805056,0.7574269572862279,0.5989484786987305,0.17535950243473053,0.20974808931350708,0.13451522588729858,0.3892003893852234,0.8562874251497006,0.914836992681304,0.8855622089155023,0.09980039920159678,0.07717897538256824,0.0738522954091817,0.08942486466455446,0.19659388065338135,0.138931542634964,0.05766233801841736,0.1071190951430473,0.005322687957418526,0.05622089155023291
all_462_best_model,ory,guj,ory->guj,1503,0.9341317365269461,0.9693945442448436,0.9760479041916168,0.9516889325926897,0.8844741582870483,0.08717620372772217,0.3648048937320709,0.15041257441043854,0.5196692645549774,0.978709248170326,0.9560878243512974,0.9673985362608117,labse_baseline,1503,0.9500998003992016,0.980705256154358,0.9893546240851631,0.965890526260676,0.8462585210800171,0.10456036776304245,0.36477574706077576,0.12186029553413391,0.48148277401924133,0.9580838323353293,0.9673985362608117,0.9627411842980705,-0.015968063872255467,-0.011310711909514382,-0.01330671989354626,-0.014201593667986234,0.03821563720703125,2.9146671295166016e-05,0.038186490535736084,0.020625415834996663,-0.011310711909514382,0.004657351962741196
all_462_best_model,ory,hin,ory->hin,1503,0.9401197604790419,0.980705256154358,0.9853626081170991,0.9585906292643975,0.886237382888794,0.08156798779964447,0.36481162905693054,0.15123610198497772,0.5214257538318634,0.9846972721224219,0.9514304723885563,0.9680638722554891,labse_baseline,1503,0.9461077844311377,0.9840319361277445,0.9913506320691949,0.9644586325737136,0.8409289717674255,0.104215607047081,0.3738043010234833,0.12121690809726715,0.46712467074394226,0.9647371922821024,0.9600798403193613,0.9624085163007319,-0.005988023952095856,-0.003326679973386537,-0.005988023952095856,-0.005868003309316028,0.04530841112136841,-0.008992671966552734,0.05430108308792114,0.019960079840319445,-0.008649367930805063,0.005655355954757191
all_462_best_model,ory,kan,ory->kan,1503,0.850964737192282,0.9347970725216235,0.9520958083832335,0.88945818325779,0.8315557241439819,0.10533727705478668,0.35930335521698,0.15265855193138123,0.47225236892700195,0.9614105123087159,0.936127744510978,0.948769128409847,labse_baseline,1503,0.8649367930805056,0.9347970725216235,0.9494344644045243,0.8987265268958964,0.7454275488853455,0.1438351571559906,0.2992074489593506,0.1337709277868271,0.4462200999259949,0.9221556886227545,0.9414504324683965,0.9318030605455756,-0.013972055888223589,0.0,0.0026613439787092075,-0.009268343638106358,0.08612817525863647,0.060095906257629395,0.02603226900100708,0.03925482368596134,-0.005322687957418526,0.01696606786427135
all_462_best_model,ory,kas,ory->kas,1503,0.47837658017298734,0.6347305389221557,0.6979374584165003,0.5542572495732887,0.6909481883049011,0.1279178410768509,0.3371138274669647,0.16057632863521576,0.3538343608379364,0.9035262807717898,0.8582834331337326,0.8809048569527611,labse_baseline,1503,0.35994677312042583,0.490352628077179,0.543579507651364,0.42570726148446447,0.3598918318748474,0.20358365774154663,0.10455590486526489,0.12702001631259918,0.2553359270095825,0.716566866267465,0.8403193612774451,0.778443113772455,0.11842980705256151,0.1443779108449767,0.15435795076513636,0.12854998808882423,0.3310563564300537,0.23255792260169983,0.09849843382835388,0.18695941450432474,0.017964071856287456,0.1024617431803061
all_462_best_model,ory,gom,ory->gom,1503,0.7358616101131071,0.8682634730538922,0.9028609447771124,0.7959109147926833,0.7745389938354492,0.11310075968503952,0.34399837255477905,0.15385198593139648,0.43054062128067017,0.948769128409847,0.9075182967398536,0.9281437125748503,labse_baseline,1503,0.669328010645376,0.7957418496340652,0.8323353293413174,0.7284938462744954,0.5836530923843384,0.18198145925998688,0.19705453515052795,0.14411376416683197,0.3865985572338104,0.8522954091816367,0.9001996007984032,0.87624750499002,0.06653359946773119,0.07252162341982693,0.07052561543579505,0.06741706851818785,0.19088590145111084,0.1469438374042511,0.04394206404685974,0.09647371922821024,0.007318695941450404,0.05189620758483027
all_462_best_model,ory,mai,ory->mai,1503,0.8296739853626082,0.9194943446440452,0.9414504324683965,0.8712395572890336,0.8041338324546814,0.10215306282043457,0.35550549626350403,0.15595552325248718,0.44862833619117737,0.9660678642714571,0.9194943446440452,0.9427811044577512,labse_baseline,1503,0.8043912175648703,0.908183632734531,0.9301397205588823,0.8500391473929136,0.6638062000274658,0.1518552452325821,0.2539891004562378,0.13269579410552979,0.409817099571228,0.8982035928143712,0.9214903526280772,0.9098469727212242,0.02528276779773786,0.01131071190951427,0.01131071190951427,0.02120040989611993,0.14032763242721558,0.10151639580726624,0.03881123661994934,0.06786427145708585,-0.001996007984031989,0.03293413173652704
all_462_best_model,ory,mal,ory->mal,1503,0.8948769128409847,0.9547571523619428,0.9673985362608117,0.92190079328658,0.8511754274368286,0.09712889045476913,0.35906150937080383,0.15080977976322174,0.4921139180660248,0.9700598802395209,0.9407850964737192,0.95542248835662,labse_baseline,1503,0.9075182967398536,0.9700598802395209,0.9820359281437125,0.9360041503377241,0.8014762997627258,0.11712989211082458,0.325744092464447,0.12569396197795868,0.4757322072982788,0.9607451763140386,0.9620758483033932,0.9614105123087159,-0.01264138389886893,-0.015302727877578137,-0.014637391882900808,-0.014103357051144072,0.04969912767410278,0.03331741690635681,0.01638171076774597,0.009314703925482393,-0.021290751829673993,-0.005988023952095856
all_462_best_model,ory,mni,ory->mni,1503,0.0332667997338656,0.13040585495675316,0.17764471057884232,0.10766606624442135,0.5760096311569214,0.12542514503002167,0.3391081392765045,0.17143607139587402,0.23690149188041687,0.8296739853626082,0.7458416500332667,0.7877578176979374,labse_baseline,1503,0.00665335994677312,0.034597471723220224,0.04590818363273453,0.028161764787414573,0.06636585295200348,0.13473601639270782,0.00761979166418314,0.08900856971740723,0.05874606128782034,0.48303393213572854,0.7059214903526281,0.5944777112441784,0.02661343978709248,0.09580838323353294,0.1317365269461078,0.07950430145700678,0.5096437782049179,0.3314883476123214,0.17815543059259653,0.34664005322687963,0.03992015968063867,0.19328010645375904
all_462_best_model,ory,mar,ory->mar,1503,0.927478376580173,0.9773785761809713,0.9840319361277445,0.9498561907844677,0.8795396685600281,0.08333058655261993,0.3634982705116272,0.15050099790096283,0.5160413980484009,0.9827012641383899,0.9500998003992016,0.9664005322687957,labse_baseline,1503,0.9447771124417831,0.9866932801064537,0.9920159680638723,0.9636812448705819,0.8400177359580994,0.10417163372039795,0.3551373779773712,0.12280657887458801,0.48488035798072815,0.9654025282767797,0.9647371922821024,0.9650698602794411,-0.017298735861610126,-0.009314703925482393,-0.007984031936127733,-0.01382505408611423,0.03952193260192871,0.008360892534255981,0.03116104006767273,0.017298735861610126,-0.014637391882900808,0.0013306719893546592
all_462_best_model,ory,npi,ory->npi,1503,0.9394544244843646,0.9793745841650033,0.9873586161011311,0.9592141032935915,0.8852962851524353,0.08170831203460693,0.36372071504592896,0.14935478568077087,0.5215755701065063,0.9860279441117764,0.9547571523619428,0.9703925482368596,labse_baseline,1503,0.9520958083832335,0.9900199600798403,0.9940119760479041,0.9697503543256975,0.8475233912467957,0.10298590362071991,0.3552371561527252,0.12216467410326004,0.49228623509407043,0.9713905522288756,0.9687292082501663,0.9700598802395209,-0.01264138389886893,-0.010645375914836941,-0.006653359946773074,-0.010536251032105981,0.03777289390563965,0.008483558893203735,0.029289335012435913,0.014637391882900808,-0.013972055888223478,0.0003326679973386648
all_462_best_model,ory,pan,ory->pan,1503,0.916833000665336,0.9747172322022621,0.9820359281437125,0.9434549708093735,0.8645838499069214,0.0926755964756012,0.3590174913406372,0.15007461607456207,0.5055663585662842,0.9780439121756487,0.9454424484364604,0.9617431803060545,labse_baseline,1503,0.9367930805056554,0.9833666001330672,0.9900199600798403,0.9580561032103314,0.8174120783805847,0.11669657379388809,0.3367685079574585,0.1258162558078766,0.4806435704231262,0.9547571523619428,0.9600798403193613,0.957418496340652,-0.019960079840319334,-0.008649367930805063,-0.007984031936127733,-0.01460113240095795,0.04717177152633667,0.02224898338317871,0.02492278814315796,0.02328675981370587,-0.014637391882900919,0.0043246839654025315
all_462_best_model,ory,san,ory->san,1503,0.6966067864271457,0.8449767132401863,0.8875582168995343,0.7655884822370524,0.7519968152046204,0.11815707385540009,0.3459774851799011,0.15679876506328583,0.40601933002471924,0.9447771124417831,0.8882235528942116,0.9165003326679974,labse_baseline,1503,0.5688622754491018,0.7232202262142382,0.7731204258150366,0.6404148687490935,0.5071024894714355,0.18193183839321136,0.17647042870521545,0.13109101355075836,0.3306320607662201,0.8203592814371258,0.8895542248835662,0.8549567531603459,0.12774451097804385,0.1217564870259481,0.1144377910844977,0.12517361348795897,0.24489432573318481,0.16950705647468567,0.07538726925849915,0.12441783100465731,-0.0013306719893545482,0.061543579507651436
all_462_best_model,ory,sat,ory->sat,1503,0.03526280771789754,0.16300731869594146,0.2102461743180306,0.14045986871769134,0.5862382054328918,0.1287856101989746,0.3397914171218872,0.1745581179857254,0.24644678831100464,0.8429807052561543,0.7604790419161677,0.801729873586161,labse_baseline,1503,0.005988023952095809,0.021956087824351298,0.037258815701929474,0.02329165255730884,0.06916987150907516,0.13095751404762268,0.011872976087033749,0.08334213495254517,0.057296895422041416,0.46041250831669994,0.718562874251497,0.5894876912840985,0.029274783765801733,0.14105123087159016,0.17298735861610115,0.1171682161603825,0.5170683339238167,0.32791844103485346,0.18914989288896322,0.3825681969394544,0.041916167664670656,0.2122421823020625
all_462_best_model,ory,snd,ory->snd,1503,0.6633399866932801,0.8090485695276114,0.8556220891550232,0.7324205954759162,0.7466773986816406,0.1205562874674797,0.342085063457489,0.15323148667812347,0.4045923352241516,0.9374584165003327,0.9021956087824351,0.9198270126413839,labse_baseline,1503,0.5242847638057219,0.6753160345974717,0.7198935462408517,0.5966935677870921,0.4949645698070526,0.1895805150270462,0.17330749332904816,0.1304554045200348,0.32165707647800446,0.7917498336660014,0.8822355289421158,0.8369926813040586,0.13905522288755823,0.1337325349301397,0.13572854291417158,0.13572702768882405,0.251712828874588,0.16877757012844086,0.08293525874614716,0.1457085828343313,0.019960079840319334,0.08283433133732532
all_462_best_model,ory,tam,ory->tam,1503,0.8270126413838988,0.908183632734531,0.9314703925482368,0.8657670976214246,0.8172075152397156,0.11617667227983475,0.35986965894699097,0.1513495296239853,0.4573378562927246,0.9474384564204924,0.9208250166333999,0.9341317365269461,labse_baseline,1503,0.8662674650698603,0.9321357285429142,0.9520958083832335,0.8978722025705037,0.7665046453475952,0.1309594064950943,0.33893024921417236,0.12315680086612701,0.42757439613342285,0.927478376580173,0.9507651363938789,0.939121756487026,-0.03925482368596145,-0.0239520958083832,-0.020625415834996663,-0.032105104949079144,0.05070286989212036,0.020939409732818604,0.029763460159301758,0.019960079840319445,-0.029940119760479056,-0.004990019960079861
all_462_best_model,ory,tel,ory->tel,1503,0.908183632734531,0.9700598802395209,0.9760479041916168,0.9352749801403153,0.8627908825874329,0.09097828716039658,0.36478549242019653,0.15288104116916656,0.49800539016723633,0.978709248170326,0.9387890884896873,0.9587491683300067,labse_baseline,1503,0.9208250166333999,0.9733865602129075,0.9833666001330672,0.9463651235243473,0.8132564425468445,0.11322898417711258,0.3440137207508087,0.12536635994911194,0.46924272179603577,0.9580838323353293,0.9580838323353293,0.9580838323353293,-0.01264138389886893,-0.003326679973386537,-0.007318695941450404,-0.011090143384032025,0.04953444004058838,0.020771771669387817,0.02876266837120056,0.020625415834996663,-0.019294743845642004,0.0006653359946773296
all_462_best_model,ory,urd,ory->urd,1503,0.9441117764471058,0.9780439121756487,0.9840319361277445,0.9605881701893478,0.8870020508766174,0.08090341836214066,0.36316490173339844,0.15140199661254883,0.523837149143219,0.9833666001330672,0.9534264803725881,0.9683965402528276,labse_baseline,1503,0.9554224883566201,0.9886892880904857,0.9940119760479041,0.9711122924320251,0.8489696979522705,0.10051623731851578,0.36156442761421204,0.12125498801469803,0.48740527033805847,0.9680638722554891,0.9667332002661344,0.9673985362608117,-0.011310711909514382,-0.010645375914837052,-0.009980039920159611,-0.010524122242677292,0.038032352924346924,0.0016004741191864014,0.03643187880516052,0.015302727877578137,-0.01330671989354626,0.0009980039920158834
all_462_best_model,pan,asm,pan->asm,1503,0.8995342648037259,0.9667332002661344,0.978709248170326,0.9304846842557094,0.8479543328285217,0.09764375537633896,0.35707205533981323,0.1458970010280609,0.4908822774887085,0.9733865602129075,0.9447771124417831,0.9590818363273452,labse_baseline,1503,0.9008649367930806,0.9713905522288756,0.9793745841650033,0.9313531295307369,0.7678881883621216,0.1260221004486084,0.2861877977848053,0.13013271987438202,0.4817003905773163,0.9494344644045243,0.9567531603459747,0.9530938123752495,-0.0013306719893546592,-0.004657351962741196,-0.0006653359946773296,-0.0008684452750274962,0.08006614446640015,0.07088425755500793,0.009181886911392212,0.0239520958083832,-0.0119760479041916,0.0059880239520957446
all_462_best_model,pan,ben,pan->ben,1503,0.9347970725216235,0.9793745841650033,0.9866932801064537,0.9552902670415784,0.8686160445213318,0.08918220549821854,0.3609902560710907,0.14518991112709045,0.5076257884502411,0.9827012641383899,0.9547571523619428,0.9687292082501664,labse_baseline,1503,0.9481037924151696,0.9833666001330672,0.9900199600798403,0.965706796983003,0.8307426571846008,0.1056661456823349,0.3568181097507477,0.12093473225831985,0.47392454743385315,0.9667332002661344,0.9647371922821024,0.9657351962741184,-0.013306719893546148,-0.003992015968063867,-0.003326679973386537,-0.010416529941424613,0.03787338733673096,0.004172146320343018,0.03370124101638794,0.015968063872255467,-0.009980039920159611,0.0029940119760479833
all_462_best_model,pan,brx,pan->brx,1503,0.3300066533599468,0.4697272122421823,0.5535595475715236,0.40305090741463595,0.6343087553977966,0.1348467320203781,0.31857073307037354,0.1522493213415146,0.3157380223274231,0.8669328010645376,0.8536260811709914,0.8602794411177646,labse_baseline,1503,0.1490352628077179,0.24151696606786427,0.28476380572188953,0.19736336547329159,0.22527800500392914,0.17805291712284088,0.07515968382358551,0.10273659974336624,0.15011832118034363,0.6207584830339321,0.7917498336660014,0.7062541583499667,0.18097139055222888,0.228210246174318,0.26879574184963406,0.20568754194134437,0.4090307503938675,0.24341104924678802,0.16561970114707947,0.24617431803060552,0.06187624750498999,0.1540252827677978
all_462_best_model,pan,doi,pan->doi,1503,0.8050565535595475,0.9128409846972722,0.9374584165003327,0.853495576869076,0.7929369211196899,0.1155846044421196,0.3485009968280792,0.14943863451480865,0.4444359242916107,0.9467731204258151,0.9301397205588823,0.9384564204923487,labse_baseline,1503,0.6939454424484365,0.8216899534264803,0.8536260811709914,0.7557246269967595,0.5995483994483948,0.18257296085357666,0.2086024433374405,0.13357961177825928,0.3909459561109543,0.8483033932135728,0.9214903526280772,0.8848968729208251,0.11111111111111105,0.09115103127079183,0.08383233532934131,0.09777094987231649,0.19338852167129517,0.13989855349063873,0.05348996818065643,0.09846972721224223,0.008649367930805063,0.05355954757152359
all_462_best_model,pan,guj,pan->guj,1503,0.9374584165003327,0.9740518962075848,0.9846972721224219,0.9545701745413071,0.8791438937187195,0.09204646199941635,0.3632862865924835,0.14488206803798676,0.515857607126236,0.9733865602129075,0.9600798403193613,0.9667332002661344,labse_baseline,1503,0.9494344644045243,0.9813705921490352,0.9880239520958084,0.9636783070439779,0.8472660779953003,0.10814494639635086,0.3712090849876404,0.12017801403999329,0.4760569930076599,0.9627411842980705,0.9654025282767797,0.9640718562874251,-0.0119760479041916,-0.007318695941450404,-0.003326679973386537,-0.00910813250267084,0.03187781572341919,-0.00792279839515686,0.03980061411857605,0.010645375914836941,-0.005322687957418415,0.0026613439787093185
all_462_best_model,pan,hin,pan->hin,1503,0.9474384564204924,0.9833666001330672,0.9886892880904857,0.9640247382448855,0.8842081427574158,0.08684834837913513,0.36484622955322266,0.14594963192939758,0.5193619132041931,0.9853626081170991,0.957418496340652,0.9713905522288755,labse_baseline,1503,0.948769128409847,0.9866932801064537,0.9893546240851631,0.9663764329027078,0.8482791185379028,0.10260464996099472,0.38165751099586487,0.1179191842675209,0.46662160754203796,0.9687292082501663,0.9627411842980705,0.9657351962741184,-0.0013306719893545482,-0.003326679973386537,-0.0006653359946773296,-0.0023516946578222564,0.03592902421951294,-0.016811281442642212,0.05274030566215515,0.016633399866932796,-0.005322687957418526,0.00565535595475708
all_462_best_model,pan,kan,pan->kan,1503,0.8330006653359947,0.9268130405854956,0.9454424484364604,0.8754318134457415,0.8103998899459839,0.11768022924661636,0.35609355568885803,0.14645130932331085,0.45430633425712585,0.9547571523619428,0.9301397205588823,0.9424484364604125,labse_baseline,1503,0.833666001330672,0.9181636726546906,0.9374584165003327,0.8729465046628235,0.7249096632003784,0.15231755375862122,0.29886913299560547,0.13460871577262878,0.42604053020477295,0.9048569527611444,0.9334664005322688,0.9191616766467066,-0.0006653359946773296,0.008649367930805063,0.007984031936127733,0.002485308782917972,0.08549022674560547,0.057224422693252563,0.028265804052352905,0.04990019960079839,-0.003326679973386537,0.02328675981370598
all_462_best_model,pan,kas,pan->kas,1503,0.49833666001330673,0.6487025948103793,0.7085828343313373,0.5714132116182391,0.68487149477005,0.13887597620487213,0.33533769845962524,0.15408429503440857,0.3495337963104248,0.8855622089155023,0.8702594810379242,0.8779108449767132,labse_baseline,1503,0.3546240851630073,0.48502994011976047,0.5489021956087824,0.42028139570003864,0.35279443860054016,0.21320289373397827,0.0983344092965126,0.12692341208457947,0.25446002930402756,0.7092481703260146,0.8416500332667998,0.7754491017964071,0.14371257485029942,0.1636726546906188,0.1596806387225549,0.15113181591820046,0.3320770561695099,0.23700328916311264,0.09507376700639725,0.1763140385894877,0.028609447771124397,0.1024617431803061
all_462_best_model,pan,gom,pan->gom,1503,0.7418496340652029,0.8662674650698603,0.9041916167664671,0.801170958407572,0.7598102688789368,0.12473627179861069,0.3398107886314392,0.14572900533676147,0.41999948024749756,0.9341317365269461,0.9221556886227545,0.9281437125748504,labse_baseline,1503,0.6420492348636061,0.7784431137724551,0.8170326014637392,0.7041189239997371,0.5692827105522156,0.19458892941474915,0.1908014416694641,0.14427152276039124,0.37848126888275146,0.8403193612774451,0.89354624085163,0.8669328010645376,0.09980039920159678,0.08782435129740518,0.08715901530272785,0.09705203440783494,0.1905275583267212,0.1490093469619751,0.041518211364746094,0.09381237524950103,0.028609447771124508,0.06121091151031277
all_462_best_model,pan,mai,pan->mai,1503,0.8210246174318031,0.9288090485695276,0.9494344644045243,0.8688048000219919,0.8001037836074829,0.1078551858663559,0.35423627495765686,0.15047626197338104,0.44586750864982605,0.957418496340652,0.9208250166333999,0.939121756487026,labse_baseline,1503,0.7957418496340652,0.8942115768463074,0.9208250166333999,0.8429264659894461,0.6589635014533997,0.15431518852710724,0.2523322105407715,0.1337268352508545,0.4066312909126282,0.886892880904857,0.9208250166333999,0.9038589487691284,0.02528276779773786,0.03459747172322025,0.028609447771124397,0.025878334032545802,0.14114028215408325,0.10190406441688538,0.039236217737197876,0.07052561543579505,0.0,0.03526280771789758
all_462_best_model,pan,mal,pan->mal,1503,0.8789088489687292,0.9547571523619428,0.9693945442448436,0.9126281402602533,0.8322041630744934,0.10443257540464401,0.3568402826786041,0.14462897181510925,0.4753638803958893,0.9627411842980705,0.9407850964737192,0.9517631403858948,labse_baseline,1503,0.8982035928143712,0.9640718562874252,0.9720558882235529,0.9273976468836269,0.7859717011451721,0.12398713827133179,0.3288913667201996,0.12386354058980942,0.45708033442497253,0.9407850964737192,0.9587491683300067,0.949767132401863,-0.019294743845642004,-0.009314703925482393,-0.0026613439787093185,-0.014769506623373618,0.04623246192932129,0.02794891595840454,0.018283545970916748,0.021956087824351322,-0.017964071856287456,0.001996007984031878
all_462_best_model,pan,mni,pan->mni,1503,0.04324683965402528,0.1543579507651364,0.20159680638722555,0.12551662159345492,0.5741812586784363,0.12311262637376785,0.34036582708358765,0.16432814300060272,0.23381543159484863,0.825016633399867,0.7571523619427811,0.791084497671324,labse_baseline,1503,0.007984031936127744,0.0385894876912841,0.05256154357950765,0.0298368310745972,0.06885677576065063,0.12940771877765656,0.011252260766923428,0.08615317940711975,0.05760451499372721,0.48369926813040587,0.6999334664005322,0.591816367265469,0.03526280771789754,0.1157684630738523,0.1490352628077179,0.09567979051885772,0.5053244829177856,0.3291135663166642,0.17621091660112143,0.3413173652694611,0.057218895542248904,0.199268130405855
all_462_best_model,pan,mar,pan->mar,1503,0.9301397205588823,0.9773785761809713,0.9846972721224219,0.9506820373249921,0.871778666973114,0.08829382807016373,0.36163440346717834,0.14388398826122284,0.5101442635059357,0.9840319361277445,0.9560878243512974,0.9700598802395209,labse_baseline,1503,0.9447771124417831,0.980705256154358,0.9880239520958084,0.961401678425553,0.8367985486984253,0.10525065660476685,0.36037832498550415,0.11993581056594849,0.47642022371292114,0.9707252162341983,0.9640718562874252,0.9673985362608117,-0.014637391882900808,-0.003326679973386648,-0.003326679973386537,-0.010719641100560895,0.03498011827468872,0.0012560784816741943,0.033724039793014526,0.01330671989354626,-0.007984031936127844,0.0026613439787092075
all_462_best_model,pan,npi,pan->npi,1503,0.9447771124417831,0.9827012641383899,0.9886892880904857,0.9623081047643777,0.8806177377700806,0.085543692111969,0.363114595413208,0.14408159255981445,0.5175031423568726,0.9860279441117764,0.9587491683300067,0.9723885562208916,labse_baseline,1503,0.9527611443779108,0.9893546240851631,0.9913506320691949,0.9694798462812972,0.8488855361938477,0.10223338752985,0.3623869717121124,0.11959777027368546,0.48649856448173523,0.9720558882235529,0.9667332002661344,0.9693945442448437,-0.007984031936127733,-0.006653359946773185,-0.0026613439787092075,-0.007171741516919572,0.03173220157623291,0.0007276237010955811,0.03100457787513733,0.013972055888223478,-0.007984031936127733,0.0029940119760478723
all_462_best_model,pan,ory,pan->ory,1503,0.9214903526280772,0.9740518962075848,0.9833666001330672,0.9465636599322029,0.8645838499069214,0.0926755964756012,0.3588380217552185,0.14589449763298035,0.5057458281517029,0.9780439121756487,0.957418496340652,0.9677312042581503,labse_baseline,1503,0.9214903526280772,0.9780439121756487,0.9846972721224219,0.9471282281535987,0.8174120783805847,0.11669657379388809,0.33829545974731445,0.12275244295597076,0.47911661863327026,0.9540918163672655,0.9647371922821024,0.959414504324684,0.0,-0.003992015968063867,-0.0013306719893546592,-0.0005645682213957226,0.04717177152633667,0.020542562007904053,0.026629209518432617,0.0239520958083832,-0.007318695941450404,0.008316699933466287
all_462_best_model,pan,san,pan->san,1503,0.7059214903526281,0.8516300731869594,0.8795741849634066,0.7720313769562369,0.7433074116706848,0.1267213225364685,0.3429962992668152,0.15162038803100586,0.40031111240386963,0.9214903526280772,0.9001996007984032,0.9108449767132403,labse_baseline,1503,0.5608782435129741,0.7072521623419827,0.7578176979374585,0.6306751080210297,0.4969739019870758,0.18944460153579712,0.17450237274169922,0.1309567540884018,0.3224715292453766,0.8003992015968064,0.8842315369261478,0.8423153692614771,0.14504324683965397,0.14437791084497664,0.1217564870259481,0.14135626893520725,0.246333509683609,0.16849392652511597,0.07783958315849304,0.12109115103127077,0.015968063872255467,0.06852960745176317
all_462_best_model,pan,sat,pan->sat,1503,0.03526280771789754,0.16766467065868262,0.21889554224883567,0.15009667897436196,0.5858407616615295,0.12314629554748535,0.3407706022262573,0.16747617721557617,0.24507015943527222,0.8456420492348636,0.7677977378576181,0.8067198935462409,labse_baseline,1503,0.007318695941450432,0.024617431803060547,0.04058549567531603,0.023841820790751322,0.07111278921365738,0.12640520930290222,0.015373905189335346,0.07989323884248734,0.05573888402432203,0.4683965402528277,0.7119095143047239,0.5901530272787758,0.02794411177644711,0.14304723885562207,0.17831004657351965,0.12625485818361065,0.5147279724478722,0.325396697036922,0.18933127541095018,0.37724550898203596,0.055888223552894134,0.21656686626746502
all_462_best_model,pan,snd,pan->snd,1503,0.6799733865602129,0.8270126413838988,0.8695941450432468,0.7490807916892246,0.741420328617096,0.1289721131324768,0.3407115936279297,0.14836016297340393,0.40070873498916626,0.9241516966067864,0.9021956087824351,0.9131736526946108,labse_baseline,1503,0.5276114437791084,0.6739853626081171,0.7265469061876247,0.5959423973174363,0.49091196060180664,0.19483117759227753,0.16946527361869812,0.13143080472946167,0.3214466869831085,0.7917498336660014,0.8795741849634066,0.835662009314704,0.1523619427811045,0.1530272787757817,0.1430472388556221,0.15313839437178833,0.2505083680152893,0.17124632000923157,0.07926204800605774,0.13240186294078504,0.02262142381902854,0.07751164337990679
all_462_best_model,pan,tam,pan->tam,1503,0.8256819693945442,0.8962075848303394,0.9201596806387226,0.8599006959114734,0.7995880246162415,0.12354950606822968,0.3566529452800751,0.14605051279067993,0.4429350793361664,0.9341317365269461,0.9301397205588823,0.9321357285429142,labse_baseline,1503,0.850964737192282,0.9241516966067864,0.9494344644045243,0.8872254803418825,0.7543075680732727,0.1359587013721466,0.34324848651885986,0.12180362641811371,0.41105908155441284,0.916833000665336,0.9434464404524284,0.9301397205588822,-0.02528276779773786,-0.027944111776447067,-0.029274783765801726,-0.027324784430409088,0.04528045654296875,0.01340445876121521,0.03187599778175354,0.017298735861610126,-0.013306719893546148,0.001996007984031989
all_462_best_model,pan,tel,pan->tel,1503,0.9055222887558216,0.9627411842980705,0.9733865602129075,0.9313459125258184,0.8442680239677429,0.10128381103277206,0.36218228936195374,0.14550387859344482,0.4820857346057892,0.9693945442448436,0.9454424484364604,0.957418496340652,labse_baseline,1503,0.9161676646706587,0.9673985362608117,0.9800399201596807,0.9404916750328188,0.8007742762565613,0.11970426887273788,0.34754741191864014,0.12250597774982452,0.45322686433792114,0.9494344644045243,0.9540918163672655,0.9517631403858948,-0.010645375914837052,-0.004657351962741196,-0.006653359946773185,-0.009145762507000388,0.04349374771118164,0.014634877443313599,0.028858870267868042,0.019960079840319334,-0.008649367930805063,0.005655355954757191
all_462_best_model,pan,urd,pan->urd,1503,0.9467731204258151,0.9833666001330672,0.9893546240851631,0.9627157041105375,0.8903369903564453,0.08637326210737228,0.36246195435523987,0.14618350565433502,0.5278750360012054,0.980705256154358,0.9587491683300067,0.9697272122421823,labse_baseline,1503,0.9560878243512974,0.9853626081170991,0.9900199600798403,0.9693470900344382,0.8602901697158813,0.10225854068994522,0.3688632547855377,0.11822862923145294,0.49142691493034363,0.9700598802395209,0.9733865602129075,0.9717232202262143,-0.009314703925482282,-0.001996007984031878,-0.0006653359946772186,-0.006631385923900668,0.030046820640563965,-0.0064013004302978516,0.036448121070861816,0.010645375914837052,-0.014637391882900808,-0.001996007984031989
all_462_best_model,san,asm,san->asm,1503,0.6926147704590818,0.8270126413838988,0.8695941450432468,0.7567202525369761,0.76041179895401,0.11598264425992966,0.34509244561195374,0.15261729061603546,0.4153193533420563,0.9500998003992016,0.9121756487025948,0.9311377245508983,labse_baseline,1503,0.6467065868263473,0.810379241516966,0.8616101131071191,0.7227774370399549,0.5263926982879639,0.1773090660572052,0.1663176417350769,0.12693069875240326,0.36007505655288696,0.8396540252827678,0.9115103127079175,0.8755821689953427,0.04590818363273452,0.016633399866932796,0.007984031936127733,0.03394281549702116,0.23401910066604614,0.17877480387687683,0.05524429678916931,0.11044577511643383,0.0006653359946773296,0.05555555555555558
all_462_best_model,san,ben,san->ben,1503,0.7032601463739189,0.8396540252827678,0.8749168330006654,0.7651893389704716,0.7555407285690308,0.11966057866811752,0.34369346499443054,0.15103402733802795,0.4118472635746002,0.9414504324683965,0.9001996007984032,0.9208250166333999,labse_baseline,1503,0.6799733865602129,0.8369926813040586,0.8789088489687292,0.751515005255237,0.5129655003547668,0.18435487151145935,0.18458907306194305,0.12825016677379608,0.3283764272928238,0.8150365934797072,0.8942115768463074,0.8546240851630074,0.02328675981370598,0.0026613439787092075,-0.003992015968063867,0.013674333715234632,0.24257522821426392,0.1591043919324875,0.08347083628177643,0.1264138389886893,0.005988023952095856,0.06620093147039252
all_462_best_model,san,brx,san->brx,1503,0.24018629407850964,0.38389886892880903,0.44843646041250834,0.31505953959699,0.6467974781990051,0.13110265135765076,0.3256778120994568,0.16760793328285217,0.32111966609954834,0.8842315369261478,0.8330006653359947,0.8586161011310712,labse_baseline,1503,0.16633399866932802,0.2694610778443114,0.3320026613439787,0.2246307835924609,0.30628612637519836,0.16686628758907318,0.11062078177928925,0.10754812508821487,0.19566534459590912,0.6793080505655356,0.83166999334664,0.7554890219560878,0.07385229540918162,0.11443779108449764,0.11643379906852963,0.09042875600452913,0.34051135182380676,0.21505703032016754,0.12545432150363922,0.2049234863606122,0.0013306719893546592,0.10312707917498343
all_462_best_model,san,doi,san->doi,1503,0.5495675316034597,0.7125748502994012,0.7797737857618097,0.6285913903974372,0.731072187423706,0.1303771585226059,0.33876487612724304,0.15863679349422455,0.392307311296463,0.9254823685961411,0.8882235528942116,0.9068529607451763,labse_baseline,1503,0.5103127079174984,0.6939454424484365,0.7531603459747173,0.5956819629979091,0.48398345708847046,0.1907861977815628,0.15096406638622284,0.12923748791217804,0.3330193907022476,0.8030605455755156,0.8948769128409847,0.8489687292082502,0.03925482368596134,0.018629407850964674,0.026613439787092408,0.03290942739952807,0.2470887303352356,0.1878008097410202,0.05928792059421539,0.12242182302062543,-0.006653359946773074,0.05788423153692612
all_462_best_model,san,guj,san->guj,1503,0.7232202262142382,0.850964737192282,0.89354624085163,0.7834393781134652,0.7658091187477112,0.1129756048321724,0.3464847505092621,0.15148331224918365,0.4193243682384491,0.9520958083832335,0.9128409846972722,0.9324683965402528,labse_baseline,1503,0.675981370592149,0.8409846972721224,0.884896872920825,0.7535213092255605,0.509768009185791,0.1808355748653412,0.18487511575222015,0.1286088228225708,0.32489289343357086,0.8143712574850299,0.8942115768463074,0.8542914171656686,0.04723885562208918,0.009980039920159611,0.008649367930805063,0.029918068887904714,0.25604110956192017,0.16160963475704193,0.09443147480487823,0.13772455089820357,0.018629407850964785,0.07817697937458423
all_462_best_model,san,hin,san->hin,1503,0.7198935462408517,0.8436460412508316,0.8842315369261478,0.77704503035189,0.7558478713035583,0.1214192807674408,0.34375354647636414,0.15088985860347748,0.4120943248271942,0.9387890884896873,0.9048569527611444,0.9218230206254159,labse_baseline,1503,0.6793080505655356,0.823020625415835,0.8729208250166334,0.7465300459538385,0.4952113628387451,0.18547217547893524,0.18529261648654938,0.12891526520252228,0.30991874635219574,0.7977378576180971,0.8855622089155023,0.8416500332667998,0.04058549567531611,0.020625415834996663,0.011310711909514382,0.030514984398051448,0.26063650846481323,0.15846092998981476,0.10217557847499847,0.14105123087159022,0.019294743845642115,0.08017298735861611
all_462_best_model,san,kan,san->kan,1503,0.6427145708582834,0.7711244178310046,0.8157019294743846,0.7024542698119483,0.7370314598083496,0.13142099976539612,0.3418824076652527,0.1546332836151123,0.3951490521430969,0.916833000665336,0.8855622089155023,0.9011976047904191,labse_baseline,1503,0.6320691949434465,0.7864271457085829,0.8376580172987359,0.7039972724606275,0.5104222297668457,0.18207165598869324,0.17486917972564697,0.13190409541130066,0.33555305004119873,0.8210246174318031,0.8902195608782435,0.8556220891550232,0.010645375914836941,-0.015302727877578248,-0.021956087824351322,-0.001543002648679237,0.2266092300415039,0.1670132279396057,0.05959600210189819,0.09580838323353291,-0.004657351962741196,0.04557551563539586
all_462_best_model,san,kas,san->kas,1503,0.34597471723220224,0.5063206919494344,0.5854956753160346,0.4273167344031093,0.6780527234077454,0.13408587872982025,0.3354400396347046,0.1667862832546234,0.34261268377304077,0.8988689288090486,0.8476380572188955,0.873253493013972,labse_baseline,1503,0.32801064537591484,0.5043246839654025,0.5528942115768463,0.41135740298535795,0.41403985023498535,0.17802992463111877,0.13343451917171478,0.12073314189910889,0.28060533106327057,0.7677977378576181,0.8682634730538922,0.8180306054557551,0.0179640718562874,0.001996007984031878,0.032601463739188374,0.015959331417751355,0.26401287317276,0.2020055204629898,0.0620073527097702,0.1310711909514305,-0.020625415834996663,0.055222887558216915
all_462_best_model,san,gom,san->gom,1503,0.5395874916833001,0.6826347305389222,0.7338656021290751,0.6092893271796026,0.7194658517837524,0.13068030774593353,0.33718132972717285,0.1583382934331894,0.3822845220565796,0.9174983366600133,0.874251497005988,0.8958749168330007,labse_baseline,1503,0.5209580838323353,0.6660013306719893,0.7225548902195609,0.5927390794584328,0.4808387756347656,0.19090458750724792,0.1457122415304184,0.13178369402885437,0.33512653410434723,0.7964071856287425,0.884896872920825,0.8406520292747837,0.018629407850964785,0.016633399866932908,0.01131071190951427,0.016550247721169753,0.23862707614898682,0.19146908819675446,0.04715798795223236,0.12109115103127088,-0.010645375914836941,0.055222887558217026
all_462_best_model,san,mai,san->mai,1503,0.6453759148369926,0.8050565535595475,0.8396540252827678,0.716546873159985,0.7574978470802307,0.1266471892595291,0.34455031156539917,0.16034089028835297,0.41294753551483154,0.9394544244843646,0.8928809048569527,0.9161676646706587,labse_baseline,1503,0.6287425149700598,0.7857618097139055,0.8369926813040586,0.7007086866312705,0.5333532094955444,0.18899238109588623,0.16641616821289062,0.13280396163463593,0.3669370412826538,0.8363273453093812,0.9008649367930806,0.8685961410512308,0.016633399866932796,0.019294743845642004,0.0026613439787092075,0.015838186528714493,0.22414463758468628,0.17813414335250854,0.046010494232177734,0.10312707917498332,-0.007984031936127844,0.04757152361942785
all_462_best_model,san,mal,san->mal,1503,0.6606786427145709,0.8030605455755156,0.8542914171656687,0.7260078986163278,0.742149829864502,0.11983858048915863,0.3425605595111847,0.15231440961360931,0.39958927035331726,0.9387890884896873,0.9075182967398536,0.9231536926147705,labse_baseline,1503,0.6440452428476381,0.8090485695276114,0.8536260811709914,0.7193296958483736,0.507265567779541,0.18124739825725555,0.17500458657741547,0.1260875016450882,0.33226098120212555,0.8216899534264803,0.8942115768463074,0.8579507651363938,0.016633399866932796,-0.0059880239520957446,0.0006653359946773296,0.006678202767954167,0.23488426208496094,0.16755597293376923,0.06732828915119171,0.11709913506320702,0.01330671989354626,0.06520292747837675
all_462_best_model,san,mni,san->mni,1503,0.027278775781769793,0.11842980705256155,0.15302727877578176,0.09755516795833062,0.5880338549613953,0.13536852598190308,0.34379881620407104,0.18469975888729095,0.24423503875732422,0.8170326014637392,0.7524950099800399,0.7847638057218895,labse_baseline,1503,0.007984031936127744,0.033932135728542916,0.05854956753160346,0.030363525562453725,0.14049524068832397,0.14699037373065948,0.0575079508125782,0.09794135391712189,0.08298728987574577,0.530938123752495,0.7365269461077845,0.6337325349301397,0.01929474384564205,0.08449767132401864,0.09447771124417831,0.0671916423958769,0.4475386142730713,0.28629086539149284,0.16124774888157845,0.2860944777112442,0.015968063872255467,0.15103127079174983
all_462_best_model,san,mar,san->mar,1503,0.7085828343313373,0.8343313373253493,0.8749168330006654,0.7680351090812577,0.7622177600860596,0.12165819108486176,0.3444027900695801,0.15010689198970795,0.4178149700164795,0.9441117764471058,0.9128409846972722,0.928476380572189,labse_baseline,1503,0.7079174983366601,0.8429807052561543,0.8842315369261478,0.7684123002838495,0.5172756910324097,0.18651358783245087,0.18313555419445038,0.12868577241897583,0.3341401368379593,0.8150365934797072,0.9001996007984032,0.8576180971390552,0.0006653359946772186,-0.008649367930805063,-0.009314703925482393,-0.00037719120259183114,0.2449420690536499,0.1612672358751297,0.0836748331785202,0.1290751829673985,0.01264138389886893,0.07085828343313372
all_462_best_model,san,npi,san->npi,1503,0.7258815701929474,0.8562874251497006,0.8902195608782435,0.7860738422560977,0.766761302947998,0.11945300549268723,0.3443581461906433,0.14986127614974976,0.42240315675735474,0.9500998003992016,0.9101796407185628,0.9301397205588822,labse_baseline,1503,0.709913506320692,0.850964737192282,0.8922155688622755,0.7775279379825528,0.5217995643615723,0.1857874095439911,0.1832464635372162,0.1278708130121231,0.3385531008243561,0.8137059214903526,0.9088489687292083,0.8612774451097804,0.015968063872255467,0.005322687957418526,-0.001996007984031989,0.008545904273544846,0.24496173858642578,0.16111168265342712,0.08385005593299866,0.13639387890884902,0.0013306719893545482,0.06886227544910173
all_462_best_model,san,ory,san->ory,1503,0.688622754491018,0.8310046573519627,0.8775781769793746,0.7561451896501623,0.7519968152046204,0.11815707385540009,0.3397775888442993,0.1521206796169281,0.41221922636032104,0.9454424484364604,0.9095143047238856,0.9274783765801731,labse_baseline,1503,0.6520292747837658,0.8210246174318031,0.867598137059215,0.7280786110522587,0.5071024894714355,0.18193183839321136,0.171994149684906,0.12725098431110382,0.33510833978652954,0.8210246174318031,0.9015302727877578,0.8612774451097804,0.03659347970725213,0.009980039920159611,0.009980039920159611,0.028066578597903624,0.24489432573318481,0.1677834391593933,0.0771108865737915,0.12441783100465731,0.007984031936127844,0.06620093147039263
all_462_best_model,san,pan,san->pan,1503,0.7005988023952096,0.8349966733200266,0.865602129075183,0.762870071773081,0.7433074116706848,0.1267213225364685,0.3381662964820862,0.14854185283184052,0.40514111518859863,0.9228210246174318,0.9108449767132402,0.916833000665336,labse_baseline,1503,0.6679973386560213,0.8256819693945442,0.8649367930805056,0.7411532266400471,0.4969739019870758,0.18944460153579712,0.16923414170742035,0.12699303030967712,0.32773976027965546,0.801729873586161,0.8962075848303394,0.8489687292082502,0.03260146373918826,0.009314703925482393,0.0006653359946773296,0.021716845133033846,0.246333509683609,0.16893215477466583,0.07740135490894318,0.12109115103127077,0.014637391882900808,0.06786427145708585
all_462_best_model,san,sat,san->sat,1503,0.02661343978709248,0.14570858283433133,0.18030605455755155,0.12376281988417351,0.5974032282829285,0.1418987512588501,0.34107109904289246,0.18939511477947235,0.256332129240036,0.8210246174318031,0.7511643379906853,0.7860944777112442,labse_baseline,1503,0.00998003992015968,0.033932135728542916,0.0499001996007984,0.0310183676053248,0.14492754638195038,0.14592495560646057,0.0640188455581665,0.09390465915203094,0.08090870082378387,0.5129740518962076,0.7498336660013307,0.6314038589487692,0.0166333998669328,0.1117764471057884,0.13040585495675316,0.09274445227884871,0.4524756819009781,0.27705225348472595,0.17542342841625214,0.3080505655355955,0.0013306719893545482,0.15469061876247503
all_462_best_model,san,snd,san->snd,1503,0.46706586826347307,0.6380572188955422,0.7045908183632734,0.5485118497222513,0.7085079550743103,0.13332097232341766,0.3376460075378418,0.16044984757900238,0.3708619475364685,0.9108449767132402,0.8695941450432468,0.8902195608782435,labse_baseline,1503,0.44045242847638055,0.6074517631403858,0.6706586826347305,0.5214936267256777,0.4598452150821686,0.18645882606506348,0.14856022596359253,0.1278846710920334,0.31128498911857605,0.7777777777777778,0.8829008649367931,0.8303393213572854,0.02661343978709252,0.030605455755156386,0.03393213572854292,0.027018222996573638,0.24866273999214172,0.18908578157424927,0.059576958417892456,0.13306719893546237,-0.01330671989354626,0.05988023952095811
all_462_best_model,san,tam,san->tam,1503,0.6001330671989354,0.7338656021290751,0.7944111776447106,0.6660591408993091,0.7127047777175903,0.13146527111530304,0.342023104429245,0.15233686566352844,0.37068167328834534,0.9068529607451763,0.8769128409846972,0.8918829008649367,labse_baseline,1503,0.592814371257485,0.7538256819693946,0.8097139055222887,0.6672019278079818,0.4741886556148529,0.1809622049331665,0.17819426953792572,0.12554717063903809,0.2959943860769272,0.791084497671324,0.8855622089155023,0.8383233532934131,0.007318695941450404,-0.019960079840319445,-0.015302727877578137,-0.001142786908672755,0.23851612210273743,0.16382883489131927,0.07468728721141815,0.11576846307385225,-0.008649367930805063,0.05355954757152359
all_462_best_model,san,tel,san->tel,1503,0.6726546906187625,0.8137059214903526,0.8516300731869594,0.7382643663070253,0.7503618001937866,0.12270460277795792,0.34698978066444397,0.1511809378862381,0.40337201952934265,0.9314703925482368,0.9041916167664671,0.9178310046573519,labse_baseline,1503,0.6660013306719893,0.8183632734530938,0.8576180971390552,0.7339535338771063,0.5086466670036316,0.18291382491588593,0.18279801309108734,0.12884435057640076,0.32584865391254425,0.8090485695276114,0.8915502328675982,0.8502994011976048,0.006653359946773185,-0.004657351962741196,-0.005988023952095856,0.0043108324299190315,0.24171513319015503,0.16419176757335663,0.0775233656167984,0.12242182302062543,0.01264138389886893,0.06753160345974707
all_462_best_model,san,urd,san->urd,1503,0.7178975382568197,0.8396540252827678,0.8762475049900199,0.7778526947249781,0.7586227059364319,0.11711092293262482,0.344854474067688,0.15105976164340973,0.4137682318687439,0.9421157684630739,0.9048569527611444,0.9234863606121091,labse_baseline,1503,0.6906187624750499,0.8363273453093812,0.8862275449101796,0.7587018666911476,0.5006713271141052,0.18039733171463013,0.18175819516181946,0.1272943615913391,0.31891313195228577,0.8023952095808383,0.9001996007984032,0.8512974051896207,0.027278775781769737,0.003326679973386537,-0.009980039920159722,0.019150828033830503,0.25795137882232666,0.16309627890586853,0.09485509991645813,0.13972055888223556,0.004657351962741196,0.07218895542248838
all_462_best_model,sat,asm,sat->asm,1503,0.030605455755156354,0.09181636726546906,0.14637391882900866,0.07311216937007332,0.5969572067260742,0.13239479064941406,0.3446529805660248,0.17905287444591522,0.25230422616004944,0.8290086493679308,0.7524950099800399,0.7907518296739854,labse_baseline,1503,0.008649367930805056,0.02594810379241517,0.039254823685961414,0.02346295997937843,0.10966094583272934,0.13802851736545563,0.039792321622371674,0.08211077749729156,0.06986862421035767,0.4856952761144378,0.739853626081171,0.6127744510978044,0.021956087824351298,0.06586826347305388,0.10711909514304724,0.04964920939069489,0.4872962608933449,0.3048606589436531,0.18243560194969177,0.34331337325349304,0.01264138389886893,0.177977378576181
all_462_best_model,sat,ben,sat->ben,1503,0.036593479707252165,0.09580838323353294,0.14770459081836326,0.07795702504591889,0.5799650549888611,0.13216300308704376,0.3422749936580658,0.17151445150375366,0.2376900613307953,0.8170326014637392,0.7498336660013307,0.783433133732535,labse_baseline,1503,0.007318695941450432,0.020625415834996674,0.030605455755156354,0.019333150322139066,0.06860402226448059,0.12756694853305817,0.01592937670648098,0.08033160120248795,0.05267464555799961,0.4424484364604125,0.7039254823685961,0.5731869594145043,0.029274783765801733,0.07518296739853626,0.1170991350632069,0.05862387472377983,0.5113610327243805,0.3263456169515848,0.18501541577279568,0.37458416500332675,0.045908183632734634,0.21024617431803072
all_462_best_model,sat,brx,sat->brx,1503,0.033932135728542916,0.08183632734530938,0.1270791749833666,0.0710292168934113,0.6305119395256042,0.16037586331367493,0.34911149740219116,0.20512324571609497,0.2814004421234131,0.8196939454424484,0.7644710578842315,0.7920825016633399,labse_baseline,1503,0.00665335994677312,0.021956087824351298,0.036593479707252165,0.021124231510369833,0.1557995229959488,0.1576223224401474,0.06028289347887039,0.10669298470020294,0.0955166295170784,0.5342648037258816,0.7458416500332667,0.6400532268795742,0.027278775781769796,0.059880239520958084,0.09048569527611444,0.04990498538304146,0.47471241652965546,0.28882860392332077,0.1858838126063347,0.28542914171656686,0.018629407850964785,0.1520292747837657
all_462_best_model,sat,doi,sat->doi,1503,0.03260146373918829,0.09647371922821024,0.1543579507651364,0.07819252385802548,0.6093272566795349,0.12941792607307434,0.3407682478427887,0.18563032150268555,0.2685590088367462,0.8429807052561543,0.761144377910845,0.8020625415834997,labse_baseline,1503,0.004657351962741184,0.021956087824351298,0.036593479707252165,0.019204056655576958,0.13396689295768738,0.14392831921577454,0.05624498799443245,0.09008070826530457,0.07772190496325493,0.5063206919494344,0.7405189620758483,0.6234198270126414,0.02794411177644711,0.07451763140385895,0.11776447105788423,0.058988467202448526,0.47536036372184753,0.28452325984835625,0.1908371038734913,0.3366600133067199,0.020625415834996663,0.17864271457085823
all_462_best_model,sat,guj,sat->guj,1503,0.03260146373918829,0.09580838323353294,0.1497005988023952,0.07615912064954058,0.5870315432548523,0.12615440785884857,0.34555402398109436,0.17672140896320343,0.24147751927375793,0.8376580172987359,0.7571523619427811,0.7974051896207586,labse_baseline,1503,0.005988023952095809,0.018629407850964737,0.030605455755156354,0.01870464487494059,0.058222509920597076,0.12506546080112457,0.007576477248221636,0.08054391294717789,0.05064603267237544,0.45109780439121755,0.688622754491018,0.5698602794411177,0.026613439787092484,0.07717897538256821,0.11909514304723884,0.05745447577459999,0.5288090333342552,0.3379775467328727,0.1908314866013825,0.38656021290751835,0.06852960745176317,0.22754491017964085
all_462_best_model,sat,hin,sat->hin,1503,0.03992015968063872,0.09846972721224219,0.14570858283433133,0.08049299568435063,0.5835467576980591,0.12244527786970139,0.34492212533950806,0.17402039468288422,0.23862463235855103,0.8303393213572854,0.7504990019960079,0.7904191616766467,labse_baseline,1503,0.007318695941450432,0.018629407850964737,0.028609447771124417,0.019101091504560668,0.05060728266835213,0.12380921840667725,0.002854824997484684,0.07908400893211365,0.04775245767086744,0.4471057884231537,0.6919494344644045,0.5695276114437791,0.03260146373918829,0.07984031936127745,0.1170991350632069,0.06139190417978996,0.532939475029707,0.3420673003420234,0.19087217468768358,0.3832335329341317,0.05854956753160345,0.22089155023286766
all_462_best_model,sat,kan,sat->kan,1503,0.027278775781769793,0.07451763140385895,0.11842980705256155,0.06301864084560255,0.5765910744667053,0.13790297508239746,0.3430054783821106,0.17786142230033875,0.23358559608459473,0.8070525615435795,0.7524950099800399,0.7797737857618097,labse_baseline,1503,0.00665335994677312,0.01929474384564205,0.028609447771124417,0.019329953274303063,0.08613888174295425,0.13412976264953613,0.02495652064681053,0.08205389976501465,0.06118236109614372,0.4597471723220226,0.7298735861610113,0.5948103792415169,0.020625415834996674,0.0552228875582169,0.08982035928143714,0.043688687571299484,0.49045219272375107,0.31804895773530006,0.172403234988451,0.3473053892215569,0.022621423819028652,0.18496340652029275
all_462_best_model,sat,kas,sat->kas,1503,0.030605455755156354,0.08715901530272788,0.14437791084497673,0.07171946677299003,0.6239060163497925,0.15382567048072815,0.35212987661361694,0.19676023721694946,0.27177613973617554,0.8137059214903526,0.7571523619427811,0.7854291417165669,labse_baseline,1503,0.0053226879574184965,0.017964071856287425,0.03526280771789754,0.019463092222754254,0.20793354511260986,0.15799027681350708,0.11501909047365189,0.1143186166882515,0.09291445463895798,0.5528942115768463,0.7198935462408517,0.636393878908849,0.02528276779773786,0.06919494344644045,0.10911510312707919,0.052256374550235775,0.4159724712371826,0.23711078613996506,0.17886168509721756,0.26081170991350633,0.03725881570192946,0.14903526280771784
all_462_best_model,sat,gom,sat->gom,1503,0.034597471723220224,0.09514304723885562,0.14770459081836326,0.07545204843517468,0.5985344052314758,0.1390077918767929,0.340403288602829,0.1841513216495514,0.25813111662864685,0.8296739853626082,0.7524950099800399,0.791084497671324,labse_baseline,1503,0.00665335994677312,0.02594810379241517,0.039254823685961414,0.021837055245165448,0.11565344035625458,0.15134203433990479,0.03571777790784836,0.09173653274774551,0.07993566244840622,0.47571523619427813,0.7684630738522954,0.6220891550232868,0.027944111776447105,0.06919494344644045,0.10844976713240184,0.05361499319000923,0.48288096487522125,0.3046855106949806,0.17819545418024063,0.35395874916833003,-0.015968063872255467,0.16899534264803728
all_462_best_model,sat,mai,sat->mai,1503,0.027944111776447105,0.0825016633399867,0.14038589487691283,0.06899765250863538,0.5876386761665344,0.13930289447307587,0.3419862687587738,0.18163803219795227,0.24565240740776062,0.8063872255489022,0.7438456420492349,0.7751164337990686,labse_baseline,1503,0.0053226879574184965,0.017298735861610112,0.03260146373918829,0.01912699144765865,0.11601061373949051,0.14024287462234497,0.04715203493833542,0.0826440155506134,0.06885857880115509,0.4630738522954092,0.7604790419161677,0.6117764471057885,0.02262142381902861,0.06520292747837658,0.10778443113772454,0.04987066106097673,0.4716280624270439,0.2948342338204384,0.17679382860660553,0.343313373253493,-0.016633399866932796,0.1633399866932801
all_462_best_model,sat,mal,sat->mal,1503,0.023286759813705923,0.06852960745176315,0.1111111111111111,0.058442174173426946,0.5651295781135559,0.1369607150554657,0.3402985632419586,0.17504024505615234,0.2248310148715973,0.7984031936127745,0.7465069860279441,0.7724550898203593,labse_baseline,1503,0.003992015968063872,0.017298735861610112,0.02927478376580173,0.01657627442247478,0.06955377012491226,0.12831516563892365,0.017430182546377182,0.0785871297121048,0.05212358757853508,0.4504324683965403,0.7005988023952096,0.5755156353958749,0.019294743845642053,0.051230871590153035,0.08183632734530938,0.04186589975095217,0.49557580798864365,0.32286838069558144,0.1727074272930622,0.3479707252162342,0.04590818363273452,0.19693945442448435
all_462_best_model,sat,mni,sat->mni,1503,0.05256154357950765,0.18829008649367932,0.24151696606786427,0.16879193677137552,0.8158003687858582,0.21010012924671173,0.4210955500602722,0.26016390323638916,0.39470481872558594,0.8210246174318031,0.8050565535595475,0.8130405854956753,labse_baseline,1503,0.04524284763805722,0.15834996673320026,0.20226214238190285,0.13624136081861438,0.9232303500175476,0.1315625160932541,0.6918877959251404,0.22565867006778717,0.23134255409240723,0.8483033932135728,0.656686626746507,0.7524950099800399,0.0073186959414504316,0.029940119760479056,0.03925482368596142,0.032550575952761146,-0.10742998123168945,-0.27079224586486816,0.1633622646331787,-0.027278775781769737,0.1483699268130405,0.06054557551563533
all_462_best_model,sat,mar,sat->mar,1503,0.0332667997338656,0.09314703925482369,0.14171656686626746,0.07404542091998237,0.579674243927002,0.12574687600135803,0.34309521317481995,0.17360813915729523,0.236579030752182,0.823020625415835,0.7504990019960079,0.7867598137059215,labse_baseline,1503,0.007318695941450432,0.021956087824351298,0.0332667997338656,0.020046971943783614,0.0658809244632721,0.1226617619395256,0.014897341839969158,0.07875451445579529,0.05098358262330294,0.4504324683965403,0.7005988023952096,0.5755156353958749,0.02594810379241517,0.0711909514304724,0.10844976713240187,0.05399844897619875,0.5137933194637299,0.3281978713348508,0.18559544812887907,0.3725881570192947,0.04990019960079839,0.2112441783100466
all_462_best_model,sat,npi,sat->npi,1503,0.03526280771789754,0.09846972721224219,0.1430472388556221,0.07650127180423895,0.5760403275489807,0.12567473948001862,0.3444061577320099,0.17164035141468048,0.23163416981697083,0.8256819693945442,0.7558216899534265,0.7907518296739853,labse_baseline,1503,0.007318695941450432,0.021956087824351298,0.03260146373918829,0.019749672336756976,0.059821002185344696,0.12184681743383408,0.009044402278959751,0.07784661650657654,0.050776599906384945,0.46174318030605455,0.6952761144377911,0.5785096473719229,0.02794411177644711,0.0765136393878909,0.1104457751164338,0.05675159946748197,0.516219325363636,0.33536175545305014,0.18085756991058588,0.36393878908848964,0.06054557551563533,0.21224218230206238
all_462_best_model,sat,ory,sat->ory,1503,0.0332667997338656,0.0998003992015968,0.15302727877578176,0.07675767520250615,0.5862382054328918,0.1287856101989746,0.339564710855484,0.17466114461421967,0.24667349457740784,0.8429807052561543,0.7618097139055223,0.8023952095808383,labse_baseline,1503,0.00665335994677312,0.02262142381902861,0.0332667997338656,0.020236653397085476,0.06916987150907516,0.13095751404762268,0.01202824804931879,0.08112465590238571,0.057141623459756374,0.46041250831669994,0.7218895542248835,0.5911510312707917,0.02661343978709248,0.0771789753825682,0.11976047904191617,0.05652102180542067,0.5170683339238167,0.3275364628061652,0.18953187111765146,0.3825681969394544,0.03992015968063878,0.2112441783100466
all_462_best_model,sat,pan,sat->pan,1503,0.037258815701929474,0.10179640718562874,0.1543579507651364,0.08092393308441802,0.5858407616615295,0.12314629554748535,0.3421047031879425,0.17042751610279083,0.24373605847358704,0.8449767132401863,0.7684630738522954,0.8067198935462409,labse_baseline,1503,0.007984031936127744,0.023286759813705923,0.04058549567531603,0.022065977872954348,0.07111278921365738,0.12640520930290222,0.01461974997073412,0.07958707958459854,0.05649303924292326,0.469061876247505,0.7212242182302062,0.5951430472388556,0.02927478376580173,0.07850964737192281,0.11377245508982037,0.05885795521146367,0.5147279724478722,0.3274849532172084,0.18724301923066378,0.3759148369926813,0.04723885562208918,0.21157684630738527
all_462_best_model,sat,san,sat->san,1503,0.02927478376580173,0.08715901530272788,0.14171656686626746,0.06887964891574512,0.5974032282829285,0.1418987512588501,0.34392493963241577,0.19041919708251953,0.2534782886505127,0.8190286094477711,0.7485029940119761,0.7837658017298736,labse_baseline,1503,0.005988023952095809,0.023286759813705923,0.036593479707252165,0.020552128617992566,0.14492754638195038,0.14592495560646057,0.06326918303966522,0.09216434508562088,0.08165836334228516,0.5136393878908849,0.7405189620758483,0.6270791749833666,0.02328675981370592,0.06387225548902195,0.1051230871590153,0.04832752029775256,0.4524756819009781,0.28065575659275055,0.17181992530822754,0.3053892215568862,0.007984031936127733,0.15668662674650702
all_462_best_model,sat,snd,sat->snd,1503,0.025282767797737856,0.07385229540918163,0.12109115103127079,0.06059626202296274,0.5865520238876343,0.15215468406677246,0.3416700065135956,0.18898913264274597,0.2448820173740387,0.7837658017298735,0.7551563539587491,0.7694610778443114,labse_baseline,1503,0.005988023952095809,0.017964071856287425,0.031936127744510975,0.017919763415302447,0.1320510059595108,0.15459702908992767,0.057743895798921585,0.09444721043109894,0.07430711016058922,0.469061876247505,0.7451763140385895,0.6071190951430473,0.019294743845642046,0.0558882235528942,0.08915502328675981,0.04267649860766029,0.4545010179281235,0.283926110714674,0.17057490721344948,0.31470392548236853,0.009980039920159611,0.1623419827012641
all_462_best_model,sat,tam,sat->tam,1503,0.024617431803060547,0.06453759148369927,0.10312707917498337,0.05748224783022882,0.5512055158615112,0.14689214527606964,0.34163030982017517,0.17485131323337555,0.20957520604133606,0.7584830339321357,0.7345309381237525,0.7465069860279441,labse_baseline,1503,0.00665335994677312,0.01996007984031936,0.029940119760479042,0.018382061618468365,0.06028551608324051,0.12681135535240173,0.013294758275151253,0.0808003842830658,0.046990757808089256,0.4524284763805722,0.6892880904856953,0.5708582834331337,0.017964071856287428,0.044577511643379905,0.07318695941450433,0.03910018621176046,0.4909199997782707,0.3283355515450239,0.1625844482332468,0.30605455755156347,0.04524284763805719,0.17564870259481036
all_462_best_model,sat,tel,sat->tel,1503,0.02927478376580173,0.08316699933466401,0.12840984697272123,0.06764112171280869,0.5743343234062195,0.13487660884857178,0.34639453887939453,0.17363965511322021,0.22793978452682495,0.8070525615435795,0.7385229540918163,0.7727877578176979,labse_baseline,1503,0.005988023952095809,0.01929474384564205,0.030605455755156354,0.018469201417166136,0.06660613417625427,0.13116031885147095,0.01338709332048893,0.08026371151208878,0.05321904085576534,0.437125748502994,0.718562874251497,0.5778443113772456,0.02328675981370592,0.06387225548902196,0.09780439121756487,0.049171920295642546,0.5077281892299652,0.3330074455589056,0.1747207436710596,0.3699268130405855,0.019960079840319334,0.19494344644045236
all_462_best_model,sat,urd,sat->urd,1503,0.039254823685961414,0.0998003992015968,0.16167664670658682,0.08134808202828085,0.5869148969650269,0.11876693367958069,0.34408965706825256,0.17549444735050201,0.2428252398967743,0.8476380572188955,0.7504990019960079,0.7990685296074518,labse_baseline,1503,0.007984031936127744,0.023286759813705923,0.034597471723220224,0.02110259436682935,0.04890555515885353,0.11875199526548386,0.0012232224689796567,0.07775818556547165,0.047682332689873874,0.46174318030605455,0.6786427145708582,0.5701929474384564,0.031270791749833673,0.07651363938789088,0.1270791749833666,0.060245487661451505,0.5380093418061733,0.3428664345992729,0.19514290720690042,0.38589487691284097,0.07185628742514971,0.2288755821689954
all_462_best_model,snd,asm,snd->asm,1503,0.6467065868263473,0.7831004657351963,0.8343313373253493,0.71224384628194,0.747496485710144,0.12018809467554092,0.34747081995010376,0.15430505573749542,0.4000256657600403,0.9374584165003327,0.9015302727877578,0.9194943446440452,labse_baseline,1503,0.5874916833000665,0.7465069860279441,0.8010645375914837,0.6619423791417015,0.506300151348114,0.17927391827106476,0.17382113635540009,0.1269199103116989,0.33247901499271393,0.801729873586161,0.8875582168995343,0.8446440452428476,0.05921490352628078,0.03659347970725224,0.03326679973386559,0.05030146714023853,0.24119633436203003,0.17364968359470367,0.06754665076732635,0.1357285429141717,0.013972055888223478,0.07485029940119758
all_462_best_model,snd,ben,snd->ben,1503,0.6733200266134398,0.8030605455755156,0.850964737192282,0.7357975321672654,0.7487513422966003,0.1213560700416565,0.3461470603942871,0.15073056519031525,0.40260428190231323,0.9328010645375915,0.9021956087824351,0.9174983366600133,labse_baseline,1503,0.6187624750499002,0.7771124417831005,0.8349966733200266,0.6949677759518502,0.49760180711746216,0.19231954216957092,0.18488624691963196,0.13306491076946259,0.3127155601978302,0.7897538256819694,0.8649367930805056,0.8273453093812375,0.054557551563539586,0.02594810379241519,0.015968063872255467,0.04082975621541518,0.2511495351791382,0.16126081347465515,0.08988872170448303,0.1430472388556221,0.03725881570192946,0.09015302727877583
all_462_best_model,snd,brx,snd->brx,1503,0.2741184298070526,0.43313373253493015,0.5036593479707252,0.3537058964299399,0.6601247191429138,0.14370335638523102,0.32903173565864563,0.17408229410648346,0.3310929834842682,0.8735861610113107,0.8203592814371258,0.8469727212242182,labse_baseline,1503,0.20159680638722555,0.3166999334664005,0.37658017298735863,0.2628186172020854,0.3399662673473358,0.18071843683719635,0.12842755019664764,0.11805848032236099,0.21153871715068817,0.677977378576181,0.8256819693945442,0.7518296739853626,0.07252162341982704,0.11643379906852963,0.12707917498336657,0.0908872792278545,0.320158451795578,0.20060418546199799,0.11955426633358002,0.1956087824351297,-0.005322687957418415,0.09514304723885558
all_462_best_model,snd,doi,snd->doi,1503,0.614105123087159,0.7465069860279441,0.8083832335329342,0.6801097459935436,0.7557081580162048,0.13243749737739563,0.3445737063884735,0.16106805205345154,0.4111344516277313,0.9214903526280772,0.9015302727877578,0.9115103127079175,labse_baseline,1503,0.5961410512308716,0.7285429141716567,0.782435129740519,0.661695514354086,0.5527132749557495,0.19385714828968048,0.1792917102575302,0.13173338770866394,0.3734215646982193,0.8210246174318031,0.9021956087824351,0.8616101131071191,0.017964071856287456,0.017964071856287345,0.02594810379241519,0.018414231639457546,0.20299488306045532,0.1652819961309433,0.037712886929512024,0.10046573519627411,-0.0006653359946773296,0.04990019960079839
all_462_best_model,snd,guj,snd->guj,1503,0.709913506320692,0.8276779773785762,0.867598137059215,0.7660857120826192,0.7580316066741943,0.11999649554491043,0.34952110052108765,0.15283963084220886,0.4085105061531067,0.936127744510978,0.9088489687292083,0.9224883566200932,labse_baseline,1503,0.6327345309381237,0.7884231536926147,0.8403193612774451,0.7070932005540264,0.4938579201698303,0.19377540051937103,0.1848900467157364,0.13354386389255524,0.30896787345409393,0.7764471057884231,0.865602129075183,0.821024617431803,0.07717897538256824,0.03925482368596145,0.02727877578176985,0.05899251152859286,0.264173686504364,0.16463105380535126,0.09954263269901276,0.1596806387225549,0.043246839654025315,0.10146373918829021
all_462_best_model,snd,hin,snd->hin,1503,0.709913506320692,0.8363273453093812,0.8715901530272788,0.7682104812969421,0.7623071074485779,0.12486280500888824,0.34837207198143005,0.15213221311569214,0.4139350354671478,0.9314703925482368,0.9108449767132402,0.9211576846307385,labse_baseline,1503,0.6340652029274784,0.8023952095808383,0.8423153692614771,0.7117463551227553,0.5000100135803223,0.20152431726455688,0.18750588595867157,0.13469021022319794,0.3125041276216507,0.7717897538256819,0.8795741849634066,0.8256819693945443,0.07584830339321358,0.03393213572854292,0.029274783765801726,0.056464126174186835,0.2622970938682556,0.16086618602275848,0.10143090784549713,0.1596806387225549,0.031270791749833604,0.09547571523619425
all_462_best_model,snd,kan,snd->kan,1503,0.5974717232202262,0.7438456420492349,0.791084497671324,0.6676995004478374,0.7322513461112976,0.1312720775604248,0.34538987278938293,0.15507657825946808,0.3868614733219147,0.9174983366600133,0.8895542248835662,0.9035262807717898,labse_baseline,1503,0.573519627411843,0.7245508982035929,0.7777777777777778,0.6481328319601536,0.506149411201477,0.19019046425819397,0.1841774582862854,0.1302422434091568,0.32197195291519165,0.7950765136393879,0.8789088489687292,0.8369926813040586,0.0239520958083832,0.019294743845642004,0.01330671989354626,0.019566668487683847,0.22610193490982056,0.16121241450309753,0.06488952040672302,0.12242182302062543,0.010645375914836941,0.06653359946773119
all_462_best_model,snd,kas,snd->kas,1503,0.39454424484364603,0.5375914836992681,0.603459747172322,0.4683095792125089,0.6902170777320862,0.13973720371723175,0.34050673246383667,0.16973699629306793,0.3497103452682495,0.8915502328675982,0.8429807052561543,0.8672654690618762,labse_baseline,1503,0.36793080505655357,0.5163007318695941,0.5815036593479708,0.44099747181665594,0.4460168182849884,0.19347955286502838,0.15200825035572052,0.13127398490905762,0.2940085679292679,0.7531603459747173,0.8622754491017964,0.8077178975382568,0.026613439787092463,0.021290751829673993,0.02195608782435121,0.027312107395852936,0.24420025944709778,0.18849848210811615,0.05570177733898163,0.1383898868928809,-0.019294743845642115,0.059547571523619336
all_462_best_model,snd,gom,snd->gom,1503,0.5369261477045908,0.7005988023952096,0.7598137059214903,0.6154522169502614,0.7306658029556274,0.1329314410686493,0.3395124077796936,0.160024955868721,0.39115339517593384,0.9141716566866267,0.8815701929474384,0.8978709248170326,labse_baseline,1503,0.4930139720558882,0.6613439787092482,0.7265469061876247,0.5755752484298583,0.5091222524642944,0.19840452075004578,0.1579623520374298,0.13710160553455353,0.3511599004268646,0.8030605455755156,0.8775781769793746,0.8403193612774451,0.04391217564870259,0.03925482368596134,0.03326679973386559,0.03987696852040312,0.221543550491333,0.1815500557422638,0.039993494749069214,0.11111111111111105,0.003992015968063867,0.05755156353958746
all_462_best_model,snd,mai,snd->mai,1503,0.6200931470392548,0.7664670658682635,0.8130405854956753,0.6860440050868494,0.7478087544441223,0.13176341354846954,0.3457874357700348,0.16094574332237244,0.4020213186740875,0.9181636726546906,0.8835662009314704,0.9008649367930806,labse_baseline,1503,0.5768463073852296,0.7312042581503659,0.7944111776447106,0.6512888866560561,0.5302499532699585,0.19468769431114197,0.17392757534980774,0.1348174661397934,0.35632237792015076,0.8137059214903526,0.8875582168995343,0.8506320691949434,0.043246839654025204,0.03526280771789758,0.018629407850964674,0.034755118430793264,0.21755880117416382,0.17185986042022705,0.04569894075393677,0.10445775116433798,-0.003992015968063867,0.050232867598137165
all_462_best_model,snd,mal,snd->mal,1503,0.6180971390552229,0.7558216899534265,0.8130405854956753,0.681286496727893,0.728588879108429,0.12630073726177216,0.345816045999527,0.15352818369865417,0.382772833108902,0.9261477045908184,0.8855622089155023,0.9058549567531604,labse_baseline,1503,0.5675316034597472,0.7358616101131071,0.7837658017298735,0.6469310002831927,0.49035215377807617,0.18961834907531738,0.17951150238513947,0.13010671734809875,0.3108406513929367,0.7890884896872921,0.8775781769793746,0.8333333333333333,0.05056553559547572,0.019960079840319334,0.029274783765801726,0.03435549644470026,0.23823672533035278,0.1663045436143875,0.07193218171596527,0.13705921490352635,0.007984031936127733,0.07252162341982715
all_462_best_model,snd,mni,snd->mni,1503,0.034597471723220224,0.11443779108449767,0.1497005988023952,0.10030386156019261,0.5758969187736511,0.14662736654281616,0.3421323895454407,0.18185658752918243,0.23376452922821045,0.7831004657351963,0.7478376580172987,0.7654690618762475,labse_baseline,1503,0.007318695941450432,0.03592814371257485,0.05123087159015303,0.03299602687492692,0.1277131587266922,0.15783415734767914,0.052304916083812714,0.09889336675405502,0.07540824264287949,0.4743845642049235,0.7345309381237525,0.604457751164338,0.027278775781769793,0.07850964737192281,0.09846972721224218,0.06730783468526569,0.4481837600469589,0.28982747346162796,0.15835628658533096,0.30871590153027284,0.01330671989354626,0.16101131071190955
all_462_best_model,snd,mar,snd->mar,1503,0.6859614105123087,0.8190286094477711,0.8609447771124418,0.7460906036117787,0.7550397515296936,0.12316969782114029,0.34845858812332153,0.1517166644334793,0.40658116340637207,0.9401197604790419,0.9055222887558216,0.9228210246174318,labse_baseline,1503,0.6440452428476381,0.7864271457085829,0.8376580172987359,0.7110772765279832,0.5000473260879517,0.1937071681022644,0.18631239235401154,0.13236451148986816,0.3137349337339401,0.7844311377245509,0.8735861610113107,0.8290086493679307,0.041916167664670656,0.03260146373918826,0.02328675981370587,0.035013327083795454,0.25499242544174194,0.16214619576931,0.09284622967243195,0.15568862275449102,0.031936127744510934,0.09381237524950103
all_462_best_model,snd,npi,snd->npi,1503,0.6892880904856953,0.8243512974051896,0.8629407850964738,0.7519854421801642,0.752642035484314,0.1231374591588974,0.34670934081077576,0.14978380501270294,0.4059326946735382,0.9354624085163007,0.9068529607451763,0.9211576846307385,labse_baseline,1503,0.6380572188955422,0.7784431137724551,0.8276779773785762,0.704719903189222,0.4970368444919586,0.19561028480529785,0.18107567727565765,0.1307552456855774,0.31596116721630096,0.780439121756487,0.874251497005988,0.8273453093812375,0.05123087159015305,0.04590818363273452,0.03526280771789758,0.04726553899094221,0.25560519099235535,0.1656336635351181,0.08997152745723724,0.1550232867598137,0.03260146373918826,0.09381237524950103
all_462_best_model,snd,ory,snd->ory,1503,0.6699933466400533,0.8077178975382568,0.8456420492348636,0.7334391821259859,0.7466773986816406,0.1205562874674797,0.34316936135292053,0.15396271646022797,0.4035080373287201,0.9367930805056554,0.895542248835662,0.9161676646706587,labse_baseline,1503,0.5948103792415169,0.7631403858948769,0.8157019294743846,0.6731479840159454,0.4949645698070526,0.1895805150270462,0.1755649447441101,0.12991361320018768,0.3193996250629425,0.791084497671324,0.884896872920825,0.8379906852960746,0.07518296739853636,0.044577511643379975,0.029940119760479056,0.06029119811004047,0.251712828874588,0.16760441660881042,0.08410841226577759,0.1457085828343313,0.010645375914837052,0.07817697937458412
all_462_best_model,snd,pan,snd->pan,1503,0.6753160345974717,0.8150365934797072,0.854956753160346,0.7398588815296516,0.741420328617096,0.1289721131324768,0.3415323495864868,0.1500251144170761,0.39988797903060913,0.9234863606121091,0.9041916167664671,0.9138389886892881,labse_baseline,1503,0.6167664670658682,0.7811044577511643,0.8343313373253493,0.6926832783317465,0.49091196060180664,0.19483117759227753,0.17121507227420807,0.13244961202144623,0.31969688832759857,0.7904191616766467,0.8695941450432468,0.8300066533599468,0.05854956753160345,0.03393213572854292,0.020625415834996774,0.04717560319790515,0.2505083680152893,0.17031727731227875,0.08019109070301056,0.13306719893546237,0.03459747172322025,0.08383233532934131
all_462_best_model,snd,san,snd->san,1503,0.4856952761144378,0.6520292747837658,0.7178975382568197,0.5656415393176003,0.7085079550743103,0.13332097232341766,0.34364721179008484,0.16526895761489868,0.36486074328422546,0.9088489687292083,0.8596141051230871,0.8842315369261478,labse_baseline,1503,0.44644045242847635,0.6041250831669993,0.6706586826347305,0.5226033681875512,0.4598452150821686,0.18645882606506348,0.15404284000396729,0.13173642754554749,0.3058023750782013,0.7731204258150366,0.8709248170326015,0.8220226214238191,0.03925482368596145,0.04790419161676651,0.04723885562208918,0.04303817113004915,0.24866273999214172,0.18960437178611755,0.05905836820602417,0.1357285429141717,-0.011310711909514382,0.062208915502328654
all_462_best_model,snd,sat,snd->sat,1503,0.021956087824351298,0.11976047904191617,0.15768463073852296,0.10388258146847322,0.5865520238876343,0.15215468406677246,0.3421041965484619,0.18707247078418732,0.24444782733917236,0.7831004657351963,0.7338656021290751,0.7584830339321358,labse_baseline,1503,0.005988023952095809,0.029940119760479042,0.044577511643379905,0.027393894231446694,0.1320510059595108,0.15459702908992767,0.05780508369207382,0.09658844023942947,0.07424592226743698,0.469061876247505,0.7504990019960079,0.6097804391217565,0.015968063872255488,0.08982035928143713,0.11310711909514305,0.07648868723702652,0.4545010179281235,0.2842991128563881,0.17020190507173538,0.3140385894876913,-0.016633399866932796,0.14870259481037928
all_462_best_model,snd,tam,snd->tam,1503,0.5535595475715236,0.720558882235529,0.7691284098469727,0.631409165151537,0.7069989442825317,0.13585084676742554,0.3459535241127014,0.15336033701896667,0.3610454201698303,0.8968729208250167,0.8682634730538922,0.8825681969394544,labse_baseline,1503,0.5429141716566867,0.7065868263473054,0.7524950099800399,0.6198541823525603,0.4668548107147217,0.19504399597644806,0.18056364357471466,0.12969855964183807,0.286291167140007,0.7704590818363274,0.863606121091151,0.8170326014637392,0.010645375914836941,0.013972055888223589,0.016633399866932796,0.01155498279897671,0.24014413356781006,0.16538988053798676,0.0747542530298233,0.1264138389886893,0.004657351962741196,0.06553559547571519
all_462_best_model,snd,tel,snd->tel,1503,0.635395874916833,0.7791084497671324,0.8263473053892215,0.7037745998360138,0.740297794342041,0.12792326509952545,0.3504582941532135,0.15369555354118347,0.3898395001888275,0.9221556886227545,0.8902195608782435,0.906187624750499,labse_baseline,1503,0.6027944111776448,0.7578176979374585,0.8077178975382568,0.6783449609308465,0.49673375487327576,0.19571533799171448,0.1852385699748993,0.134611114859581,0.31149518489837646,0.7817697937458417,0.8695941450432468,0.8256819693945443,0.03260146373918826,0.021290751829673993,0.018629407850964674,0.02542963890516725,0.24356403946876526,0.1652197241783142,0.07834431529045105,0.1403858948769129,0.020625415834996663,0.08050565535595466
all_462_best_model,snd,urd,snd->urd,1503,0.7045908183632734,0.8383233532934131,0.8769128409846972,0.7652043247865803,0.7566208839416504,0.1190725639462471,0.3468134105205536,0.15291771292686462,0.4098074734210968,0.9427811044577512,0.8988689288090486,0.9208250166333999,labse_baseline,1503,0.6500332667997338,0.7964071856287425,0.8356620093147039,0.7175735766228356,0.4943843185901642,0.19271527230739594,0.18195778131484985,0.13159272074699402,0.31242653727531433,0.7870924817032602,0.8715901530272788,0.8293413173652695,0.054557551563539586,0.041916167664670656,0.041250831669993326,0.047630748163744685,0.2622365653514862,0.16485562920570374,0.09738093614578247,0.15568862275449102,0.027278775781769737,0.09148369926813038
all_462_best_model,tam,asm,tam->asm,1503,0.7957418496340652,0.8902195608782435,0.9188290086493679,0.8394875944792378,0.7989002466201782,0.1158306747674942,0.3626381754875183,0.15029828250408173,0.4362620711326599,0.9427811044577512,0.9214903526280772,0.9321357285429142,labse_baseline,1503,0.8143712574850299,0.9101796407185628,0.9394544244843646,0.8591448879656197,0.7121208310127258,0.1396973729133606,0.29343411326408386,0.12946003675460815,0.41868671774864197,0.9135063206919495,0.9308050565535595,0.9221556886227544,-0.018629407850964674,-0.019960079840319334,-0.020625415834996663,-0.0196572934863819,0.08677941560745239,0.06920406222343445,0.017575353384017944,0.029274783765801726,-0.009314703925482282,0.009980039920159722
all_462_best_model,tam,ben,tam->ben,1503,0.8423153692614771,0.9141716566866267,0.9394544244843646,0.8789995238472659,0.8248395919799805,0.11328881233930588,0.3651042580604553,0.15001428127288818,0.45973533391952515,0.9560878243512974,0.9334664005322688,0.9447771124417831,labse_baseline,1503,0.8809048569527611,0.9481037924151696,0.9627411842980705,0.912464583800311,0.7831429243087769,0.12486056238412857,0.36197564005851746,0.12303712964057922,0.4211672842502594,0.9261477045908184,0.9374584165003327,0.9318030605455756,-0.03858948769128401,-0.03393213572854292,-0.02328675981370598,-0.03346505995304516,0.04169666767120361,0.003128618001937866,0.03856804966926575,0.029940119760478945,-0.003992015968063867,0.012974051896207484
all_462_best_model,tam,brx,tam->brx,1503,0.2714570858283433,0.41650033266799735,0.48303393213572854,0.3451874180389759,0.6200671792030334,0.13882887363433838,0.3269190788269043,0.15645796060562134,0.29314810037612915,0.852960745176314,0.823020625415835,0.8379906852960746,labse_baseline,1503,0.1377245508982036,0.23020625415834997,0.2754491017964072,0.18732848550861347,0.23680610954761505,0.16852083802223206,0.08903755992650986,0.10539938509464264,0.1477685496211052,0.6127744510978044,0.7924151696606786,0.7025948103792414,0.13373253493013973,0.18629407850964738,0.20758483033932135,0.15785893253036243,0.3832610696554184,0.23788151890039444,0.14537955075502396,0.24018629407850967,0.030605455755156386,0.13539587491683314
all_462_best_model,tam,doi,tam->doi,1503,0.635395874916833,0.7844311377245509,0.833666001330672,0.7040763446921049,0.7379314303398132,0.13226553797721863,0.3502214252948761,0.1531408429145813,0.38771000504493713,0.9088489687292083,0.8902195608782435,0.8995342648037259,labse_baseline,1503,0.5741849634065203,0.7245508982035929,0.7651363938789089,0.643505531585669,0.5489510893821716,0.18281181156635284,0.21362821757793427,0.13377924263477325,0.33532287180423737,0.8137059214903526,0.8962075848303394,0.8549567531603459,0.06121091151031277,0.059880239520958,0.06852960745176317,0.06057081310643586,0.1889803409576416,0.13659320771694183,0.05238713324069977,0.0951430472388557,-0.005988023952095856,0.044577511643379975
all_462_best_model,tam,guj,tam->guj,1503,0.825016633399867,0.9155023286759814,0.9347970725216235,0.8658653336662059,0.8203270435333252,0.11510487645864487,0.36817875504493713,0.1501452922821045,0.45214828848838806,0.9467731204258151,0.9314703925482368,0.939121756487026,labse_baseline,1503,0.8729208250166334,0.9447771124417831,0.9600798403193613,0.905000159575915,0.7816457152366638,0.12624754011631012,0.37363776564598083,0.12046036869287491,0.408007949590683,0.9301397205588823,0.9434464404524284,0.9367930805056554,-0.0479041916167664,-0.029274783765801726,-0.02528276779773786,-0.03913482590970907,0.03868132829666138,-0.005459010601043701,0.04414033889770508,0.016633399866932796,-0.0119760479041916,0.0023286759813706537
all_462_best_model,tam,hin,tam->hin,1503,0.8403193612774451,0.9288090485695276,0.9461077844311377,0.8809848843154968,0.8283979892730713,0.11214646697044373,0.36727601289749146,0.15053236484527588,0.46112197637557983,0.9514304723885563,0.9321357285429142,0.9417831004657352,labse_baseline,1503,0.8795741849634066,0.9500998003992016,0.9654025282767797,0.9118148177509353,0.7887157201766968,0.12460912764072418,0.3843144476413727,0.12059421092271805,0.4044012725353241,0.9301397205588823,0.9387890884896873,0.9344644045242848,-0.03925482368596145,-0.021290751829673993,-0.019294743845642004,-0.030829933435438495,0.03968226909637451,-0.017038434743881226,0.05672070384025574,0.021290751829673993,-0.006653359946773185,0.007318695941450404
all_462_best_model,tam,kan,tam->kan,1503,0.7791084497671324,0.8908848968729208,0.9201596806387226,0.8317859662335192,0.8063027858734131,0.1233769878745079,0.3620601296424866,0.15114998817443848,0.4442426562309265,0.9414504324683965,0.9248170326014638,0.9331337325349301,labse_baseline,1503,0.8070525615435795,0.9001996007984032,0.9221556886227545,0.8507568303663565,0.7288905382156372,0.15442122519016266,0.3079831898212433,0.13373792171478271,0.4209073483943939,0.8962075848303394,0.9254823685961411,0.9108449767132403,-0.027944111776447067,-0.009314703925482393,-0.001996007984031989,-0.01897086413283733,0.07741224765777588,0.054076939821243286,0.023335307836532593,0.04524284763805719,-0.0006653359946773296,0.022288755821689876
all_462_best_model,tam,kas,tam->kas,1503,0.37924151696606784,0.5256154357950765,0.582168995342648,0.4507738067132151,0.6474922299385071,0.14307062327861786,0.3390536308288574,0.15684276819229126,0.30843859910964966,0.863606121091151,0.8256819693945442,0.8446440452428476,labse_baseline,1503,0.29141716566866266,0.42381902860944776,0.479707252162342,0.3561151329102314,0.33338072896003723,0.19876603782176971,0.10859991610050201,0.1258229911327362,0.22478081285953522,0.6932801064537591,0.8110445775116434,0.7521623419827013,0.08782435129740518,0.10179640718562877,0.10246174318030599,0.0946586738029837,0.31411150097846985,0.2304537147283554,0.08365778625011444,0.17032601463739183,0.014637391882900808,0.09248170326014638
all_462_best_model,tam,gom,tam->gom,1503,0.6067864271457086,0.7664670658682635,0.8070525615435795,0.6786614870380978,0.7282362580299377,0.1344989389181137,0.3458952009677887,0.15268060564994812,0.38234105706214905,0.9035262807717898,0.8842315369261478,0.8938789088489687,labse_baseline,1503,0.550232867598137,0.7052561543579507,0.7531603459747173,0.622426581443889,0.5392951369285583,0.1911773681640625,0.20061776041984558,0.14201012253761292,0.33867737650871277,0.8143712574850299,0.8782435129740519,0.8463073852295409,0.056553559547571575,0.06121091151031277,0.053892215568862256,0.05623490559420885,0.1889411211013794,0.14527744054794312,0.04366368055343628,0.08915502328675984,0.005988023952095856,0.04757152361942785
all_462_best_model,tam,mai,tam->mai,1503,0.6872920825016633,0.812375249500998,0.8576180971390552,0.7473130226054204,0.7490144371986389,0.12889359891414642,0.35670778155326843,0.15489770472049713,0.3923066556453705,0.9221556886227545,0.8809048569527611,0.9015302727877579,labse_baseline,1503,0.688622754491018,0.8223552894211577,0.8682634730538922,0.7513699376611922,0.6108816862106323,0.15927506983280182,0.2584289312362671,0.13091415166854858,0.35245275497436523,0.8522954091816367,0.9015302727877578,0.8769128409846972,-0.0013306719893546592,-0.009980039920159611,-0.010645375914836941,-0.00405691505577177,0.1381327509880066,0.09827885031700134,0.03985390067100525,0.06986027944111783,-0.020625415834996663,0.02461743180306064
all_462_best_model,tam,mal,tam->mal,1503,0.8157019294743846,0.9088489687292083,0.9288090485695276,0.8574639224060366,0.8196181058883667,0.11770406365394592,0.3623623549938202,0.15018586814403534,0.4572557508945465,0.9461077844311377,0.9241516966067864,0.935129740518962,labse_baseline,1503,0.8456420492348636,0.9334664005322688,0.9567531603459747,0.8862323644878625,0.7736926674842834,0.1322537064552307,0.3347581624984741,0.12654951214790344,0.4389345049858093,0.9328010645375915,0.9454424484364604,0.939121756487026,-0.029940119760479056,-0.02461743180306053,-0.027944111776447067,-0.02876844208182583,0.04592543840408325,0.02760419249534607,0.018321245908737183,0.01330671989354626,-0.021290751829673993,-0.003992015968063978
all_462_best_model,tam,mni,tam->mni,1503,0.01929474384564205,0.10844976713240187,0.14570858283433133,0.08947109649946329,0.5519741177558899,0.13545288145542145,0.34367552399635315,0.17216692864894867,0.20829859375953674,0.7857618097139055,0.7318695941450433,0.7588157019294743,labse_baseline,1503,0.005988023952095809,0.021956087824351298,0.03592814371257485,0.020978474322191833,0.05722564086318016,0.1322687864303589,0.009601522237062454,0.08813617378473282,0.047624118626117706,0.4717232202262142,0.6620093147039254,0.5668662674650699,0.01330671989354624,0.08649367930805058,0.10978043912175647,0.06849262217727145,0.49474847689270973,0.3340740017592907,0.16067447513341904,0.3140385894876913,0.06986027944111783,0.1919494344644045
all_462_best_model,tam,mar,tam->mar,1503,0.8376580172987359,0.9128409846972722,0.9341317365269461,0.8727255697692858,0.8213365077972412,0.11568567901849747,0.3667680025100708,0.14891000092029572,0.4545685052871704,0.9467731204258151,0.9321357285429142,0.9394544244843646,labse_baseline,1503,0.8695941450432468,0.9421157684630739,0.9580838323353293,0.9022600739898351,0.7819600105285645,0.12575407326221466,0.3653743863105774,0.12146049737930298,0.41658562421798706,0.9221556886227545,0.936127744510978,0.9291417165668663,-0.031936127744510934,-0.029274783765801726,-0.0239520958083832,-0.029534504220549262,0.03937649726867676,0.0013936161994934082,0.03798288106918335,0.02461743180306053,-0.003992015968063867,0.010312707917498276
all_462_best_model,tam,npi,tam->npi,1503,0.8389886892880905,0.9174983366600133,0.9374584165003327,0.8758879917653175,0.8210819363594055,0.11485971510410309,0.36676767468452454,0.14860278367996216,0.454314261674881,0.9474384564204924,0.936127744510978,0.9417831004657352,labse_baseline,1503,0.865602129075183,0.9507651363938789,0.9634065202927479,0.9037881476088465,0.7802532911300659,0.12730422616004944,0.36394941806793213,0.1214587539434433,0.4163038730621338,0.9248170326014638,0.9461077844311377,0.9354624085163008,-0.02661343978709252,-0.03326679973386559,-0.02594810379241519,-0.027900155843529006,0.0408286452293396,0.0028182566165924072,0.03801038861274719,0.022621423819028652,-0.009980039920159722,0.006320691949434409
all_462_best_model,tam,ory,tam->ory,1503,0.8163672654690619,0.916833000665336,0.9394544244843646,0.8605443453897381,0.8172075152397156,0.11617667227983475,0.361317902803421,0.1503031998872757,0.45588961243629456,0.9474384564204924,0.9314703925482368,0.9394544244843646,labse_baseline,1503,0.8516300731869594,0.9354624085163007,0.9607451763140386,0.889600131020662,0.7665046453475952,0.1309594064950943,0.34040558338165283,0.12297328561544418,0.4260990619659424,0.9261477045908184,0.9414504324683965,0.9337990685296075,-0.03526280771789747,-0.018629407850964674,-0.021290751829673993,-0.029055785630923925,0.05070286989212036,0.02091231942176819,0.029790550470352173,0.021290751829673993,-0.009980039920159722,0.00565535595475708
all_462_best_model,tam,pan,tam->pan,1503,0.8190286094477711,0.8982035928143712,0.9268130405854956,0.8576120958473158,0.7995880246162415,0.12354950606822968,0.3588995635509491,0.14778651297092438,0.44068846106529236,0.9334664005322688,0.9248170326014638,0.9291417165668663,labse_baseline,1503,0.846307385229541,0.9328010645375915,0.9507651363938789,0.8857884298437895,0.7543075680732727,0.1359587013721466,0.3442349433898926,0.1242818757891655,0.4100726246833801,0.916833000665336,0.9414504324683965,0.9291417165668663,-0.02727877578176985,-0.03459747172322025,-0.02395209580838331,-0.02817633399647368,0.04528045654296875,0.014664620161056519,0.03061583638191223,0.016633399866932796,-0.016633399866932796,0.0
all_462_best_model,tam,san,tam->san,1503,0.5941450432468397,0.7425149700598802,0.7970725216234198,0.664327714616207,0.7127047777175903,0.13146527111530304,0.3489435613155365,0.15540540218353271,0.36376121640205383,0.9048569527611444,0.8695941450432468,0.8872255489021956,labse_baseline,1503,0.47837658017298734,0.6407185628742516,0.6926147704590818,0.553998223223799,0.4741886556148529,0.1809622049331665,0.1816340535879135,0.13099275529384613,0.2925546020269394,0.7884231536926147,0.8629407850964738,0.8256819693945443,0.11576846307385236,0.10179640718562866,0.10445775116433798,0.110329491392408,0.23851612210273743,0.16730950772762299,0.07120661437511444,0.11643379906852969,0.006653359946773074,0.061543579507651325
all_462_best_model,tam,sat,tam->sat,1503,0.023286759813705923,0.11776447105788423,0.14637391882900866,0.10359260620877311,0.5512055158615112,0.14689214527606964,0.34127846360206604,0.17228679358959198,0.2099270522594452,0.7584830339321357,0.7445109780439122,0.7514970059880239,labse_baseline,1503,0.00332667997338656,0.021956087824351298,0.03127079174983367,0.018674378076573392,0.06028551608324051,0.12681135535240173,0.013480701483786106,0.08089755475521088,0.0468048145994544,0.4524284763805722,0.6739853626081171,0.5632069194943446,0.01996007984031936,0.09580838323353294,0.115103127079175,0.08491822813219972,0.4909199997782707,0.32779776211827993,0.1631222376599908,0.30605455755156347,0.07052561543579505,0.1882900864936793
all_462_best_model,tam,snd,tam->snd,1503,0.5508982035928144,0.7072521623419827,0.7604790419161677,0.6252980109271385,0.7069989442825317,0.13585084676742554,0.34622347354888916,0.15088245272636414,0.3607754707336426,0.8968729208250167,0.8689288090485695,0.8829008649367931,labse_baseline,1503,0.4431137724550898,0.5968063872255489,0.6553559547571524,0.5147664672025117,0.4668548107147217,0.19504399597644806,0.17908474802970886,0.1305919736623764,0.2877700626850128,0.7717897538256819,0.8562874251497006,0.8140385894876913,0.10778443113772457,0.11044577511643383,0.1051230871590153,0.11053154372462681,0.24014413356781006,0.1671387255191803,0.07300540804862976,0.12508316699933475,0.01264138389886893,0.06886227544910184
all_462_best_model,tam,tel,tam->tel,1503,0.8456420492348636,0.9314703925482368,0.9540918163672655,0.8850278563968159,0.8338989615440369,0.10960216820240021,0.36999642848968506,0.15042893588542938,0.4639025330543518,0.9600798403193613,0.929474384564205,0.9447771124417832,labse_baseline,1503,0.8749168330006654,0.948769128409847,0.9647371922821024,0.9095344283743957,0.7894700765609741,0.12476566433906555,0.3547340929508209,0.1256990283727646,0.4347359836101532,0.9341317365269461,0.9481037924151696,0.9411177644710579,-0.029274783765801726,-0.017298735861610126,-0.010645375914836941,-0.024506571977579772,0.044428884983062744,0.015262335538864136,0.02916654944419861,0.02594810379241519,-0.018629407850964674,0.003659347970725313
all_462_best_model,tam,urd,tam->urd,1503,0.83166999334664,0.9214903526280772,0.9407850964737192,0.8723567203029794,0.8238025903701782,0.11214825510978699,0.36541110277175903,0.1509518027305603,0.4583914875984192,0.9514304723885563,0.9288090485695276,0.9401197604790419,labse_baseline,1503,0.8749168330006654,0.9434464404524284,0.9600798403193613,0.9053973934295183,0.7846515774726868,0.12522144615650177,0.3698524534702301,0.12048450857400894,0.41479912400245667,0.927478376580173,0.9421157684630739,0.9347970725216235,-0.043246839654025315,-0.02195608782435121,-0.019294743845642115,-0.03304067312653891,0.039151012897491455,-0.004441350698471069,0.043592363595962524,0.02395209580838331,-0.01330671989354626,0.005322687957418415
all_462_best_model,tel,asm,tel->asm,1503,0.8795741849634066,0.9554224883566201,0.9707252162341983,0.9138773036206823,0.8457770943641663,0.09570423513650894,0.36424070596694946,0.1488434225320816,0.4815363883972168,0.9707252162341983,0.9434464404524284,0.9570858283433133,labse_baseline,1503,0.8902195608782435,0.9567531603459747,0.9680638722554891,0.9208064963139707,0.7610375881195068,0.12597092986106873,0.29384511709213257,0.1271105259656906,0.46719247102737427,0.9520958083832335,0.9547571523619428,0.9534264803725881,-0.010645375914836941,-0.0013306719893545482,0.0026613439787092075,-0.0069291926932884,0.08473950624465942,0.0703955888748169,0.01434391736984253,0.018629407850964785,-0.011310711909514382,0.003659347970725202
all_462_best_model,tel,ben,tel->ben,1503,0.9201596806387226,0.9727212242182302,0.9853626081170991,0.9465528044480475,0.8712626695632935,0.0838647112250328,0.3678610324859619,0.14883047342300415,0.5034016370773315,0.9846972721224219,0.9507651363938789,0.9677312042581504,labse_baseline,1503,0.9334664005322688,0.978709248170326,0.9893546240851631,0.9554909021136404,0.8327030539512634,0.10032966732978821,0.3631327748298645,0.1209293082356453,0.4695702791213989,0.9713905522288756,0.9600798403193613,0.9657351962741185,-0.01330671989354626,-0.005988023952095856,-0.003992015968063978,-0.008938097665592948,0.03855961561203003,0.004728257656097412,0.03383135795593262,0.01330671989354626,-0.009314703925482393,0.001996007984031878
all_462_best_model,tel,brx,tel->brx,1503,0.3047238855622089,0.447771124417831,0.5282767797737857,0.3802373903824003,0.6439111232757568,0.12979905307292938,0.3303806483745575,0.15680895745754242,0.31353047490119934,0.8895542248835662,0.8369926813040586,0.8632734530938124,labse_baseline,1503,0.1437125748502994,0.24750499001996007,0.29208250166334,0.1955728116131181,0.24407830834388733,0.17467373609542847,0.09033506363630295,0.1032441258430481,0.15374324470758438,0.6194278110445776,0.7997338656021291,0.7095808383233533,0.16101131071190952,0.20026613439787094,0.23619427811044574,0.1846645787692822,0.3998328149318695,0.24004558473825455,0.15978723019361496,0.2701264138389886,0.03725881570192946,0.15369261477045915
all_462_best_model,tel,doi,tel->doi,1503,0.7465069860279441,0.863606121091151,0.9055222887558216,0.8052970341616147,0.7833706140518188,0.1190347820520401,0.35408860445022583,0.1529727280139923,0.429282009601593,0.9441117764471058,0.914836992681304,0.9294743845642048,labse_baseline,1503,0.6453759148369926,0.7877578176979375,0.8343313373253493,0.7124527179826863,0.5922307968139648,0.18325670063495636,0.21699175238609314,0.13277412950992584,0.3752390444278717,0.8323353293413174,0.9095143047238856,0.8709248170326015,0.10113107119095144,0.07584830339321347,0.07119095143047238,0.09284431617892841,0.191139817237854,0.1370968520641327,0.054042965173721313,0.11177644710578838,0.005322687957418415,0.05854956753160334
all_462_best_model,tel,guj,tel->guj,1503,0.9021956087824351,0.9614105123087159,0.9753825681969395,0.9308729371719175,0.8679428100585938,0.09317195415496826,0.36995768547058105,0.14900808036327362,0.4979851245880127,0.9720558882235529,0.9494344644045243,0.9607451763140387,labse_baseline,1503,0.9234863606121091,0.9760479041916168,0.9833666001330672,0.9466567421649913,0.8326460719108582,0.1065584048628807,0.37583184242248535,0.11784036457538605,0.4568142294883728,0.9667332002661344,0.9667332002661344,0.9667332002661344,-0.021290751829673993,-0.014637391882900919,-0.007984031936127733,-0.015783804993073747,0.035296738147735596,-0.005874156951904297,0.04117089509963989,0.005322687957418526,-0.017298735861610126,-0.0059880239520957446
all_462_best_model,tel,hin,tel->hin,1503,0.9201596806387226,0.9773785761809713,0.9866932801064537,0.9471658502789692,0.8739175200462341,0.08555176109075546,0.3697596788406372,0.1481679379940033,0.5041578412055969,0.9866932801064537,0.9520958083832335,0.9693945442448436,labse_baseline,1503,0.9268130405854956,0.9753825681969395,0.9873586161011311,0.9503725952477323,0.8340977430343628,0.10554661601781845,0.38535088300704956,0.11577844619750977,0.44874686002731323,0.9600798403193613,0.9660678642714571,0.9630738522954092,-0.006653359946773074,0.001996007984031878,-0.0006653359946773296,-0.0032067449687631644,0.03981977701187134,-0.015591204166412354,0.05541098117828369,0.026613439787092408,-0.013972055888223589,0.006320691949434409
all_462_best_model,tel,kan,tel->kan,1503,0.8602794411177644,0.9421157684630739,0.9614105123087159,0.8989234549490516,0.8458894491195679,0.10243061929941177,0.3657056391239166,0.15097443759441376,0.48018380999565125,0.9700598802395209,0.9401197604790419,0.9550898203592815,labse_baseline,1503,0.8702594810379242,0.9414504324683965,0.957418496340652,0.9039335849558678,0.773101806640625,0.1356576830148697,0.31206247210502625,0.13410815596580505,0.46103933453559875,0.9328010645375915,0.9481037924151696,0.9404524284763806,-0.009980039920159722,0.0006653359946773296,0.003992015968063867,-0.005010130006816271,0.07278764247894287,0.05364316701889038,0.01914447546005249,0.03725881570192946,-0.007984031936127733,0.014637391882900919
all_462_best_model,tel,kas,tel->kas,1503,0.4530938123752495,0.6161011310711909,0.6773120425815037,0.5299343656629405,0.6831264495849609,0.13326169550418854,0.34170472621917725,0.15773111581802368,0.3414217233657837,0.8902195608782435,0.8489687292082502,0.8695941450432468,labse_baseline,1503,0.3439787092481703,0.47704590818363274,0.5342648037258816,0.4091367128564796,0.36012083292007446,0.2027420550584793,0.10995656251907349,0.1223941221833229,0.250164270401001,0.720558882235529,0.8356620093147039,0.7781104457751165,0.10911510312707917,0.13905522288755817,0.1430472388556221,0.12079765280646088,0.3230056166648865,0.23174816370010376,0.09125745296478271,0.1696606786427145,0.01330671989354626,0.09148369926813038
all_462_best_model,tel,gom,tel->gom,1503,0.7178975382568197,0.8569527611443779,0.8982035928143712,0.7841245255577018,0.7738509178161621,0.1144232302904129,0.35065314173698425,0.15245002508163452,0.42319777607917786,0.9481037924151696,0.9128409846972722,0.9304723885562209,labse_baseline,1503,0.6487025948103793,0.7737857618097139,0.8216899534264803,0.7099291523599347,0.584547221660614,0.18675513565540314,0.20456936955451965,0.14156323671340942,0.37997785210609436,0.8449767132401863,0.89354624085163,0.8692614770459082,0.0691949434464404,0.08316699933466398,0.07651363938789091,0.07419537319776714,0.1893036961555481,0.1460837721824646,0.043219923973083496,0.10312707917498332,0.019294743845642115,0.06121091151031277
all_462_best_model,tel,mai,tel->mai,1503,0.780439121756487,0.8882235528942116,0.9188290086493679,0.8307659549296714,0.7901409268379211,0.11390721052885056,0.35928913950920105,0.15530312061309814,0.4308517873287201,0.9514304723885563,0.9101796407185628,0.9308050565535595,labse_baseline,1503,0.7644710578842315,0.8802395209580839,0.9128409846972722,0.8168376131589611,0.6541625261306763,0.15757949650287628,0.25993049144744873,0.1324109137058258,0.39423203468322754,0.8822355289421158,0.9161676646706587,0.8992015968063872,0.015968063872255467,0.007984031936127733,0.0059880239520957446,0.01392834177071034,0.13597840070724487,0.09935864806175232,0.036619752645492554,0.0691949434464405,-0.005988023952095856,0.03160345974717227
all_462_best_model,tel,mal,tel->mal,1503,0.8815701929474384,0.9567531603459747,0.9693945442448436,0.9156586783202645,0.856839120388031,0.09678196907043457,0.36567676067352295,0.15032845735549927,0.49116235971450806,0.9727212242182302,0.9474384564204924,0.9600798403193613,labse_baseline,1503,0.895542248835662,0.9600798403193613,0.9747172322022621,0.9260860714573862,0.810897707939148,0.11749418079853058,0.33678877353668213,0.12321175634860992,0.4741089344024658,0.9540918163672655,0.9614105123087159,0.9577511643379907,-0.013972055888223589,-0.003326679973386648,-0.005322687957418526,-0.01042739313712171,0.04594141244888306,0.02888798713684082,0.017053425312042236,0.018629407850964674,-0.013972055888223478,0.0023286759813706537
all_462_best_model,tel,mni,tel->mni,1503,0.03260146373918829,0.14770459081836326,0.19228210246174318,0.11756281485704406,0.5787999033927917,0.12300954014062881,0.34709471464157104,0.17026597261428833,0.2317051887512207,0.8270126413838988,0.7604790419161677,0.7937458416500333,labse_baseline,1503,0.00332667997338656,0.028609447771124417,0.04125083166999335,0.02131887081434959,0.06385933607816696,0.13559964299201965,0.009183971211314201,0.08739481121301651,0.05467536486685276,0.4637391882900865,0.6946107784431138,0.5791749833666001,0.02927478376580173,0.11909514304723884,0.15103127079174983,0.09624394404269447,0.5149405673146248,0.33791074343025684,0.17702982388436794,0.36327345309381237,0.06586826347305386,0.21457085828343314
all_462_best_model,tel,mar,tel->mar,1503,0.9015302727877578,0.9687292082501663,0.978709248170326,0.9314325530196264,0.8681042790412903,0.09060214459896088,0.36926278471946716,0.14831265807151794,0.4988414943218231,0.9760479041916168,0.9474384564204924,0.9617431803060545,labse_baseline,1503,0.9214903526280772,0.9733865602129075,0.9846972721224219,0.9464188942369649,0.832562267780304,0.10522350668907166,0.3666613698005676,0.11802606284618378,0.46590089797973633,0.9647371922821024,0.9600798403193613,0.9624085163007319,-0.019960079840319445,-0.004657351962741196,-0.005988023952095856,-0.01498634121733855,0.03554201126098633,0.002601414918899536,0.03294059634208679,0.011310711909514382,-0.01264138389886893,-0.0006653359946773296
all_462_best_model,tel,npi,tel->npi,1503,0.9201596806387226,0.9753825681969395,0.9846972721224219,0.9453251214119377,0.8713792562484741,0.08791641145944595,0.3682361841201782,0.1472524106502533,0.5031430721282959,0.9820359281437125,0.9554224883566201,0.9687292082501664,labse_baseline,1503,0.9347970725216235,0.9773785761809713,0.9866932801064537,0.9545241244956797,0.8344005346298218,0.10694228112697601,0.3656216263771057,0.11813342571258545,0.46877890825271606,0.9600798403193613,0.9680638722554891,0.9640718562874252,-0.014637391882900919,-0.001996007984031878,-0.001996007984031878,-0.009199003083741997,0.036978721618652344,0.0026145577430725098,0.034364163875579834,0.02195608782435121,-0.01264138389886893,0.004657351962741196
all_462_best_model,tel,ory,tel->ory,1503,0.9108449767132402,0.9667332002661344,0.978709248170326,0.9372501305039048,0.8627908825874329,0.09097828716039658,0.36369800567626953,0.1497069150209427,0.49909287691116333,0.978709248170326,0.9520958083832335,0.9654025282767797,labse_baseline,1503,0.9161676646706587,0.9713905522288756,0.9820359281437125,0.9433625429337604,0.8132564425468445,0.11322898417711258,0.34156864881515503,0.11964467912912369,0.47168779373168945,0.9580838323353293,0.9634065202927479,0.9607451763140387,-0.005322687957418526,-0.004657351962741196,-0.003326679973386537,-0.006112412429855607,0.04953444004058838,0.022129356861114502,0.027405083179473877,0.020625415834996663,-0.011310711909514382,0.004657351962741085
all_462_best_model,tel,pan,tel->pan,1503,0.8842315369261478,0.9607451763140386,0.9773785761809713,0.9198804184244511,0.8442680239677429,0.10128381103277206,0.3610643148422241,0.14801745116710663,0.4832037091255188,0.9693945442448436,0.9434464404524284,0.956420492348636,labse_baseline,1503,0.908183632734531,0.9647371922821024,0.9820359281437125,0.9357541195243287,0.8007742762565613,0.11970426887273788,0.34541553258895874,0.12150698155164719,0.45535874366760254,0.9507651363938789,0.9627411842980705,0.9567531603459747,-0.0239520958083832,-0.003992015968063867,-0.004657351962741196,-0.015873701099877624,0.04349374771118164,0.01564878225326538,0.02784496545791626,0.018629407850964674,-0.019294743845642115,-0.0003326679973386648
all_462_best_model,tel,san,tel->san,1503,0.6813040585495675,0.8203592814371258,0.8729208250166334,0.7483257949135017,0.7503618001937866,0.12270460277795792,0.35185950994491577,0.15629880130290985,0.39850229024887085,0.929474384564205,0.8902195608782435,0.9098469727212242,labse_baseline,1503,0.5402528276779773,0.6979374584165003,0.7531603459747173,0.6147375406876466,0.5086466670036316,0.18291382491588593,0.18400731682777405,0.1307535171508789,0.32463935017585754,0.8083832335329342,0.8888888888888888,0.8486360612109115,0.14105123087159022,0.12242182302062543,0.11976047904191611,0.13358825422585507,0.24171513319015503,0.16785219311714172,0.0738629400730133,0.12109115103127077,0.0013306719893546592,0.06121091151031266
all_462_best_model,tel,sat,tel->sat,1503,0.027944111776447105,0.1377245508982036,0.1709913506320692,0.11391789993429649,0.5743343234062195,0.13487660884857178,0.3445822298526764,0.17329518496990204,0.2297520935535431,0.8077178975382568,0.7491683300066534,0.7784431137724551,labse_baseline,1503,0.003992015968063872,0.023952095808383235,0.0332667997338656,0.022665392815686112,0.06660613417625427,0.13116031885147095,0.013277317397296429,0.08039701730012894,0.053328816778957844,0.43779108449767135,0.7072521623419827,0.572521623419827,0.023952095808383235,0.11377245508982037,0.1377245508982036,0.09125250711861038,0.5077281892299652,0.33130491245537996,0.17642327677458525,0.3699268130405855,0.041916167664670656,0.20592149035262808
all_462_best_model,tel,snd,tel->snd,1503,0.626746506986028,0.782435129740519,0.8349966733200266,0.6987091589458203,0.740297794342041,0.12792326509952545,0.34830015897750854,0.15136976540088654,0.39199763536453247,0.9221556886227545,0.8902195608782435,0.906187624750499,labse_baseline,1503,0.49700598802395207,0.6420492348636061,0.699268130405855,0.567801596947852,0.49673375487327576,0.19571533799171448,0.17944470047950745,0.1305662989616394,0.3172890543937683,0.7870924817032602,0.8775781769793746,0.8323353293413174,0.1297405189620759,0.1403858948769129,0.13572854291417158,0.13090756199796827,0.24356403946876526,0.1688554584980011,0.07470858097076416,0.13506320691949436,0.01264138389886893,0.07385229540918159
all_462_best_model,tel,tam,tel->tam,1503,0.8476380572188955,0.929474384564205,0.9494344644045243,0.8854397049537427,0.8338989615440369,0.10960216820240021,0.3670365512371063,0.1496078222990036,0.46686241030693054,0.9607451763140386,0.9387890884896873,0.949767132401863,labse_baseline,1503,0.8789088489687292,0.9454424484364604,0.9634065202927479,0.9108851500522307,0.7894700765609741,0.12476566433906555,0.35180923342704773,0.1196509450674057,0.4376608431339264,0.9354624085163007,0.9547571523619428,0.9451097804391217,-0.031270791749833715,-0.015968063872255467,-0.013972055888223589,-0.025445445098488007,0.044428884983062744,0.015227317810058594,0.02920156717300415,0.02528276779773786,-0.015968063872255467,0.004657351962741196
all_462_best_model,tel,urd,tel->urd,1503,0.9161676646706587,0.9733865602129075,0.9840319361277445,0.943095700028585,0.8707506656646729,0.08598417788743973,0.36729493737220764,0.14911213517189026,0.5034557282924652,0.9833666001330672,0.9494344644045243,0.9664005322687957,labse_baseline,1503,0.9341317365269461,0.9773785761809713,0.9873586161011311,0.9540670044591215,0.8339799642562866,0.10563331842422485,0.37106987833976746,0.11676840484142303,0.46291008591651917,0.9640718562874252,0.9693945442448436,0.9667332002661344,-0.017964071856287456,-0.003992015968063867,-0.003326679973386537,-0.01097130443053651,0.03677070140838623,-0.0037749409675598145,0.040545642375946045,0.019294743845642004,-0.019960079840319334,-0.0003326679973386648
all_462_best_model,urd,asm,urd->asm,1503,0.9248170326014638,0.9727212242182302,0.9800399201596807,0.9470755127556784,0.8708442449569702,0.08558487892150879,0.3625084161758423,0.15088190138339996,0.5083358287811279,0.9840319361277445,0.9467731204258151,0.9654025282767797,labse_baseline,1503,0.9174983366600133,0.9740518962075848,0.9840319361277445,0.9419568517737404,0.7881056666374207,0.11617913842201233,0.304728627204895,0.12782204151153564,0.48337703943252563,0.9673985362608117,0.9627411842980705,0.9650698602794412,0.007318695941450404,-0.0013306719893546592,-0.003992015968063867,0.005118660981937917,0.08273857831954956,0.057779788970947266,0.024958789348602295,0.016633399866932796,-0.015968063872255467,0.0003326679973385538
all_462_best_model,urd,ben,urd->ben,1503,0.9461077844311377,0.9840319361277445,0.9913506320691949,0.9644589887362274,0.8935932517051697,0.07765592634677887,0.36627474427223206,0.14932964742183685,0.5273185074329376,0.9900199600798403,0.9560878243512974,0.9730538922155688,labse_baseline,1503,0.957418496340652,0.9893546240851631,0.9933466400532269,0.9720893193905306,0.8652986884117126,0.090615414083004,0.382546991109848,0.11883485317230225,0.4827516973018646,0.9767132401862941,0.9667332002661344,0.9717232202262143,-0.01131071190951427,-0.005322687957418526,-0.001996007984031989,-0.007630330654303186,0.02829456329345703,-0.016272246837615967,0.044566810131073,0.013306719893546148,-0.010645375914837052,0.0013306719893545482
all_462_best_model,urd,brx,urd->brx,1503,0.3180306054557552,0.48968729208250167,0.5595475715236194,0.40327678313721227,0.6497305035591125,0.12147057801485062,0.32655069231987,0.15882299840450287,0.32317981123924255,0.9035262807717898,0.8416500332667998,0.8725881570192948,labse_baseline,1503,0.13572854291417166,0.23486360612109114,0.28077178975382566,0.18661202737440247,0.22804886102676392,0.16879934072494507,0.08210671693086624,0.101900115609169,0.14594214409589767,0.6180971390552229,0.7811044577511643,0.6996007984031936,0.18230206254158351,0.25482368596141053,0.2787757817697938,0.2166647557628098,0.42168164253234863,0.24444397538900375,0.17723766714334488,0.28542914171656686,0.06054557551563544,0.17298735861610126
all_462_best_model,urd,doi,urd->doi,1503,0.8137059214903526,0.9268130405854956,0.9514304723885563,0.865145983592847,0.8062957525253296,0.10736153274774551,0.35181623697280884,0.15494711697101593,0.45447951555252075,0.9620758483033932,0.9281437125748503,0.9451097804391217,labse_baseline,1503,0.6793080505655356,0.8150365934797072,0.8449767132401863,0.7394264010473504,0.6022721529006958,0.1808912456035614,0.21856141090393066,0.1347070336341858,0.38371074199676514,0.8409846972721224,0.9135063206919495,0.8772455089820359,0.13439787092481703,0.11177644710578838,0.10645375914836996,0.12571958254549664,0.2040235996246338,0.13325482606887817,0.07076877355575562,0.12109115103127077,0.014637391882900808,0.06786427145708585
all_462_best_model,urd,guj,urd->guj,1503,0.9500998003992016,0.9827012641383899,0.9886892880904857,0.9647069854810696,0.9038656949996948,0.07875710725784302,0.36941924691200256,0.1505601704120636,0.5344464480876923,0.9827012641383899,0.9587491683300067,0.9707252162341983,labse_baseline,1503,0.957418496340652,0.9880239520958084,0.9913506320691949,0.9707249691163586,0.8825376629829407,0.08907174319028854,0.3982207179069519,0.11560039967298508,0.48431694507598877,0.9793745841650033,0.9747172322022621,0.9770459081836327,-0.007318695941450404,-0.005322687957418526,-0.0026613439787092075,-0.006017983635289048,0.02132803201675415,-0.02880147099494934,0.05012950301170349,0.003326679973386537,-0.015968063872255467,-0.006320691949434409
all_462_best_model,urd,hin,urd->hin,1503,0.9534264803725881,0.9880239520958084,0.9893546240851631,0.9696835288685176,0.9092321395874023,0.0763029158115387,0.3689269423484802,0.15035571157932281,0.5403051972389221,0.9873586161011311,0.9534264803725881,0.9703925482368596,labse_baseline,1503,0.9580838323353293,0.9886892880904857,0.9940119760479041,0.9718561203292169,0.8874449729919434,0.08860577642917633,0.4092980921268463,0.11482308059930801,0.47814688086509705,0.980705256154358,0.9733865602129075,0.9770459081836327,-0.004657351962741196,-0.0006653359946773296,-0.004657351962741085,-0.002172591460699258,0.021787166595458984,-0.04037114977836609,0.06215831637382507,0.006653359946773074,-0.019960079840319334,-0.006653359946773074
all_462_best_model,urd,kan,urd->kan,1503,0.8662674650698603,0.9347970725216235,0.9547571523619428,0.8982840533587848,0.8309556245803833,0.1074124425649643,0.36182618141174316,0.1513284146785736,0.46912944316864014,0.9614105123087159,0.9321357285429142,0.946773120425815,labse_baseline,1503,0.850964737192282,0.9334664005322688,0.9467731204258151,0.8870949289438923,0.7480340600013733,0.1462600976228714,0.3191283941268921,0.13475976884365082,0.4289056658744812,0.9188290086493679,0.9394544244843646,0.9291417165668663,0.015302727877578248,0.0013306719893546592,0.007984031936127733,0.011189124414892504,0.08292156457901001,0.042697787284851074,0.040223777294158936,0.042581503659347986,-0.007318695941450404,0.01763140385894868
all_462_best_model,urd,kas,urd->kas,1503,0.5282767797737857,0.6706586826347305,0.7278775781769794,0.5982588112843413,0.7040790915489197,0.13023267686367035,0.3396345376968384,0.15986663103103638,0.3644445538520813,0.8982035928143712,0.8609447771124418,0.8795741849634064,labse_baseline,1503,0.3685961410512309,0.48769128409846974,0.5349301397205589,0.42824706281371894,0.35831257700920105,0.21306413412094116,0.10269394516944885,0.12610678374767303,0.2556186318397522,0.7079174983366601,0.8456420492348636,0.7767797737857618,0.15968063872255484,0.18296739853626076,0.19294743845642048,0.1700117484706224,0.34576651453971863,0.23694059252738953,0.1088259220123291,0.19028609447771117,0.015302727877578137,0.10279441117764465
all_462_best_model,urd,gom,urd->gom,1503,0.7584830339321357,0.8795741849634066,0.9135063206919495,0.8114608844292901,0.777545154094696,0.11280689388513565,0.3467208743095398,0.15086504817008972,0.43082427978515625,0.9567531603459747,0.9181636726546906,0.9374584165003326,labse_baseline,1503,0.64604125083167,0.7664670658682635,0.8117099135063207,0.7031253449332384,0.5768754482269287,0.18698060512542725,0.20432619750499725,0.14242947101593018,0.37254925072193146,0.8389886892880905,0.8948769128409847,0.8669328010645376,0.11244178310046571,0.11310711909514304,0.10179640718562877,0.10833553949605168,0.20066970586776733,0.14239467680454254,0.05827502906322479,0.11776447105788423,0.02328675981370587,0.07052561543579494
all_462_best_model,urd,mai,urd->mai,1503,0.8429807052561543,0.9374584165003327,0.9527611443779108,0.8839413815378317,0.814298152923584,0.10081541538238525,0.3583030104637146,0.15442566573619843,0.4559951424598694,0.9654025282767797,0.927478376580173,0.9464404524284764,labse_baseline,1503,0.8043912175648703,0.9075182967398536,0.9254823685961411,0.8498615121203831,0.6697842478752136,0.1503191441297531,0.2667157053947449,0.13308563828468323,0.40306854248046875,0.8942115768463074,0.9221556886227545,0.908183632734531,0.03858948769128401,0.029940119760479056,0.027278775781769737,0.03407986941744867,0.14451390504837036,0.09158730506896973,0.052926599979400635,0.07119095143047238,0.005322687957418415,0.038256819693945454
all_462_best_model,urd,mal,urd->mal,1503,0.89354624085163,0.9554224883566201,0.9667332002661344,0.9228086450440421,0.8560613393783569,0.09667714685201645,0.3633633553981781,0.15054653584957123,0.49269798398017883,0.9673985362608117,0.9441117764471058,0.9557551563539588,labse_baseline,1503,0.9101796407185628,0.9600798403193613,0.9720558882235529,0.9341587051205003,0.8132064342498779,0.11617454141378403,0.3512921929359436,0.12213340401649475,0.4619142413139343,0.9507651363938789,0.9627411842980705,0.9567531603459747,-0.016633399866932796,-0.004657351962741196,-0.005322687957418526,-0.011350060076458113,0.042854905128479004,0.012071162462234497,0.030783742666244507,0.016633399866932796,-0.018629407850964785,-0.0009980039920158834
all_462_best_model,urd,mni,urd->mni,1503,0.044577511643379905,0.1543579507651364,0.19560878243512975,0.12619901709819492,0.5770254731178284,0.11449989676475525,0.34542593359947205,0.17066584527492523,0.23159953951835632,0.8449767132401863,0.7518296739853626,0.7984031936127745,labse_baseline,1503,0.0053226879574184965,0.033932135728542916,0.04790419161676647,0.026291986267127795,0.04721863195300102,0.12458561360836029,-0.002135190647095442,0.08522942662239075,0.049353822600096464,0.49101796407185627,0.656686626746507,0.5738522954091816,0.03925482368596141,0.12042581503659347,0.1477045908183633,0.09990703083106713,0.5298068411648273,0.3475611242465675,0.18224571691825986,0.35395874916833003,0.09514304723885558,0.22455089820359286
all_462_best_model,urd,mar,urd->mar,1503,0.948769128409847,0.9827012641383899,0.9886892880904857,0.9641626182705512,0.895082414150238,0.07670192420482635,0.367395281791687,0.1497674435377121,0.527687132358551,0.9880239520958084,0.9547571523619428,0.9713905522288756,labse_baseline,1503,0.959414504324684,0.9866932801064537,0.9913506320691949,0.9708205359130565,0.8691666126251221,0.08987181633710861,0.38677453994750977,0.11656840145587921,0.4823920726776123,0.9813705921490352,0.9687292082501663,0.9750499001996007,-0.010645375914837052,-0.003992015968063867,-0.0026613439787092075,-0.00665791764250534,0.025915801525115967,-0.019379258155822754,0.04529505968093872,0.006653359946773185,-0.013972055888223478,-0.003659347970725091
all_462_best_model,urd,npi,urd->npi,1503,0.9554224883566201,0.9893546240851631,0.9933466400532269,0.972033793377977,0.9060062766075134,0.07261811941862106,0.3677767217159271,0.1487937718629837,0.5382295548915863,0.9906852960745176,0.9614105123087159,0.9760479041916168,labse_baseline,1503,0.9587491683300067,0.9893546240851631,0.9933466400532269,0.9730927863835366,0.8817934393882751,0.08614924550056458,0.3866300582885742,0.11723122000694275,0.4951633810997009,0.9827012641383899,0.9747172322022621,0.978709248170326,-0.003326679973386537,0.0,0.0,-0.0010589930055595609,0.02421283721923828,-0.018853336572647095,0.043066173791885376,0.007984031936127733,-0.01330671989354626,-0.0026613439787092075
all_462_best_model,urd,ory,urd->ory,1503,0.9434464404524284,0.9800399201596807,0.9853626081170991,0.9611407972988727,0.8870020508766174,0.08090341836214066,0.3619464635848999,0.15060845017433167,0.5250555872917175,0.9833666001330672,0.9560878243512974,0.9697272122421823,labse_baseline,1503,0.9414504324683965,0.9873586161011311,0.9913506320691949,0.9631047862605756,0.8489696979522705,0.10051623731851578,0.36025965213775635,0.12032344937324524,0.48871004581451416,0.9680638722554891,0.9667332002661344,0.9673985362608117,0.001996007984031878,-0.007318695941450404,-0.005988023952095856,-0.0019639889617029116,0.038032352924346924,0.0016868114471435547,0.03634554147720337,0.015302727877578137,-0.010645375914837052,0.0023286759813705427
all_462_best_model,urd,pan,urd->pan,1503,0.9421157684630739,0.9793745841650033,0.9860279441117764,0.9615793682441959,0.8903369903564453,0.08637326210737228,0.362035870552063,0.14952628314495087,0.5283011198043823,0.980705256154358,0.957418496340652,0.969061876247505,labse_baseline,1503,0.9507651363938789,0.9833666001330672,0.9880239520958084,0.9674863796259655,0.8602901697158813,0.10225854068994522,0.3666438162326813,0.12155912071466446,0.4936463534832001,0.9700598802395209,0.9687292082501663,0.9693945442448436,-0.008649367930805063,-0.003992015968063867,-0.001996007984031989,-0.0059070113817696335,0.030046820640563965,-0.004607945680618286,0.03465476632118225,0.010645375914837052,-0.01131071190951427,-0.0003326679973386648
all_462_best_model,urd,san,urd->san,1503,0.7212242182302062,0.8649367930805056,0.8962075848303394,0.7835261093049545,0.7586227059364319,0.11711092293262482,0.3496025502681732,0.15710507333278656,0.40902015566825867,0.9421157684630739,0.9021956087824351,0.9221556886227544,labse_baseline,1503,0.5342648037258816,0.6892880904856953,0.7471723220226214,0.6065509049624791,0.5006713271141052,0.18039733171463013,0.18492856621742249,0.12966527044773102,0.31574276089668274,0.7984031936127745,0.8842315369261478,0.8413173652694611,0.18695941450432463,0.17564870259481036,0.14903526280771795,0.17697520434247538,0.25795137882232666,0.16467398405075073,0.09327739477157593,0.14371257485029942,0.017964071856287345,0.08083832335329333
all_462_best_model,urd,sat,urd->sat,1503,0.03592814371257485,0.16300731869594146,0.21357285429141717,0.141791941137729,0.5869148969650269,0.11876693367958069,0.34437674283981323,0.17401638627052307,0.24253815412521362,0.8469727212242182,0.7485029940119761,0.7977378576180971,labse_baseline,1503,0.007318695941450432,0.023286759813705923,0.0332667997338656,0.02467593030224605,0.04890555515885353,0.11875199526548386,0.0015053206589072943,0.0773269459605217,0.04740023449994624,0.46174318030605455,0.6739853626081171,0.5678642714570858,0.028609447771124417,0.13972055888223553,0.18030605455755158,0.11711601083548295,0.5380093418061733,0.34287142218090594,0.1951379196252674,0.38522954091816364,0.07451763140385892,0.22987358616101128
all_462_best_model,urd,snd,urd->snd,1503,0.7025948103792415,0.8476380572188955,0.8888888888888888,0.7694668207997658,0.7566208839416504,0.1190725639462471,0.34564512968063354,0.15207859873771667,0.41097575426101685,0.9434464404524284,0.9048569527611444,0.9241516966067864,labse_baseline,1503,0.5043246839654025,0.6533599467731205,0.7092481703260146,0.5745844834875694,0.4943843185901642,0.19271527230739594,0.17870992422103882,0.13021600246429443,0.31567439436912537,0.7884231536926147,0.8795741849634066,0.8339986693280106,0.198270126413839,0.19427811044577503,0.17964071856287422,0.1948823373121964,0.2622365653514862,0.16693520545959473,0.09530135989189148,0.1550232867598137,0.02528276779773786,0.09015302727877583
all_462_best_model,urd,tam,urd->tam,1503,0.8330006653359947,0.9121756487025948,0.9328010645375915,0.8710354967978591,0.8238025903701782,0.11214825510978699,0.36473098397254944,0.15007637441158295,0.4590716063976288,0.9514304723885563,0.9288090485695276,0.9401197604790419,labse_baseline,1503,0.8749168330006654,0.936127744510978,0.9514304723885563,0.9042468867417154,0.7846515774726868,0.12522144615650177,0.3687523901462555,0.1183818131685257,0.4158991873264313,0.927478376580173,0.9507651363938789,0.939121756487026,-0.041916167664670656,-0.0239520958083832,-0.018629407850964785,-0.033211389943856306,0.039151012897491455,-0.004021406173706055,0.04317241907119751,0.02395209580838331,-0.021956087824351322,0.0009980039920158834
all_462_best_model,urd,tel,urd->tel,1503,0.9248170326014638,0.9760479041916168,0.9840319361277445,0.9475807460427679,0.8707506656646729,0.08598417788743973,0.36876600980758667,0.15035153925418854,0.5019846558570862,0.9833666001330672,0.9481037924151696,0.9657351962741184,labse_baseline,1503,0.9341317365269461,0.9747172322022621,0.9833666001330672,0.95405716150261,0.8339799642562866,0.10563331842422485,0.3727929890155792,0.12006498873233795,0.4611869752407074,0.9640718562874252,0.9640718562874252,0.9640718562874252,-0.009314703925482393,0.0013306719893546592,0.0006653359946773296,-0.006476415459842122,0.03677070140838623,-0.004026979207992554,0.040797680616378784,0.019294743845642004,-0.015968063872255578,0.001663339986693213
